datetime,open,high,low,close,volume
2026-03-10T19:00:00+00:00,8721.97,8737.98,8719.46,8719.97,2156
2026-03-10T19:30:00+00:00,8719.97,8728.48,8707.46,8716.78,1802
2026-03-10T20:00:00+00:00,8716.78,8720.78,8711.78,8718.78,419.76337310224403
2026-03-10T20:30:00+00:00,8718.78,8720.78,8718.78,8720.78,21.857795431976164
2026-03-10T22:30:00+00:00,8720.78,8729.47,8719.78,8729.47,136.08155699721965
2026-03-10T23:00:00+00:00,8729.47,8735.87,8714.36,8714.86,1110
2026-03-10T23:30:00+00:00,8714.86,8718.37,8705.35,8711.87,821
2026-03-11T00:00:00+00:00,8711.87,8758.85,8711.87,8748.87,2035
2026-03-11T00:30:00+00:00,8748.87,8748.87,8724.86,8724.87,845
2026-03-11T01:00:00+00:00,8724.87,8736.37,8721.85,8733.85,970
2026-03-11T01:30:00+00:00,8733.85,8740.86,8717.85,8722.37,729
2026-03-11T02:00:00+00:00,8722.37,8725.87,8718.35,8723.87,504
2026-03-11T02:30:00+00:00,8723.87,8727.86,8719.85,8727.85,452
2026-03-11T03:00:00+00:00,8727.85,8737.85,8725.86,8735.86,402
2026-03-11T03:30:00+00:00,8735.86,8749.87,8734.87,8746.87,260
2026-03-11T04:00:00+00:00,8746.87,8746.87,8730.85,8733.35,355
2026-03-11T04:30:00+00:00,8733.35,8741.86,8731.87,8738.85,473
2026-03-11T05:00:00+00:00,8738.85,8743.47,8727.45,8727.76,853
2026-03-11T06:00:00+00:00,8724.76,8724.76,8703.95,8707.47,270
2026-03-11T06:30:00+00:00,8707.47,8714.46,8704.95,8706.95,150
2026-03-11T07:00:00+00:00,8706.95,8709.97,8688.45,8688.95,543
2026-03-11T07:30:00+00:00,8688.95,8690.47,8670.95,8676.45,674
2026-03-11T08:00:00+00:00,8676.45,8680.96,8661.47,8663.47,1396
2026-03-11T08:30:00+00:00,8663.47,8667.489999999998,8630.989999999998,8638.989999999998,1932
2026-03-11T09:00:00+00:00,8638.989999999998,8639.979999999998,8617.97,8624.489999999998,1421
2026-03-11T09:30:00+00:00,8624.489999999998,8633.479999999998,8618.47,8620.979999999998,1301
2026-03-11T10:00:00+00:00,8620.979999999998,8654.47,8619.979999999998,8652.489999999998,1298
2026-03-11T10:30:00+00:00,8652.489999999998,8674.97,8650.489999999998,8673.979999999998,1103
2026-03-11T11:00:00+00:00,8673.979999999998,8681.989999999998,8652.979999999998,8654.47,950
2026-03-11T11:30:00+00:00,8654.47,8657.479999999998,8638.47,8644.979999999998,1689
2026-03-11T12:00:00+00:00,8644.979999999998,8656.97,8638.479999999998,8656.489999999998,1097
2026-03-11T12:30:00+00:00,8656.489999999998,8656.489999999998,8623.489999999998,8629.47,1201
2026-03-11T13:00:00+00:00,8629.47,8651.47,8628.989999999998,8650.989999999998,1085
2026-03-11T13:30:00+00:00,8650.989999999998,8664.989999999998,8640.479999999998,8657.47,2905
2026-03-11T14:00:00+00:00,8657.47,8679.989999999998,8641.979999999998,8651.989999999998,4030
2026-03-11T14:30:00+00:00,8651.989999999998,8678.489999999998,8648.479999999998,8676.979999999998,2509
2026-03-11T15:00:00+00:00,8676.979999999998,8680.97,8644.479999999998,8645.47,2413
2026-03-11T15:30:00+00:00,8645.47,8646.979999999998,8626.97,8633.979999999998,2193
2026-03-11T16:00:00+00:00,8633.979999999998,8634.489999999998,8624.47,8629.989999999998,1952
2026-03-11T16:30:00+00:00,8629.989999999998,8660.489999999998,8629.989999999998,8659.479999999998,1436
2026-03-11T17:00:00+00:00,8659.479999999998,8664.97,8649.97,8658.979999999998,1113
2026-03-11T17:30:00+00:00,8658.979999999998,8660.989999999998,8628.989999999998,8648.479999999998,3013
2026-03-11T18:00:00+00:00,8648.479999999998,8658.979999999998,8641.479999999998,8657.479999999998,1487
2026-03-11T18:30:00+00:00,8657.479999999998,8665.97,8655.989999999998,8659.979999999998,909
2026-03-11T19:00:00+00:00,8659.979999999998,8665.489999999998,8653.489999999998,8661.97,909
2026-03-11T19:30:00+00:00,8661.97,8674.789999999999,8660.479999999998,8674.789999999999,625
2026-03-11T20:00:00+00:00,8674.789999999999,8674.789999999999,8661.59,8661.59,440.87302415110105
2026-03-11T20:30:00+00:00,8661.59,8661.59,8653.59,8653.59,344.88503017236644
2026-03-11T22:30:00+00:00,8653.59,8653.59,8598.539999999999,8616.56,235.21095141940847
2026-03-11T23:00:00+00:00,8616.56,8628.96,8609.46,8612.96,1880
2026-03-11T23:30:00+00:00,8612.96,8612.96,8593.94,8597.94,1831
2026-03-12T00:00:00+00:00,8597.94,8598.46,8571.94,8580.449999999999,1769
2026-03-12T00:30:00+00:00,8580.449999999999,8597.44,8580.449999999999,8594.96,910
2026-03-12T01:00:00+00:00,8594.96,8607.46,8588.94,8607.46,1238
2026-03-12T01:30:00+00:00,8607.46,8609.949999999999,8588.96,8594.96,807
2026-03-12T02:00:00+00:00,8594.96,8598.449999999999,8581.94,8585.96,804
2026-03-12T02:30:00+00:00,8585.96,8585.96,8564.949999999999,8565.44,980
2026-03-12T03:00:00+00:00,8565.44,8575.94,8564.94,8568.94,597
2026-03-12T03:30:00+00:00,8568.94,8570.949999999999,8563.449999999999,8570.949999999999,810
2026-03-12T04:00:00+00:00,8570.949999999999,8584.949999999999,8566.949999999999,8584.46,586
2026-03-12T04:30:00+00:00,8584.46,8585.96,8576.949999999999,8581.949999999999,627
2026-03-12T05:00:00+00:00,8581.949999999999,8600.039999999999,8581.039999999999,8590.36,1269
2026-03-12T06:00:00+00:00,8614.54,8625.74,8609.23,8623.24,337
2026-03-12T06:30:00+00:00,8623.24,8632.24,8622.72,8631.72,311
2026-03-12T07:00:00+00:00,8631.72,8642.22,8631.72,8639.23,510
2026-03-12T07:30:00+00:00,8639.23,8659.24,8633.73,8659.24,588
2026-03-12T08:00:00+00:00,8659.24,8666.73,8653.73,8653.73,1348
2026-03-12T08:30:00+00:00,8653.73,8668.23,8644.24,8661.72,1100
2026-03-12T09:00:00+00:00,8661.72,8664.24,8636.74,8653.23,1214
2026-03-12T09:30:00+00:00,8653.23,8670.74,8652.74,8670.24,1259
2026-03-12T10:00:00+00:00,8670.24,8674.24,8663.72,8665.72,874
2026-03-12T10:30:00+00:00,8665.72,8674.74,8664.23,8669.24,865
2026-03-12T11:00:00+00:00,8669.24,8676.72,8661.22,8676.22,776
2026-03-12T11:30:00+00:00,8676.22,8690.22,8673.72,8674.24,877
2026-03-12T12:00:00+00:00,8674.24,8676.73,8652.24,8660.22,1265
2026-03-12T12:30:00+00:00,8660.22,8662.23,8649.73,8662.23,1469
2026-03-12T13:00:00+00:00,8662.23,8669.74,8636.24,8654.72,2122
2026-03-12T13:30:00+00:00,8654.72,8661.22,8623.72,8636.22,4736
2026-03-12T14:00:00+00:00,8636.22,8657.72,8622.72,8622.72,3737
2026-03-12T14:30:00+00:00,8622.72,8625.23,8594.72,8597.74,3609
2026-03-12T15:00:00+00:00,8597.74,8598.74,8559.23,8581.74,2923
2026-03-12T15:30:00+00:00,8581.74,8598.23,8568.72,8591.24,4500
2026-03-12T16:00:00+00:00,8591.24,8597.22,8572.23,8577.72,3420
2026-03-12T16:30:00+00:00,8577.72,8594.24,8570.73,8583.73,2816
2026-03-12T17:00:00+00:00,8583.73,8601.23,8582.72,8594.73,2278
2026-03-12T17:30:00+00:00,8594.73,8608.24,8583.72,8589.72,1795
2026-03-12T18:00:00+00:00,8589.72,8608.72,8589.72,8601.24,1610
2026-03-12T18:30:00+00:00,8601.24,8605.74,8593.72,8594.74,1429
2026-03-12T19:00:00+00:00,8594.74,8600.24,8579.72,8595.74,1393
2026-03-12T19:30:00+00:00,8595.74,8603.24,8583.72,8588.03,1165
2026-03-12T20:00:00+00:00,8588.03,8591.03,8581.03,8587.03,636.6169823012556
2026-03-12T20:30:00+00:00,8587.03,8587.03,8583.03,8583.03,415.4153233442592
2026-03-12T22:30:00+00:00,8583.03,8584.02,8570.01,8575.51,233.03510696653868
2026-03-12T23:00:00+00:00,8575.51,8595.42,8575.41,8588.9,1281
2026-03-12T23:30:00+00:00,8588.9,8599.9,8585.9,8595.92,928
2026-03-13T00:00:00+00:00,8595.92,8638.41,8589.4,8631.42,1652
2026-03-13T00:30:00+00:00,8631.42,8634.41,8622.4,8631.9,811
2026-03-13T01:00:00+00:00,8631.9,8656.92,8631.42,8643.9,890
2026-03-13T01:30:00+00:00,8643.9,8648.42,8625.41,8626.41,613
2026-03-13T02:00:00+00:00,8626.41,8637.91,8623.9,8629.4,589
2026-03-13T02:30:00+00:00,8629.4,8635.92,8626.42,8631.9,608
2026-03-13T03:00:00+00:00,8631.9,8635.92,8618.42,8619.91,610.9348404255319
2026-03-13T03:30:00+00:00,8619.91,8627.42,8615.9,8619.91,523.8044754218636
2026-03-13T04:00:00+00:00,8619.91,8624.91,8604.92,8605.4,454
2026-03-13T04:30:00+00:00,8605.4,8611.41,8601.41,8606.91,653
2026-03-13T05:00:00+00:00,8606.91,8612.5,8593.52,8596.82,904
2026-03-13T06:00:00+00:00,8602.82,8607.51,8592,8594.51,335
2026-03-13T06:30:00+00:00,8594.51,8597.52,8579.5,8580.52,379
2026-03-13T07:00:00+00:00,8580.52,8581.01,8537,8551.51,1154
2026-03-13T07:30:00+00:00,8551.51,8558.51,8532,8537.51,1056
2026-03-13T08:00:00+00:00,8537.51,8541.52,8501,8502.51,2733
2026-03-13T08:30:00+00:00,8502.51,8543.52,8502.51,8540.51,2152
2026-03-13T09:00:00+00:00,8540.51,8553.52,8534,8543.51,1602
2026-03-13T09:30:00+00:00,8543.51,8555.02,8533,8553.01,1117
2026-03-13T10:00:00+00:00,8553.01,8579.02,8550.5,8572.51,1000
2026-03-13T10:30:00+00:00,8572.51,8585.52,8564.01,8585.52,1142
2026-03-13T11:00:00+00:00,8585.52,8596.5,8579.5,8591,1258
2026-03-13T11:30:00+00:00,8591,8602.52,8589,8601.02,910
2026-03-13T12:00:00+00:00,8601.02,8610.5,8589.51,8592.52,854
2026-03-13T12:30:00+00:00,8592.52,8624.52,8592.52,8609.52,1988
2026-03-13T13:00:00+00:00,8609.52,8618.51,8605.5,8617.52,1178
2026-03-13T13:30:00+00:00,8617.52,8642.01,8617.01,8620,2736
2026-03-13T14:00:00+00:00,8620,8624.52,8591.5,8601.52,2601
2026-03-13T14:30:00+00:00,8601.52,8615.52,8567.5,8569.02,3263
2026-03-13T15:00:00+00:00,8569.02,8585.52,8562.02,8564.02,3147
2026-03-13T15:30:00+00:00,8564.02,8571.52,8545,8547.52,3557
2026-03-13T16:00:00+00:00,8547.52,8564.01,8544.02,8557.02,2978
2026-03-13T16:30:00+00:00,8557.02,8568.52,8548.51,8553.5,3112
2026-03-13T17:00:00+00:00,8553.5,8569.02,8550,8561.52,2383
2026-03-13T17:30:00+00:00,8561.52,8565.01,8544,8546.5,2571
2026-03-13T18:00:00+00:00,8546.5,8553.51,8540.5,8549.01,1718
2026-03-13T18:30:00+00:00,8549.01,8571.02,8547.5,8568,1455
2026-03-13T19:00:00+00:00,8568,8568.02,8540,8542.01,1193
2026-03-13T19:30:00+00:00,8542.01,8547.02,8529,8541.8,1109
2026-03-13T20:00:00+00:00,8541.8,8542.8,8532.8,8539.8,590.1054282671704
2026-03-13T20:30:00+00:00,8539.8,8544.8,8539.8,8542.8,281.6814046826693
2026-03-15T22:30:00+00:00,8542.8,8568.64,8542.8,8564.12,417
2026-03-15T23:00:00+00:00,8564.12,8592.54,8564.12,8575.03,2258
2026-03-15T23:30:00+00:00,8575.03,8582.54,8560.54,8577.52,1781
2026-03-16T00:00:00+00:00,8577.52,8612.54,8575.52,8609.04,2055
2026-03-16T00:30:00+00:00,8609.04,8619.53,8602.53,8614.02,1031
2026-03-16T01:00:00+00:00,8614.02,8617.53,8577.52,8579.54,1312
2026-03-16T01:30:00+00:00,8579.54,8591.54,8571.52,8591.03,1420
2026-03-16T02:00:00+00:00,8591.03,8591.53,8569.53,8572.04,1059
2026-03-16T02:30:00+00:00,8572.04,8574.53,8567.53,8569.54,744
2026-03-16T03:00:00+00:00,8569.54,8576.54,8566.52,8572.53,681
2026-03-16T03:30:00+00:00,8572.53,8585.54,8572.52,8584.53,558
2026-03-16T04:00:00+00:00,8584.53,8590.54,8581.53,8587.53,465
2026-03-16T04:30:00+00:00,8587.53,8587.53,8573.53,8574.03,530
2026-03-16T05:00:00+00:00,8574.03,8583.64,8572.62,8577.44,735
2026-03-16T06:00:00+00:00,8576.44,8590.14,8576.44,8579.12,259
2026-03-16T06:30:00+00:00,8579.12,8589.63,8579.12,8588.12,100.68366067644371
2026-03-16T07:00:00+00:00,8588.12,8593.64,8569.12,8570.63,464
2026-03-16T07:30:00+00:00,8570.63,8573.64,8562.63,8565.13,665
2026-03-16T08:00:00+00:00,8565.13,8576.63,8554.13,8559.13,2171
2026-03-16T08:30:00+00:00,8559.13,8564.63,8540.62,8550.63,1731
2026-03-16T09:00:00+00:00,8550.63,8558.14,8538.12,8548.64,1920
2026-03-16T09:30:00+00:00,8548.64,8548.64,8532.12,8535.13,1581
2026-03-16T10:00:00+00:00,8535.13,8559.64,8532.12,8557.14,1542
2026-03-16T10:30:00+00:00,8557.14,8574.14,8553.12,8573.62,1084
2026-03-16T11:00:00+00:00,8573.62,8574.14,8566.62,8569.62,762
2026-03-16T11:30:00+00:00,8569.62,8584.63,8565.62,8584.14,894
2026-03-16T12:00:00+00:00,8584.14,8607.14,8584.12,8605.14,644
2026-03-16T12:30:00+00:00,8605.14,8615.64,8601.12,8603.14,926
2026-03-16T13:00:00+00:00,8603.14,8611.13,8602.62,8607.62,746
2026-03-16T13:30:00+00:00,8607.62,8648.63,8602.12,8648.62,1755
2026-03-16T14:00:00+00:00,8648.62,8658.13,8641.12,8641.63,1683
2026-03-16T14:30:00+00:00,8641.63,8642.14,8616.12,8638.12,2664
2026-03-16T15:00:00+00:00,8638.12,8639.64,8625.64,8632.12,2045
2026-03-16T15:30:00+00:00,8632.12,8638.64,8612.62,8613.64,1533
2026-03-16T16:00:00+00:00,8613.64,8621.14,8597.62,8600.13,2237
2026-03-16T16:30:00+00:00,8600.13,8617.14,8595.63,8607.64,2038
2026-03-16T17:00:00+00:00,8607.64,8626.63,8607.64,8624.13,1707
2026-03-16T17:30:00+00:00,8624.13,8627.64,8606.62,8616.12,1512
2026-03-16T18:00:00+00:00,8616.12,8633.64,8616.12,8633.13,1149
2026-03-16T18:30:00+00:00,8633.13,8638.64,8631.13,8632.12,659
2026-03-16T19:00:00+00:00,8632.12,8645.63,8620.13,8622.62,1049
2026-03-16T19:30:00+00:00,8622.62,8644.43,8614.62,8644.43,731
2026-03-16T20:00:00+00:00,8644.43,8645.43,8643.43,8644.43,45.65770325846252
2026-03-16T20:30:00+00:00,8644.43,8644.43,8643.43,8644.43,17.295081967213118
2026-03-16T22:30:00+00:00,8644.43,8644.43,8618.5,8620.7,219.351105684439
2026-03-16T23:00:00+00:00,8620.7,8634.61,8605.62,8610.11,1355
2026-03-16T23:30:00+00:00,8610.11,8625.61,8603.62,8615.11,989
2026-03-17T00:00:00+00:00,8615.11,8615.6,8581.61,8583.62,992
2026-03-17T00:30:00+00:00,8583.62,8593.61,8579.1,8582.11,725
2026-03-17T01:00:00+00:00,8582.11,8588.12,8577.6,8582.6,603
2026-03-17T01:30:00+00:00,8582.6,8596.11,8580.6,8588.62,684
2026-03-17T02:00:00+00:00,8588.62,8590.62,8577.61,8580.1,499
2026-03-17T02:30:00+00:00,8580.1,8588.6,8572.6,8572.62,688
2026-03-17T03:00:00+00:00,8572.62,8597.62,8571.61,8596.61,561
2026-03-17T03:30:00+00:00,8596.61,8619.61,8586.11,8603.1,1517
2026-03-17T04:00:00+00:00,8603.1,8614.61,8599.61,8614.12,683
2026-03-17T04:30:00+00:00,8614.12,8621.62,8611.12,8614.1,895
2026-03-17T05:00:00+00:00,8614.1,8614.72,8601.72,8604.5,925
2026-03-17T06:00:00+00:00,8605,8605,8560.01,8571.2,568
2026-03-17T06:30:00+00:00,8571.2,8574.21,8564.7,8565.72,275
2026-03-17T07:00:00+00:00,8565.72,8581.72,8558.2,8580.71,848
2026-03-17T07:30:00+00:00,8580.71,8587.72,8578.7,8587.21,440
2026-03-17T08:00:00+00:00,8587.21,8602.22,8586.7,8590.21,1493
2026-03-17T08:30:00+00:00,8590.21,8610.72,8586.2,8598.72,1279
2026-03-17T09:00:00+00:00,8598.72,8621.71,8598.21,8620.72,988
2026-03-17T09:30:00+00:00,8620.72,8629.22,8611.71,8625.7,763
2026-03-17T10:00:00+00:00,8625.7,8626.71,8600.7,8605.22,725
2026-03-17T10:30:00+00:00,8605.22,8617.7,8602.21,8614.2,629
2026-03-17T11:00:00+00:00,8614.2,8623.22,8608.7,8620.22,472
2026-03-17T11:30:00+00:00,8620.22,8622.21,8612.2,8612.71,638
2026-03-17T12:00:00+00:00,8612.71,8638.22,8611.22,8637.2,728
2026-03-17T12:30:00+00:00,8637.2,8645.72,8636.2,8645.2,494
2026-03-17T13:00:00+00:00,8645.2,8656.71,8644.7,8648.21,542
2026-03-17T13:30:00+00:00,8648.21,8667.72,8647.2,8662.71,1430
2026-03-17T14:00:00+00:00,8662.71,8666.72,8654.21,8656.22,1275
2026-03-17T14:30:00+00:00,8656.22,8669.71,8652.22,8666.22,1410
2026-03-17T15:00:00+00:00,8666.22,8666.22,8644.7,8644.7,1431
2026-03-17T15:30:00+00:00,8644.7,8650.21,8628.02,8635.71,2055
2026-03-17T16:00:00+00:00,8635.71,8640.72,8622.2,8637.22,2052
2026-03-17T16:30:00+00:00,8637.22,8638.22,8625.7,8627.21,1699
2026-03-17T17:00:00+00:00,8627.21,8635.72,8623.71,8624.71,889
2026-03-17T17:30:00+00:00,8624.71,8628.21,8616.21,8622.21,753
2026-03-17T18:00:00+00:00,8622.21,8628.7,8611.71,8612.72,595
2026-03-17T18:30:00+00:00,8612.72,8620.71,8612.2,8615.71,527
2026-03-17T19:00:00+00:00,8615.71,8618.72,8610.72,8614.2,349
2026-03-17T19:30:00+00:00,8614.2,8619.01,8611.7,8619.01,355
2026-03-17T20:00:00+00:00,8619.01,8621.01,8617.01,8617.01,291.111677030887
2026-03-17T20:30:00+00:00,8617.01,8618.01,8617.01,8618.01,39.41437444543035
2026-03-17T22:30:00+00:00,8618.01,8620.52,8611.02,8619.52,117.4639979204575
2026-03-17T23:00:00+00:00,8619.52,8625.91,8610.91,8615.43,744
2026-03-17T23:30:00+00:00,8615.43,8615.43,8598.91,8602.93,397
2026-03-18T00:00:00+00:00,8602.93,8621.91,8595.91,8617.91,714
2026-03-18T00:30:00+00:00,8617.91,8620.93,8607.91,8616.41,402
2026-03-18T01:00:00+00:00,8616.41,8638.93,8614.93,8628.43,504
2026-03-18T01:30:00+00:00,8628.43,8631.41,8621.91,8626.93,322
2026-03-18T02:00:00+00:00,8626.93,8632.93,8623.91,8625.91,312
2026-03-18T02:30:00+00:00,8625.91,8632.91,8624.91,8632.91,315
2026-03-18T03:00:00+00:00,8632.91,8639.93,8631.93,8634.43,253
2026-03-18T03:30:00+00:00,8634.43,8645.93,8632.91,8639.92,314
2026-03-18T04:00:00+00:00,8639.92,8649.92,8639.92,8641.92,263
2026-03-18T04:30:00+00:00,8641.92,8644.92,8635.92,8640.91,301.8177044261065
2026-03-18T05:00:00+00:00,8640.91,8642.03,8634.83,8634.83,404
2026-03-18T06:00:00+00:00,8634.33,8651.03,8633.31,8647.52,233
2026-03-18T06:30:00+00:00,8647.52,8649.53,8643.51,8648.01,343.84787472035794
2026-03-18T07:00:00+00:00,8648.01,8658.03,8648.01,8650.02,172.67159277504106
2026-03-18T07:30:00+00:00,8650.02,8650.03,8641.02,8645.02,140.3404255319149
2026-03-18T08:00:00+00:00,8645.02,8650.03,8640.03,8641.03,262
2026-03-18T08:30:00+00:00,8641.03,8650.51,8637.51,8648.01,221
2026-03-18T09:00:00+00:00,8648.01,8652.03,8639.51,8646.02,209
2026-03-18T09:30:00+00:00,8646.02,8654.03,8644.51,8651.02,212
2026-03-18T10:00:00+00:00,8651.02,8654.03,8646.03,8648.03,271
2026-03-18T10:30:00+00:00,8648.03,8648.51,8638.51,8640.01,132.75471698113208
2026-03-18T11:00:00+00:00,8640.01,8649.53,8622.53,8622.53,384.06888888888886
2026-03-18T11:30:00+00:00,8622.53,8638.52,8619.53,8628.51,430
2026-03-18T12:00:00+00:00,8628.51,8630.02,8591.52,8593.82,583
2026-03-18T12:30:00+00:00,8593.82,8593.82,8547.02,8548.51,984
2026-03-18T13:00:00+00:00,8548.51,8562.03,8540.03,8561.02,648
2026-03-18T13:30:00+00:00,8561.02,8567.81,8541.81,8560.02,1426
2026-03-18T14:00:00+00:00,8560.02,8577.03,8524.02,8529.01,1059
2026-03-18T14:30:00+00:00,8529.01,8538.53,8496.82,8538.02,819
2026-03-18T15:00:00+00:00,8538.02,8556.03,8534.01,8539.02,597
2026-03-18T15:30:00+00:00,8539.02,8545.52,8530.51,8537.53,688
2026-03-18T16:00:00+00:00,8537.53,8554.53,8529.01,8551.51,685
2026-03-18T16:30:00+00:00,8551.51,8551.51,8530.52,8542.03,451
2026-03-18T17:00:00+00:00,8542.03,8543.52,8529.51,8536.03,381
2026-03-18T17:30:00+00:00,8536.03,8549.02,8531.51,8541.51,685
2026-03-18T18:00:00+00:00,8541.51,8555.81,8533.01,8539.52,1073
2026-03-18T18:30:00+00:00,8539.52,8541.03,8501.81,8506.03,1322
2026-03-18T19:00:00+00:00,8506.03,8524.53,8497.51,8498.51,610
2026-03-18T19:30:00+00:00,8498.51,8504.03,8486.52,8491.31,595
2026-03-18T20:00:00+00:00,8491.31,8494.31,8475.31,8480.31,467.796504584679
2026-03-18T20:30:00+00:00,8480.31,8483.31,8478.31,8479.31,332.62102309591387
2026-03-18T22:30:00+00:00,8479.31,8483.15,8460.64,8481.65,293.26157034308085
2026-03-18T23:00:00+00:00,8481.65,8493.05,8469.05,8481.05,1109
2026-03-18T23:30:00+00:00,8481.05,8504.54,8478.53,8483.55,1447
2026-03-19T00:00:00+00:00,8483.55,8495.05,8474.05,8487.54,1507
2026-03-19T00:30:00+00:00,8487.54,8503.05,8482.54,8488.03,1445
2026-03-19T01:00:00+00:00,8488.03,8495.03,8482.03,8491.04,843
2026-03-19T01:30:00+00:00,8491.04,8496.54,8475.55,8476.04,698
2026-03-19T02:00:00+00:00,8476.04,8493.05,8466.53,8487.54,1165
2026-03-19T02:30:00+00:00,8487.54,8500.05,8485.04,8496.05,620
2026-03-19T03:00:00+00:00,8496.05,8503.55,8488.04,8490.53,479
2026-03-19T03:30:00+00:00,8490.53,8499.05,8481.05,8481.05,437
2026-03-19T04:00:00+00:00,8481.05,8483.03,8468.04,8471.54,634
2026-03-19T04:30:00+00:00,8471.54,8480.05,8469.04,8479.04,623
2026-03-19T05:00:00+00:00,8479.04,8479.04,8459.64,8467.94,776
2026-03-19T06:00:00+00:00,8479.94,8482.15,8468.65,8469.15,270
2026-03-19T06:30:00+00:00,8469.15,8471.14,8457.64,8466.64,239
2026-03-19T07:00:00+00:00,8466.64,8479.13,8451.14,8470.14,985
2026-03-19T07:30:00+00:00,8470.14,8470.14,8447.63,8453.64,1276
2026-03-19T08:00:00+00:00,8453.64,8467.64,8438.63,8441.14,2916
2026-03-19T08:30:00+00:00,8441.14,8444.65,8414.63,8421.63,2990
2026-03-19T09:00:00+00:00,8421.63,8440.65,8403.65,8408.63,3251
2026-03-19T09:30:00+00:00,8408.63,8461.15,8406.63,8456.15,3295
2026-03-19T10:00:00+00:00,8456.15,8456.15,8423.13,8429.14,1505
2026-03-19T10:30:00+00:00,8429.14,8436.15,8419.13,8423.14,1534
2026-03-19T11:00:00+00:00,8423.14,8431.13,8410.13,8420.14,1570
2026-03-19T11:30:00+00:00,8420.14,8428.15,8409.13,8423.64,1179
2026-03-19T12:00:00+00:00,8423.64,8425.15,8380.65,8386.95,2125
2026-03-19T12:30:00+00:00,8386.95,8399.15,8377.65,8390.13,2099
2026-03-19T13:00:00+00:00,8390.13,8405.14,8364.14,8382.13,2334
2026-03-19T13:30:00+00:00,8382.13,8425.95,8377.13,8424.64,6966
2026-03-19T14:00:00+00:00,8424.64,8443.65,8400.13,8407.13,3725
2026-03-19T14:30:00+00:00,8407.13,8437.13,8403.65,8419.63,3772
2026-03-19T15:00:00+00:00,8419.63,8447.14,8408.63,8416.13,2890
2026-03-19T15:30:00+00:00,8416.13,8428.65,8399.64,8426.15,3568
2026-03-19T16:00:00+00:00,8426.15,8446.15,8417.63,8428.64,3156
2026-03-19T16:30:00+00:00,8428.64,8434.15,8404.15,8415.15,2387
2026-03-19T17:00:00+00:00,8415.15,8425.64,8400.13,8421.63,1570
2026-03-19T17:30:00+00:00,8421.63,8429.13,8414.14,8421.64,1400
2026-03-19T18:00:00+00:00,8421.64,8439.65,8417.65,8425.64,1344
2026-03-19T18:30:00+00:00,8425.64,8462.65,8420.64,8461.13,1229
2026-03-19T19:00:00+00:00,8461.13,8505.65,8459.63,8480.63,5775
2026-03-19T19:30:00+00:00,8480.63,8488.64,8465.14,8481.44,2443
2026-03-19T20:00:00+00:00,8481.44,8496.44,8479.44,8494.44,615.1327500405134
2026-03-19T20:30:00+00:00,8494.44,8496.44,8490.44,8494.44,481.3570125727559
2026-03-19T22:30:00+00:00,8494.44,8494.640000000001,8485.35,8486.86,260.35538461538465
2026-03-19T23:00:00+00:00,8486.86,8506.26,8473.74,8477.74,1381
2026-03-19T23:30:00+00:00,8477.74,8484.26,8472.26,8476.24,909
2026-03-20T00:00:00+00:00,8476.24,8482.26,8462.74,8467.25,1585
2026-03-20T00:30:00+00:00,8467.25,8478.25,8457.25,8457.76,1031
2026-03-20T01:00:00+00:00,8457.76,8465.24,8446.74,8464.25,1279
2026-03-20T01:30:00+00:00,8464.25,8495.24,8458.25,8479.74,1067
2026-03-20T02:00:00+00:00,8479.74,8495.76,8475.74,8487.25,649
2026-03-20T02:30:00+00:00,8487.25,8487.26,8470.24,8472.24,529
2026-03-20T03:00:00+00:00,8472.24,8474.26,8460.24,8466.25,488
2026-03-20T03:30:00+00:00,8466.25,8469.26,8456.76,8463.25,457
2026-03-20T04:00:00+00:00,8463.25,8468.26,8446.74,8455.24,499
2026-03-20T04:30:00+00:00,8455.24,8457.26,8444.75,8446.26,445
2026-03-20T05:00:00+00:00,8446.26,8459.35,8417.34,8455.640000000001,1568
2026-03-20T06:00:00+00:00,8446.54,8450.26,8434.74,8435.74,221
2026-03-20T06:30:00+00:00,8435.74,8439.74,8428.74,8431.25,151.15800865800867
2026-03-20T07:00:00+00:00,8431.25,8450.76,8419.76,8449.26,477
2026-03-20T07:30:00+00:00,8449.26,8473.76,8448.75,8470.75,437
2026-03-20T08:00:00+00:00,8470.75,8488.74,8463.74,8476.74,1536
2026-03-20T08:30:00+00:00,8476.74,8482.76,8464.74,8468.24,1592
2026-03-20T09:00:00+00:00,8468.24,8471.75,8440.75,8441.76,1701
2026-03-20T09:30:00+00:00,8441.76,8451.76,8412.74,8418.76,2482
2026-03-20T10:00:00+00:00,8418.76,8421.76,8380.24,8393.76,3121
2026-03-20T10:30:00+00:00,8393.76,8418.76,8392.26,8406.24,2119
2026-03-20T11:00:00+00:00,8406.24,8442.25,8404.74,8431.26,2090
2026-03-20T11:30:00+00:00,8431.26,8441.76,8424.76,8440.26,1798
2026-03-20T12:00:00+00:00,8440.26,8452.76,8430.74,8442.24,2261
2026-03-20T12:30:00+00:00,8442.24,8446.26,8423.74,8440.76,2001
2026-03-20T13:00:00+00:00,8440.76,8444.25,8420.24,8426.26,1873
2026-03-20T13:30:00+00:00,8426.26,8431.24,8379.74,8380.74,4709
2026-03-20T14:00:00+00:00,8380.74,8382.26,8324.26,8329.25,3733
2026-03-20T14:30:00+00:00,8329.25,8353.75,8315.04,8324.24,4920
2026-03-20T15:00:00+00:00,8324.24,8351.24,8309.74,8317.26,4810
2026-03-20T15:30:00+00:00,8317.26,8335.26,8316.26,8326.74,4109
2026-03-20T16:00:00+00:00,8326.74,8340.76,8314.24,8315.75,3041
2026-03-20T16:30:00+00:00,8315.75,8323.24,8299.25,8314.26,2719
2026-03-20T17:00:00+00:00,8314.26,8321.75,8300.24,8311.26,2785
2026-03-20T17:30:00+00:00,8311.26,8315.75,8292.76,8312.24,1820
2026-03-20T18:00:00+00:00,8312.24,8316.76,8266.06,8288.24,2426
2026-03-20T18:30:00+00:00,8288.24,8290.76,8270.24,8276.26,1764
2026-03-20T19:00:00+00:00,8276.26,8284.26,8258.74,8266.25,1533
2026-03-20T19:30:00+00:00,8266.25,8293.76,8250.74,8287.54,1854
2026-03-20T20:00:00+00:00,8287.54,8294.54,8278.54,8289.54,777.7270109654913
2026-03-20T20:30:00+00:00,8289.54,8291.54,8284.54,8285.54,195.66633085341334
2026-03-22T22:30:00+00:00,8285.54,8285.54,8269.59,8272.59,263
2026-03-22T23:00:00+00:00,8272.59,8292.49,8263,8275.49,2461
2026-03-22T23:30:00+00:00,8275.49,8299.51,8267.99,8294.49,2136
2026-03-23T00:00:00+00:00,8294.49,8329.49,8286.49,8316.51,3356
2026-03-23T00:30:00+00:00,8316.51,8316.51,8278.99,8296,3234
2026-03-23T01:00:00+00:00,8296,8344.01,8296,8336.99,2960
2026-03-23T01:30:00+00:00,8336.99,8366.49,8332.5,8359.01,2550
2026-03-23T02:00:00+00:00,8359.01,8396.01,8358.49,8384,2371
2026-03-23T02:30:00+00:00,8384,8385.51,8358.51,8359.5,1569
2026-03-23T03:00:00+00:00,8359.5,8373.5,8355.5,8357.01,1536
2026-03-23T03:30:00+00:00,8357.01,8368.51,8348.99,8350.99,1660
2026-03-23T04:00:00+00:00,8350.99,8371.5,8350.99,8369.49,1442
2026-03-23T04:30:00+00:00,8369.49,8384.51,8366,8373.5,1092
2026-03-23T05:00:00+00:00,8373.5,8384.11,8356.1,8364.9,1447
2026-03-23T06:00:00+00:00,8366.9,8366.9,8349.6,8350.6,403
2026-03-23T06:30:00+00:00,8350.6,8352.11,8326.1,8331.11,481
2026-03-23T07:00:00+00:00,8331.11,8350.61,8313.1,8320.61,2040
2026-03-23T07:30:00+00:00,8320.61,8340.61,8319.59,8324.09,2422
2026-03-23T08:00:00+00:00,8324.09,8337.61,8316.59,8317.1,5630
2026-03-23T08:30:00+00:00,8317.1,8334.1,8304.59,8315.11,3990
2026-03-23T09:00:00+00:00,8315.11,8336.11,8299.6,8326.09,3832
2026-03-23T09:30:00+00:00,8326.09,8326.61,8294.11,8300.11,2607
2026-03-23T10:00:00+00:00,8300.11,8312.11,8290.09,8291.6,2931
2026-03-23T10:30:00+00:00,8291.6,8320.09,8289.59,8303.59,2835
2026-03-23T11:00:00+00:00,8303.59,8608.41,8303.59,8510.6,7797
2026-03-23T11:30:00+00:00,8510.6,8557.09,8462.41,8478.6,7619
2026-03-23T12:00:00+00:00,8478.6,8529.09,8455.4,8517.6,5654
2026-03-23T12:30:00+00:00,8517.6,8554.1,8499.1,8545.09,6409
2026-03-23T13:00:00+00:00,8545.09,8554.59,8511.59,8513.1,3332
2026-03-23T13:30:00+00:00,8513.1,8542.6,8488.59,8540.6,7084
2026-03-23T14:00:00+00:00,8540.6,8563.11,8529.59,8548.61,3691
2026-03-23T14:30:00+00:00,8548.61,8564.11,8521.59,8559.59,3889
2026-03-23T15:00:00+00:00,8559.59,8579.11,8551.09,8551.6,3240
2026-03-23T15:30:00+00:00,8551.6,8560.09,8490.11,8493.1,3909
2026-03-23T16:00:00+00:00,8493.1,8514.6,8470.41,8474.59,3983
2026-03-23T16:30:00+00:00,8474.59,8511.61,8469.6,8496.6,4028
2026-03-23T17:00:00+00:00,8496.6,8507.61,8483.09,8506.6,2724
2026-03-23T17:30:00+00:00,8506.6,8540.59,8506.09,8527.59,2786
2026-03-23T18:00:00+00:00,8527.59,8531.11,8503.1,8514.6,2583
2026-03-23T18:30:00+00:00,8514.6,8546.6,8514.6,8532.11,1656
2026-03-23T19:00:00+00:00,8532.11,8533.1,8507.59,8510.6,1228
2026-03-23T19:30:00+00:00,8510.6,8530.11,8508.09,8518.39,1248
2026-03-23T20:00:00+00:00,8518.39,8520.39,8515.39,8516.39,72.7394540942928
2026-03-23T20:30:00+00:00,8516.39,8517.39,8515.39,8516.39,49.607133558969025
2026-03-23T22:30:00+00:00,8516.39,8524.15,8511.14,8511.14,236.10685697024618
2026-03-23T23:00:00+00:00,8511.14,8512.05,8459.54,8470.56,1434
2026-03-23T23:30:00+00:00,8470.56,8473.06,8431.54,8438.04,996
2026-03-24T00:00:00+00:00,8438.04,8447.56,8412.54,8429.04,2053
2026-03-24T00:30:00+00:00,8429.04,8433.55,8382.54,8403.56,1973
2026-03-24T01:00:00+00:00,8403.56,8404.56,8374.04,8400.06,1302
2026-03-24T01:30:00+00:00,8400.06,8401.55,8373.54,8391.05,1167
2026-03-24T02:00:00+00:00,8391.05,8410.56,8388.04,8400.56,1133
2026-03-24T02:30:00+00:00,8400.56,8412.56,8390.54,8391.56,798
2026-03-24T03:00:00+00:00,8391.56,8402.56,8383.54,8398.56,843
2026-03-24T03:30:00+00:00,8398.56,8401.56,8385.54,8400.56,765
2026-03-24T04:00:00+00:00,8400.56,8410.06,8386.54,8388.56,725
2026-03-24T04:30:00+00:00,8388.56,8400.56,8384.05,8396.05,671
2026-03-24T05:00:00+00:00,8396.05,8398.14,8366.14,8367.95,1668
2026-03-24T06:00:00+00:00,8369.95,8408.15,8369.95,8407.66,298
2026-03-24T06:30:00+00:00,8407.66,8419.64,8406.64,8417.15,278
2026-03-24T07:00:00+00:00,8417.15,8456.66,8415.14,8447.14,1605
2026-03-24T07:30:00+00:00,8447.14,8448.15,8435.65,8444.15,1648
2026-03-24T08:00:00+00:00,8444.15,8455.16,8415.14,8416.64,3527
2026-03-24T08:30:00+00:00,8416.64,8429.16,8406.15,8408.66,3830
2026-03-24T09:00:00+00:00,8408.66,8416.65,8382.14,8400.15,2976
2026-03-24T09:30:00+00:00,8400.15,8424.16,8395.14,8418.15,2276
2026-03-24T10:00:00+00:00,8418.15,8423.66,8401.66,8410.14,2240
2026-03-24T10:30:00+00:00,8410.14,8426.64,8402.15,8414.65,1707
2026-03-24T11:00:00+00:00,8414.65,8422.64,8403.66,8409.15,1966
2026-03-24T11:30:00+00:00,8409.15,8418.66,8383.14,8416.64,2585
2026-03-24T12:00:00+00:00,8416.64,8419.65,8394.65,8398.64,1747
2026-03-24T12:30:00+00:00,8398.64,8399.64,8371.15,8377.14,2477
2026-03-24T13:00:00+00:00,8377.14,8387.16,8359.44,8370.15,2994
2026-03-24T13:30:00+00:00,8370.15,8393.66,8360.15,8393.66,5472
2026-03-24T14:00:00+00:00,8393.66,8428.65,8391.65,8415.16,4973
2026-03-24T14:30:00+00:00,8415.16,8455.16,8409.66,8436.64,6659
2026-03-24T15:00:00+00:00,8436.64,8464.66,8436.15,8457.66,4190
2026-03-24T15:30:00+00:00,8457.66,8462.15,8436.14,8436.15,2634
2026-03-24T16:00:00+00:00,8436.15,8457.14,8433.64,8456.16,2827
2026-03-24T16:30:00+00:00,8456.16,8459.16,8432.14,8445.15,2865
2026-03-24T17:00:00+00:00,8445.15,8447.16,8408.14,8420.14,4036
2026-03-24T17:30:00+00:00,8420.14,8432.16,8407.64,8430.66,3623
2026-03-24T18:00:00+00:00,8430.66,8438.16,8421.16,8432.64,2726
2026-03-24T18:30:00+00:00,8432.64,8457.16,8431.66,8437.14,2416
2026-03-24T19:00:00+00:00,8437.14,8453.16,8437.14,8443.14,1345
2026-03-24T19:30:00+00:00,8443.14,8445.16,8420.14,8423.44,1030
2026-03-24T20:00:00+00:00,8423.44,8430.44,8422.44,8430.44,302.22660281196755
2026-03-24T20:30:00+00:00,8430.44,8431.44,8428.44,8429.44,54.65546218487395
2026-03-24T22:30:00+00:00,8429.44,8501.13,8428.94,8499.12,290.64333311341295
2026-03-24T23:00:00+00:00,8499.12,8510.53,8476.51,8505.02,1750
2026-03-24T23:30:00+00:00,8505.02,8509.52,8491.03,8508.03,1538
2026-03-25T00:00:00+00:00,8508.03,8543.53,8501.51,8523.41,2512
2026-03-25T00:30:00+00:00,8523.41,8573.53,8523.41,8568.52,2253
2026-03-25T01:00:00+00:00,8568.52,8571.52,8554.01,8562.51,1952
2026-03-25T01:30:00+00:00,8562.51,8573.53,8556.51,8557.03,1326
2026-03-25T02:00:00+00:00,8557.03,8557.52,8539.51,8549.53,1443
2026-03-25T02:30:00+00:00,8549.53,8553.53,8536.02,8537.52,904
2026-03-25T03:00:00+00:00,8537.52,8548.52,8527.51,8529.03,939
2026-03-25T03:30:00+00:00,8529.03,8538.51,8520.51,8537.52,805
2026-03-25T04:00:00+00:00,8537.52,8547.51,8536.51,8546.01,639
2026-03-25T04:30:00+00:00,8546.01,8547.52,8531.51,8533.02,743
2026-03-25T05:00:00+00:00,8533.02,8545.13,8525.11,8535.91,1248
2026-03-25T06:00:00+00:00,8528.91,8529.13,8513.12,8520.61,468
2026-03-25T06:30:00+00:00,8520.61,8525.13,8515.11,8522.61,219
2026-03-25T07:00:00+00:00,8522.61,8533.13,8516.11,8521.11,900
2026-03-25T07:30:00+00:00,8521.11,8543.13,8519.12,8540.11,1115
2026-03-25T08:00:00+00:00,8540.11,8575.13,8538.61,8569.61,2377
2026-03-25T08:30:00+00:00,8569.61,8579.11,8551.63,8555.61,2572
2026-03-25T09:00:00+00:00,8555.61,8569.62,8548.11,8552.62,1673
2026-03-25T09:30:00+00:00,8552.62,8563.13,8540.12,8556.62,2095
2026-03-25T10:00:00+00:00,8556.62,8576.13,8556.62,8562.11,1801
2026-03-25T10:30:00+00:00,8562.11,8576.12,8559.63,8569.12,1363
2026-03-25T11:00:00+00:00,8569.12,8585.13,8568.12,8578.61,1219
2026-03-25T11:30:00+00:00,8578.61,8589.62,8569.13,8584.62,1806
2026-03-25T12:00:00+00:00,8584.62,8597.13,8549.62,8552.63,3532
2026-03-25T12:30:00+00:00,8552.63,8567.12,8535.61,8558.13,2120
2026-03-25T13:00:00+00:00,8558.13,8573.63,8554.11,8562.62,1976
2026-03-25T13:30:00+00:00,8562.62,8574.13,8532.61,8534.11,6175
2026-03-25T14:00:00+00:00,8534.11,8564.13,8526.61,8555.63,5303
2026-03-25T14:30:00+00:00,8555.63,8570.63,8549.61,8559.12,3406
2026-03-25T15:00:00+00:00,8559.12,8561.61,8511.11,8557.13,4277
2026-03-25T15:30:00+00:00,8557.13,8559.63,8538.12,8545.61,2940
2026-03-25T16:00:00+00:00,8545.61,8555.13,8532.11,8551.13,3469
2026-03-25T16:30:00+00:00,8551.13,8564.12,8548.61,8558.12,2628
2026-03-25T17:00:00+00:00,8558.12,8567.12,8551.61,8563.62,1778
2026-03-25T17:30:00+00:00,8563.62,8575.12,8552.11,8557.11,2267
2026-03-25T18:00:00+00:00,8557.11,8562.62,8553.11,8554.62,786
2026-03-25T18:30:00+00:00,8554.62,8559.13,8537.61,8549.13,1182
2026-03-25T19:00:00+00:00,8549.13,8555.63,8541.61,8548.12,1377
2026-03-25T19:30:00+00:00,8548.12,8554.11,8541.61,8551.93,941
2026-03-25T20:00:00+00:00,8551.93,8555.93,8549.93,8549.93,496.67841545928644
2026-03-25T20:30:00+00:00,8549.93,8553.93,8547.93,8551.93,336.83570162453856
2026-03-25T22:30:00+00:00,8551.93,8551.93,8522.58,8533.08,229.2946334619432
2026-03-25T23:00:00+00:00,8533.08,8553,8520.98,8526.5,1310
2026-03-25T23:30:00+00:00,8526.5,8535.5,8515.98,8534.48,918
2026-03-26T00:00:00+00:00,8534.48,8552.5,8534,8542.99,1155
2026-03-26T00:30:00+00:00,8542.99,8548,8530.48,8536.5,910
2026-03-26T01:00:00+00:00,8536.5,8541,8526.98,8532,1173
2026-03-26T01:30:00+00:00,8532,8537.99,8522.98,8526,1022
2026-03-26T02:00:00+00:00,8526,8529.5,8516,8517,892
2026-03-26T02:30:00+00:00,8517,8520,8496.98,8508.5,1260
2026-03-26T03:00:00+00:00,8508.5,8514,8502.49,8514,612
2026-03-26T03:30:00+00:00,8514,8526,8512.98,8516.98,862
2026-03-26T04:00:00+00:00,8516.98,8523.48,8514.98,8521.98,653
2026-03-26T04:30:00+00:00,8521.98,8524,8513.98,8515.98,520
2026-03-26T05:00:00+00:00,8515.98,8520.6,8504.08,8514.9,838
2026-03-26T06:00:00+00:00,8515.9,8523.08,8500.58,8520.1,346
2026-03-26T06:30:00+00:00,8520.1,8525.58,8512.58,8518.6,186.7703180212014
2026-03-26T07:00:00+00:00,8518.6,8522.1,8496.58,8509.09,719
2026-03-26T07:30:00+00:00,8509.09,8516.1,8501.58,8510.09,878
2026-03-26T08:00:00+00:00,8510.09,8521.58,8501.58,8502.08,2265
2026-03-26T08:30:00+00:00,8502.08,8507.6,8485.59,8498.09,1857
2026-03-26T09:00:00+00:00,8498.09,8500.6,8474.08,8475.59,2274
2026-03-26T09:30:00+00:00,8475.59,8479.09,8465.58,8475.09,1915
2026-03-26T10:00:00+00:00,8475.09,8492.09,8467.6,8491.08,1442
2026-03-26T10:30:00+00:00,8491.08,8497.6,8477.58,8482.1,1538
2026-03-26T11:00:00+00:00,8482.1,8486.58,8460.58,8466.58,1470
2026-03-26T11:30:00+00:00,8466.58,8469.1,8454.59,8455.1,1582
2026-03-26T12:00:00+00:00,8455.1,8480.08,8447.59,8473.1,1511
2026-03-26T12:30:00+00:00,8473.1,8474.1,8459.58,8471.58,1750
2026-03-26T13:00:00+00:00,8471.58,8478.58,8466.08,8475.09,1576
2026-03-26T13:30:00+00:00,8475.09,8509.1,8468.58,8504.58,5741
2026-03-26T14:00:00+00:00,8504.58,8512.59,8489.6,8501.6,3434
2026-03-26T14:30:00+00:00,8501.6,8521.6,8475.09,8491.1,4493
2026-03-26T15:00:00+00:00,8491.1,8496.09,8479.08,8484.09,3679
2026-03-26T15:30:00+00:00,8484.09,8485.09,8471.58,8475.1,2729
2026-03-26T16:00:00+00:00,8475.1,8484.59,8454.58,8457.58,2401
2026-03-26T16:30:00+00:00,8457.58,8460.1,8451.08,8457.08,2498
2026-03-26T17:00:00+00:00,8457.08,8464.59,8438.58,8444.6,1354
2026-03-26T17:30:00+00:00,8444.6,8453.1,8428.58,8430.59,1507
2026-03-26T18:00:00+00:00,8430.59,8440.6,8430.59,8437.58,1231
2026-03-26T18:30:00+00:00,8437.58,8457.59,8437.58,8453.08,1087
2026-03-26T19:00:00+00:00,8453.08,8454.59,8434.08,8438.6,1130
2026-03-26T19:30:00+00:00,8438.6,8439.1,8419.08,8425.39,997
2026-03-26T20:00:00+00:00,8425.39,8499.39,8419.39,8446.39,2155.4176308124424
2026-03-26T20:30:00+00:00,8446.39,8456.39,8431.39,8432.39,798.1439867691134
2026-03-26T22:30:00+00:00,8432.39,8473.78,8432.39,8466.28,262.76297786720323
2026-03-26T23:00:00+00:00,8466.28,8498.19,8466.28,8498.19,1008
2026-03-26T23:30:00+00:00,8498.19,8522.19,8498.18,8508.68,879
2026-03-27T00:00:00+00:00,8508.68,8520.19,8475.69,8478.18,2027
2026-03-27T00:30:00+00:00,8478.18,8484.19,8457.69,8469.69,1993
2026-03-27T01:00:00+00:00,8469.69,8488.18,8462.19,8477.7,1165
2026-03-27T01:30:00+00:00,8477.7,8492.2,8476.18,8491.18,772
2026-03-27T02:00:00+00:00,8491.18,8505.2,8491.18,8492.7,723
2026-03-27T02:30:00+00:00,8492.7,8500.2,8487.68,8493.7,606
2026-03-27T03:00:00+00:00,8493.7,8495.2,8483.7,8489.69,710
2026-03-27T03:30:00+00:00,8489.69,8503.18,8486.18,8501.7,604
2026-03-27T04:00:00+00:00,8501.7,8510.2,8498.69,8504.19,338
2026-03-27T04:30:00+00:00,8504.19,8514.2,8504.18,8512.19,398
2026-03-27T05:00:00+00:00,8512.19,8526.8,8509.78,8513.08,831
2026-03-27T06:00:00+00:00,8505.58,8507.78,8487.28,8501.78,302
2026-03-27T06:30:00+00:00,8501.78,8501.78,8485.78,8487.3,298
2026-03-27T07:00:00+00:00,8487.3,8491.3,8478.78,8479.79,575
2026-03-27T07:30:00+00:00,8479.79,8485.3,8475.78,8480.28,823
2026-03-27T08:00:00+00:00,8480.28,8486.8,8439.78,8441.3,2291
2026-03-27T08:30:00+00:00,8441.3,8449.3,8426.78,8427.29,1938
2026-03-27T09:00:00+00:00,8427.29,8437.8,8411.79,8431.79,2215
2026-03-27T09:30:00+00:00,8431.79,8437.29,8414.8,8417.3,1566
2026-03-27T10:00:00+00:00,8417.3,8428.8,8411.78,8421.3,1684
2026-03-27T10:30:00+00:00,8421.3,8423.78,8392.28,8394.29,1433
2026-03-27T11:00:00+00:00,8394.29,8405.28,8382.78,8404.78,1917
2026-03-27T11:30:00+00:00,8404.78,8417.78,8399.3,8409.8,1225
2026-03-27T12:00:00+00:00,8409.8,8412.3,8397.28,8402.3,1508
2026-03-27T12:30:00+00:00,8402.3,8414.3,8398.28,8406.8,1818
2026-03-27T13:00:00+00:00,8406.8,8409.79,8389.78,8405.29,1968
2026-03-27T13:30:00+00:00,8405.29,8420.3,8388.78,8395.29,5153
2026-03-27T14:00:00+00:00,8395.29,8424.3,8392.79,8404.8,4560
2026-03-27T14:30:00+00:00,8404.8,8434.3,8403.78,8433.28,3538
2026-03-27T15:00:00+00:00,8433.28,8458.3,8428.78,8450.3,3370
2026-03-27T15:30:00+00:00,8450.3,8466.3,8437.29,8438.78,2813
2026-03-27T16:00:00+00:00,8438.78,8443.8,8429.79,8438.79,1686
2026-03-27T16:30:00+00:00,8438.79,8453.28,8432.78,8445.78,1886
2026-03-27T17:00:00+00:00,8445.78,8456.3,8429.79,8433.28,2031
2026-03-27T17:30:00+00:00,8433.28,8440.29,8428.79,8429.29,1140
2026-03-27T18:00:00+00:00,8429.29,8433.3,8421.28,8429.28,1258
2026-03-27T18:30:00+00:00,8429.28,8441.79,8427.29,8435.3,1253
2026-03-27T19:00:00+00:00,8435.3,8437.8,8426.28,8433.3,1037
2026-03-27T19:30:00+00:00,8433.3,8443.8,8418.78,8437.59,1414
2026-03-27T20:00:00+00:00,8437.59,8442.59,8416.59,8419.59,951.7335718132775
2026-03-27T20:30:00+00:00,8419.59,8419.59,8411.59,8413.59,328.70624806782325
2026-03-29T22:30:00+00:00,8413.59,8413.59,8381.23,8402.21,470
2026-03-29T23:00:00+00:00,8402.21,8427.13,8392.61,8394.61,2104
2026-03-29T23:30:00+00:00,8394.61,8395.63,8357.11,8371.63,2478
2026-03-30T00:00:00+00:00,8371.63,8402.13,8350.11,8387.12,5101
2026-03-30T00:30:00+00:00,8387.12,8390.63,8364.11,8372.63,2300
2026-03-30T01:00:00+00:00,8372.63,8385.12,8364.63,8381.12,2176
2026-03-30T01:30:00+00:00,8381.12,8396.61,8372.13,8389.63,1706
2026-03-30T02:00:00+00:00,8389.63,8395.13,8370.11,8378.11,1343
2026-03-30T02:30:00+00:00,8378.11,8409.12,8373.11,8401.61,1160
2026-03-30T03:00:00+00:00,8401.61,8428.13,8401.12,8423.13,905
2026-03-30T03:30:00+00:00,8423.13,8425.13,8413.61,8415.13,936
2026-03-30T04:00:00+00:00,8415.13,8429.13,8412.11,8426.11,671
2026-03-30T04:30:00+00:00,8426.11,8432.61,8421.11,8422.12,775
2026-03-30T05:00:00+00:00,8422.12,8437.73,8419.71,8420.03,1252
2026-03-30T06:00:00+00:00,8444.03,8455.21,8444.03,8452.22,343
2026-03-30T06:30:00+00:00,8452.22,8471.71,8451.21,8466.21,410
2026-03-30T07:00:00+00:00,8466.21,8475.73,8457.71,8463.23,940
2026-03-30T07:30:00+00:00,8463.23,8484.73,8460.72,8483.21,915
2026-03-30T08:00:00+00:00,8483.21,8495.23,8474.23,8490.21,965
2026-03-30T08:30:00+00:00,8490.21,8500.71,8487.72,8499.72,814
2026-03-30T09:00:00+00:00,8499.72,8500.22,8474.72,8478.72,985
2026-03-30T09:30:00+00:00,8478.72,8485.21,8469.71,8474.72,792
2026-03-30T10:00:00+00:00,8474.72,8482.73,8470.21,8480.21,758
2026-03-30T10:30:00+00:00,8480.21,8482.73,8471.22,8482.21,907
2026-03-30T11:00:00+00:00,8482.21,8530.72,8481.73,8506.71,1837.8195069281987
2026-03-30T11:30:00+00:00,8506.71,8510.22,8492.199999999999,8496.22,1588
2026-03-30T12:00:00+00:00,8496.22,8509.21,8489.21,8506.71,983
2026-03-30T12:30:00+00:00,8506.71,8513.22,8505.21,8512.22,727
2026-03-30T13:00:00+00:00,8512.22,8518.22,8503.699999999999,8513.199999999999,1110
2026-03-30T13:30:00+00:00,8513.199999999999,8519.22,8477.199999999999,8483.199999999999,3043
2026-03-30T14:00:00+00:00,8483.199999999999,8505.21,8482.699999999999,8490.199999999999,2867
2026-03-30T14:30:00+00:00,8490.199999999999,8514.199999999999,8482.21,8513.699999999999,3217
2026-03-30T15:00:00+00:00,8513.699999999999,8526.72,8497.699999999999,8507.21,1839
2026-03-30T15:30:00+00:00,8507.21,8533.72,8504.699999999999,8521.71,1820
2026-03-30T16:00:00+00:00,8521.71,8523.72,8493.199999999999,8496.699999999999,1906
2026-03-30T16:30:00+00:00,8496.699999999999,8500.22,8489.199999999999,8492.71,1743
2026-03-30T17:00:00+00:00,8492.71,8496.72,8463.199999999999,8465.699999999999,1743
2026-03-30T17:30:00+00:00,8465.699999999999,8476.72,8459.22,8466.199999999999,1522
2026-03-30T18:00:00+00:00,8466.199999999999,8472.71,8459.699999999999,8459.699999999999,1189
2026-03-30T18:30:00+00:00,8459.699999999999,8467.72,8446.22,8449.699999999999,834
2026-03-30T19:00:00+00:00,8449.699999999999,8450.72,8428.199999999999,8432.72,1174
2026-03-30T19:30:00+00:00,8432.72,8459.51,8432.72,8459.51,1295
2026-03-30T20:00:00+00:00,8459.51,8459.51,8452.310000000001,8454.310000000001,89.46515783204289
2026-03-30T20:30:00+00:00,8454.310000000001,8455.310000000001,8453.310000000001,8453.310000000001,26.415545590433478
2026-03-30T22:30:00+00:00,8453.310000000001,8454.45,8448.43,8449.93,187.09636724681695
2026-03-30T23:00:00+00:00,8449.93,8450.85,8420.830000000002,8429.34,1433
2026-03-30T23:30:00+00:00,8429.34,8440.85,8422.830000000002,8439.34,858
2026-03-31T00:00:00+00:00,8439.34,8443.85,8403.84,8408.85,1976
2026-03-31T00:30:00+00:00,8408.85,8485.330000000002,8399.830000000002,8479.84,5456
2026-03-31T01:00:00+00:00,8479.84,8514.85,8454.330000000002,8513.330000000002,3951
2026-03-31T01:30:00+00:00,8513.330000000002,8535.84,8508.330000000002,8528.85,2611
2026-03-31T02:00:00+00:00,8528.85,8534.85,8512.34,8518.830000000002,1703
2026-03-31T02:30:00+00:00,8518.830000000002,8533.85,8510.34,8525.34,1398
2026-03-31T03:00:00+00:00,8525.34,8538.34,8515.85,8525.35,1136
2026-03-31T03:30:00+00:00,8525.35,8526.85,8512.85,8515.34,1014
2026-03-31T04:00:00+00:00,8515.34,8519.84,8495.330000000002,8496.85,898
2026-03-31T04:30:00+00:00,8496.85,8506.34,8484.35,8485.830000000002,983
2026-03-31T05:00:00+00:00,8485.830000000002,8487.44,8448.44,8462.75,1491
2026-03-31T06:00:00+00:00,8469.46,8479.16,8460.45,8474.64,370
2026-03-31T06:30:00+00:00,8474.64,8479.64,8462.65,8470.65,709
2026-03-31T07:00:00+00:00,8470.65,8488.66,8457.66,8471.14,1874
2026-03-31T07:30:00+00:00,8471.14,8512.14,8471.14,8512.14,1283
2026-03-31T08:00:00+00:00,8512.14,8515.16,8494.65,8494.65,1749
2026-03-31T08:30:00+00:00,8494.65,8500.16,8486.64,8491.65,1314
2026-03-31T09:00:00+00:00,8491.65,8503.66,8489.64,8494.16,1068
2026-03-31T09:30:00+00:00,8494.16,8503.65,8487.14,8495.15,1312
2026-03-31T10:00:00+00:00,8495.15,8505.64,8486.14,8493.64,1127
2026-03-31T10:30:00+00:00,8493.64,8496.16,8464.14,8481.15,1120
2026-03-31T11:00:00+00:00,8481.15,8519.64,8476.64,8499.16,3258
2026-03-31T11:30:00+00:00,8499.16,8510.14,8490.64,8508.64,1602
2026-03-31T12:00:00+00:00,8508.64,8519.66,8487.64,8507.14,2429
2026-03-31T12:30:00+00:00,8507.14,8514.66,8499.15,8501.64,1194
2026-03-31T13:00:00+00:00,8501.64,8512.16,8495.64,8508.66,1003
2026-03-31T13:30:00+00:00,8508.66,8536.15,8495.14,8533.44,2623
2026-03-31T14:00:00+00:00,8533.44,8552.64,8531.14,8544.66,2097
2026-03-31T14:30:00+00:00,8544.66,8546.15,8493.46,8506.66,2081
2026-03-31T15:00:00+00:00,8506.66,8544.65,8506.64,8518.14,2175
2026-03-31T15:30:00+00:00,8518.14,8523.65,8502.64,8511.66,2377
2026-03-31T16:00:00+00:00,8511.66,8524.16,8508.64,8519.14,1337
2026-03-31T16:30:00+00:00,8519.14,8602.14,8515.65,8566.66,7553
2026-03-31T17:00:00+00:00,8566.66,8581.16,8556.14,8565.15,3969
2026-03-31T17:30:00+00:00,8565.15,8581.66,8561.65,8565.65,3101
2026-03-31T18:00:00+00:00,8565.65,8583.66,8564.65,8572.65,1677
2026-03-31T18:30:00+00:00,8572.65,8578.66,8565.65,8573.16,1376
2026-03-31T19:00:00+00:00,8573.16,8584.66,8568.15,8580.66,1023
2026-03-31T19:30:00+00:00,8580.66,8600.44,8580.15,8600.44,1508
2026-03-31T20:00:00+00:00,8600.44,8605.44,8593.44,8603.44,910.2927049602511
2026-03-31T20:30:00+00:00,8603.44,8605.44,8603.44,8604.44,43.626666666666665
2026-03-31T22:30:00+00:00,8604.44,8607.65,8586.63,8606.63,221.13738420474172
2026-03-31T23:00:00+00:00,8606.63,8630.05,8602.53,8608.05,1590
2026-03-31T23:30:00+00:00,8608.05,8628.04,8604.03,8626.04,1264
2026-04-01T00:00:00+00:00,8626.04,8630.05,8610.03,8618.03,1600
2026-04-01T00:30:00+00:00,8618.03,8634.55,8607.53,8622.04,1000
2026-04-01T01:00:00+00:00,8622.04,8622.05,8599.04,8611.54,1783
2026-04-01T01:30:00+00:00,8611.54,8623.05,8609.53,8612.05,780
2026-04-01T02:00:00+00:00,8612.05,8629.05,8608.05,8620.03,621
2026-04-01T02:30:00+00:00,8620.03,8622.04,8613.03,8613.05,424
2026-04-01T03:00:00+00:00,8613.05,8631.03,8612.03,8628.03,337
2026-04-01T03:30:00+00:00,8628.03,8642.05,8628.03,8642.05,411
2026-04-01T04:00:00+00:00,8642.05,8649.03,8639.03,8643.04,322
2026-04-01T04:30:00+00:00,8643.04,8648.05,8637.03,8647.04,344
2026-04-01T05:00:00+00:00,8647.04,8680.14,8645.64,8669.13,979
2026-04-01T06:00:00+00:00,8665.13,8694.64,8657.13,8692.14,383
2026-04-01T06:30:00+00:00,8692.14,8708.13,8691.63,8699.15,432
2026-04-01T07:00:00+00:00,8699.15,8705.14,8686.64,8689.65,549
2026-04-01T07:30:00+00:00,8689.65,8699.15,8663.64,8665.13,1279
2026-04-01T08:00:00+00:00,8665.13,8680.15,8652.63,8671.15,1642
2026-04-01T08:30:00+00:00,8671.15,8685.65,8666.15,8681.63,1397
2026-04-01T09:00:00+00:00,8681.63,8687.15,8651.65,8662.65,1244
2026-04-01T09:30:00+00:00,8662.65,8679.65,8661.64,8670.65,1231
2026-04-01T10:00:00+00:00,8670.65,8676.14,8661.63,8670.63,1217
2026-04-01T10:30:00+00:00,8670.63,8693.65,8667.63,8691.15,1021
2026-04-01T11:00:00+00:00,8691.15,8697.65,8689.63,8693.64,775
2026-04-01T11:30:00+00:00,8693.64,8703.65,8692.63,8698.13,769
2026-04-01T12:00:00+00:00,8698.13,8699.63,8675.63,8681.14,619
2026-04-01T12:30:00+00:00,8681.14,8711.14,8659.14,8663.65,2825
2026-04-01T13:00:00+00:00,8663.65,8673.65,8656.13,8673.63,1591
2026-04-01T13:30:00+00:00,8673.63,8689.64,8659.65,8681.95,3383
2026-04-01T14:00:00+00:00,8681.95,8689.64,8661.95,8681.65,3487
2026-04-01T14:30:00+00:00,8681.65,8702.65,8671.63,8697.15,2595
2026-04-01T15:00:00+00:00,8697.15,8702.64,8688.13,8688.65,1363
2026-04-01T15:30:00+00:00,8688.65,8711.65,8684.63,8708.15,1222
2026-04-01T16:00:00+00:00,8708.15,8710.65,8691.63,8694.65,892
2026-04-01T16:30:00+00:00,8694.65,8702.65,8692.63,8701.63,537
2026-04-01T17:00:00+00:00,8701.63,8709.64,8700.13,8702.15,509
2026-04-01T17:30:00+00:00,8702.15,8702.64,8690.63,8691.14,445
2026-04-01T18:00:00+00:00,8691.14,8692.15,8666.63,8667.15,1456
2026-04-01T18:30:00+00:00,8667.15,8677.14,8657.65,8664.64,1542
2026-04-01T19:00:00+00:00,8664.64,8683.13,8662.65,8682.65,768
2026-04-01T19:30:00+00:00,8682.65,8686.93,8670.63,8686.93,1085
2026-04-01T20:00:00+00:00,8686.93,8687.730000000001,8680.730000000001,8681.730000000001,497.94936686540416
2026-04-01T20:30:00+00:00,8681.730000000001,8690.730000000001,8680.730000000001,8688.730000000001,291.1677916751228
2026-04-01T22:30:00+00:00,8688.730000000001,8688.730000000001,8661.980000000001,8683.480000000001,347.1606029106029
2026-04-01T23:00:00+00:00,8683.480000000001,8696.390000000001,8678.400000000001,8693.390000000001,696
2026-04-01T23:30:00+00:00,8693.390000000001,8705.390000000001,8686.880000000001,8703.900000000001,760
2026-04-02T00:00:00+00:00,8703.900000000001,8714.390000000001,8691.900000000001,8697.390000000001,1341
2026-04-02T00:30:00+00:00,8697.390000000001,8714.900000000001,8691.890000000001,8707.880000000001,1319
2026-04-02T01:00:00+00:00,8707.880000000001,8707.900000000001,8630.890000000001,8636.890000000001,10055
2026-04-02T01:30:00+00:00,8636.890000000001,8636.890000000001,8606.380000000001,8617.890000000001,5301
2026-04-02T02:00:00+00:00,8617.890000000001,8619.900000000001,8590.880000000001,8591.890000000001,2934
2026-04-02T02:30:00+00:00,8591.890000000001,8591.900000000001,8577.880000000001,8584.890000000001,1944
2026-04-02T03:00:00+00:00,8584.890000000001,8584.890000000001,8571.380000000001,8573.390000000001,1312
2026-04-02T03:30:00+00:00,8573.390000000001,8575.890000000001,8555.880000000001,8557.900000000001,1404
2026-04-02T04:00:00+00:00,8557.900000000001,8571.380000000001,8555.880000000001,8566.880000000001,838
2026-04-02T04:30:00+00:00,8566.880000000001,8568.880000000001,8552.380000000001,8558.380000000001,753
2026-04-02T05:00:00+00:00,8558.380000000001,8576.990000000002,8555.490000000002,8566.28,1387
2026-04-02T06:00:00+00:00,8565.48,8565.48,8549,8557.19,591
2026-04-02T06:30:00+00:00,8557.19,8571.2,8551.69,8571.2,255.52432778489117
2026-04-02T07:00:00+00:00,8571.2,8580.7,8570.18,8580.18,538
2026-04-02T07:30:00+00:00,8580.18,8598.19,8575.69,8597.19,655.9298245614035
2026-04-02T08:00:00+00:00,8597.19,8601.710000000001,8590.7,8597.69,947
2026-04-02T08:30:00+00:00,8597.69,8606.210000000001,8596.19,8599.7,653
2026-04-02T09:00:00+00:00,8599.7,8602.210000000001,8588.19,8595.69,590
2026-04-02T09:30:00+00:00,8595.69,8599.2,8586.69,8596.210000000001,597
2026-04-02T10:00:00+00:00,8596.210000000001,8600.2,8576.19,8577.69,836
2026-04-02T10:30:00+00:00,8577.69,8586.7,8574.19,8580.710000000001,781
2026-04-02T11:00:00+00:00,8580.710000000001,8588.2,8567.19,8568.210000000001,912
2026-04-02T11:30:00+00:00,8568.210000000001,8575.210000000001,8562.69,8565.210000000001,834
2026-04-02T12:00:00+00:00,8565.210000000001,8576.69,8555.69,8570.69,878
2026-04-02T12:30:00+00:00,8570.69,8581.710000000001,8566.5,8569.210000000001,749
2026-04-06T23:30:00+00:00,8569.7,8689.57,8569.7,8678.06,494
2026-04-07T00:00:00+00:00,8678.06,8760.95,8678.06,8759.47,1911
2026-04-07T00:30:00+00:00,8759.47,8808.95,8753.47,8773.47,1503
2026-04-07T01:00:00+00:00,8773.47,8787.96,8741.45,8745.46,1746
2026-04-07T01:30:00+00:00,8745.46,8745.46,8691.95,8695.46,1479
2026-04-07T02:00:00+00:00,8695.46,8703.96,8686.45,8702.95,1307
2026-04-07T02:30:00+00:00,8702.95,8713.46,8700.47,8703.96,611
2026-04-07T03:00:00+00:00,8703.96,8703.97,8684.96,8688.97,605
2026-04-07T03:30:00+00:00,8688.97,8695.97,8683.95,8690.97,569
2026-04-07T04:00:00+00:00,8690.97,8699.47,8688.95,8695.96,711
2026-04-07T04:30:00+00:00,8695.96,8712.97,8695.95,8706.47,458
2026-04-07T05:00:00+00:00,8706.47,8710.97,8699.95,8702.95,531.5478260869565
2026-04-07T05:30:00+00:00,8702.95,8714.95,8695.95,8711.45,976
2026-04-07T06:00:00+00:00,8711.45,8725.56,8708.55,8723.37,1068
2026-04-07T07:00:00+00:00,8724.37,8725.56,8706.55,8706.55,822
2026-04-07T07:30:00+00:00,8706.55,8714.56,8695.55,8714.06,960
2026-04-07T08:00:00+00:00,8714.06,8760.07,8713.56,8750.06,3328
2026-04-07T08:30:00+00:00,8750.06,8770.56,8748.05,8766.55,1776
2026-04-07T09:00:00+00:00,8766.55,8778.56,8760.06,8775.55,1657
2026-04-07T09:30:00+00:00,8775.55,8781.57,8765.55,8767.07,1109
2026-04-07T10:00:00+00:00,8767.07,8770.07,8728.86,8746.05,3017
2026-04-07T10:30:00+00:00,8746.05,8750.07,8704.05,8708.57,2185
2026-04-07T11:00:00+00:00,8708.57,8730.07,8707.55,8717.57,1485
2026-04-07T11:30:00+00:00,8717.57,8722.07,8706.55,8717.07,1578
2026-04-07T12:00:00+00:00,8717.07,8731.57,8704.07,8731.05,2555
2026-04-07T12:30:00+00:00,8731.05,8736.57,8706.55,8717.07,1702
2026-04-07T13:00:00+00:00,8717.07,8729.56,8714.55,8723.05,1500
2026-04-07T13:30:00+00:00,8723.05,8730.55,8689.05,8693.06,3478
2026-04-07T14:00:00+00:00,8693.06,8708.57,8669.56,8707.57,3219
2026-04-07T14:30:00+00:00,8707.57,8716.56,8683.55,8684.07,2938
2026-04-07T15:00:00+00:00,8684.07,8687.06,8663.55,8686.55,3298
2026-04-07T15:30:00+00:00,8686.55,8687.56,8663.55,8676.57,2549
2026-04-07T16:00:00+00:00,8676.57,8705.06,8676.55,8696.56,3163
2026-04-07T16:30:00+00:00,8696.56,8706.57,8691.05,8696.55,1437
2026-04-07T17:00:00+00:00,8696.55,8705.57,8679.55,8682.57,1301
2026-04-07T17:30:00+00:00,8682.57,8721.06,8682.57,8709.55,1849
2026-04-07T18:00:00+00:00,8709.55,8716.56,8704.55,8711.07,921
2026-04-07T18:30:00+00:00,8711.07,8713.07,8684.05,8689.06,1209
2026-04-07T19:00:00+00:00,8689.06,8740.85,8685.55,8718.05,3548
2026-04-07T19:30:00+00:00,8718.05,8746.55,8704.55,8730.07,4893
2026-04-07T20:00:00+00:00,8730.07,8740.55,8722.07,8734.05,782
2026-04-07T20:30:00+00:00,8734.05,8748.05,8733.57,8744.37,681
2026-04-07T23:00:00+00:00,8832.91,8862.91,8811.91,8839.91,3188.4458700221094
2026-04-07T23:30:00+00:00,8839.91,9129.3,8829.91,9117.32,3052.578883030141
2026-04-08T00:00:00+00:00,9117.32,9140.21,9070.199999999999,9098.71,5417
2026-04-08T00:30:00+00:00,9098.71,9117.699999999999,9082.22,9094.22,2382
2026-04-08T01:00:00+00:00,9094.22,9106.71,9083.71,9087.72,1345
2026-04-08T01:30:00+00:00,9087.72,9103.71,9071.699999999999,9083.199999999999,999
2026-04-08T02:00:00+00:00,9083.199999999999,9094.21,9076.699999999999,9089.22,754
2026-04-08T02:30:00+00:00,9089.22,9112.199999999999,9089.22,9109.22,627
2026-04-08T03:00:00+00:00,9109.22,9113.72,9096.71,9098.699999999999,489
2026-04-08T03:30:00+00:00,9098.699999999999,9102.699999999999,9087.72,9092.699999999999,428
2026-04-08T04:00:00+00:00,9092.699999999999,9109.72,9092.22,9103.699999999999,441
2026-04-08T04:30:00+00:00,9103.699999999999,9105.71,9096.199999999999,9099.22,479
2026-04-08T05:00:00+00:00,9099.22,9105.21,9093.72,9103.199999999999,578
2026-04-08T05:30:00+00:00,9103.199999999999,9106.71,9088.21,9094.199999999999,875
2026-04-08T06:00:00+00:00,9094.199999999999,9109.82,9080.32,9093.599999999999,1982
2026-04-08T07:00:00+00:00,8951.06,8954.28,8924.76,8942.28,700
2026-04-08T07:30:00+00:00,8942.28,8942.28,8924.76,8925.28,1191
2026-04-08T08:00:00+00:00,8925.28,8941.28,8923.76,8932.78,1557
2026-04-08T08:30:00+00:00,8932.78,8953.28,8926.26,8952.27,1522
2026-04-08T09:00:00+00:00,8952.27,8973.78,8945.27,8965.78,798
2026-04-08T09:30:00+00:00,8965.78,8972.28,8945.76,8958.76,1360
2026-04-08T10:00:00+00:00,8958.76,8970.28,8954.76,8969.27,1256
2026-04-08T10:30:00+00:00,8969.27,8976.28,8965.27,8971.28,730
2026-04-08T11:00:00+00:00,8971.28,8984.77,8958.78,8978.26,1080
2026-04-08T11:30:00+00:00,8978.26,8986.28,8970.26,8977.27,1074
2026-04-08T12:00:00+00:00,8977.27,8986.28,8948.76,8966.26,2382
2026-04-08T12:30:00+00:00,8966.26,8975.28,8958.26,8965.77,1243
2026-04-08T13:00:00+00:00,8965.77,8969.76,8950.26,8951.27,1219
2026-04-08T13:30:00+00:00,8951.27,8954.76,8915.76,8923.28,4528
2026-04-08T14:00:00+00:00,8923.28,8942.26,8919.27,8932.26,3591
2026-04-08T14:30:00+00:00,8932.26,8936.28,8897.26,8907.27,3460
2026-04-08T15:00:00+00:00,8907.27,8919.27,8894.26,8910.76,2308
2026-04-08T15:30:00+00:00,8910.76,8928.26,8909.27,8925.26,1708
2026-04-08T16:00:00+00:00,8925.26,8934.28,8912.76,8916.78,1113
2026-04-08T16:30:00+00:00,8916.78,8925.77,8913.27,8923.27,656
2026-04-08T17:00:00+00:00,8923.27,8926.28,8911.26,8914.77,883
2026-04-08T17:30:00+00:00,8914.77,8922.76,8911.26,8921.77,793
2026-04-08T18:00:00+00:00,8921.77,8929.28,8904.26,8912.77,1860
2026-04-08T18:30:00+00:00,8912.77,8918.27,8892.76,8894.26,1298
2026-04-08T19:00:00+00:00,8894.26,8909.28,8892.26,8905.27,1151
2026-04-08T19:30:00+00:00,8905.27,8941.27,8905.27,8936.77,1278
2026-04-08T20:00:00+00:00,8936.77,8938.77,8925.76,8926.27,263.1580178940124
2026-04-08T20:30:00+00:00,8926.27,8948.07,8924.77,8948.07,114.45912082661597
2026-04-08T23:00:00+00:00,8922.31,8932.31,8921.31,8923.31,479.25730117624573
2026-04-08T23:30:00+00:00,8923.31,8932.45,8866.920000000002,8876.400000000001,1039.5710398108072
2026-04-09T00:00:00+00:00,8876.400000000001,8919.320000000002,8869.810000000001,8914.800000000001,1787
2026-04-09T00:30:00+00:00,8914.800000000001,8917.320000000002,8902.320000000002,8911.310000000001,1032
2026-04-09T01:00:00+00:00,8911.310000000001,8922.320000000002,8909.320000000002,8915.310000000001,1084
2026-04-09T01:30:00+00:00,8915.310000000001,8925.320000000002,8905.800000000001,8923.310000000001,605
2026-04-09T02:00:00+00:00,8923.310000000001,8927.310000000001,8915.300000000001,8920.320000000002,446
2026-04-09T02:30:00+00:00,8920.320000000002,8934.320000000002,8918.320000000002,8921.320000000002,404
2026-04-09T03:00:00+00:00,8921.320000000002,8924.320000000002,8917.310000000001,8920.320000000002,337
2026-04-09T03:30:00+00:00,8920.320000000002,8924.310000000001,8916.300000000001,8918.310000000001,322
2026-04-09T04:00:00+00:00,8918.310000000001,8923.320000000002,8906.300000000001,8913.810000000001,376
2026-04-09T04:30:00+00:00,8913.810000000001,8923.320000000002,8912.800000000001,8919.820000000002,278
2026-04-09T05:00:00+00:00,8919.820000000002,8927.820000000002,8914.800000000001,8926.300000000001,380
2026-04-09T05:30:00+00:00,8926.300000000001,8932.320000000002,8923.300000000001,8929.300000000001,318
2026-04-09T06:00:00+00:00,8929.300000000001,8946.900000000001,8928.400000000001,8941.710000000001,726
2026-04-09T07:00:00+00:00,8964.33,8969.54,8947.02,8951.03,537
2026-04-09T07:30:00+00:00,8951.03,8955.54,8937.52,8949.52,852
2026-04-09T08:00:00+00:00,8949.52,8952.53,8940.52,8941.53,1012
2026-04-09T08:30:00+00:00,8941.53,8956.52,8941.02,8947.52,852
2026-04-09T09:00:00+00:00,8947.52,8956.54,8942.02,8954.52,745
2026-04-09T09:30:00+00:00,8954.52,8955.54,8947.52,8952.04,496
2026-04-09T10:00:00+00:00,8952.04,8957.54,8943.53,8950.04,938
2026-04-09T10:30:00+00:00,8950.04,8952.54,8934.02,8935.02,868
2026-04-09T11:00:00+00:00,8935.02,8943.04,8925.02,8932.52,714
2026-04-09T11:30:00+00:00,8932.52,8953.54,8932.02,8951.53,772
2026-04-09T12:00:00+00:00,8951.53,8956.54,8940.03,8947.82,680
2026-04-09T12:30:00+00:00,8947.82,8952.03,8937.03,8942.54,1120
2026-04-09T13:00:00+00:00,8942.54,8947.03,8937.03,8945.03,899
2026-04-09T13:30:00+00:00,8945.03,8964.54,8938.52,8941.54,2191
2026-04-09T14:00:00+00:00,8941.54,8943.53,8913.04,8919.02,1557
2026-04-09T14:30:00+00:00,8919.02,8936.54,8917.02,8936.53,1710
2026-04-09T15:00:00+00:00,8936.53,8959.04,8928.52,8946.03,1590
2026-04-09T15:30:00+00:00,8946.03,8979.54,8945.52,8976.54,3314
2026-04-09T16:00:00+00:00,8976.54,8990.54,8974.54,8982.54,1331
2026-04-09T16:30:00+00:00,8982.54,8983.54,8969.53,8979.52,973
2026-04-09T17:00:00+00:00,8979.52,8986.04,8975.52,8980.52,717
2026-04-09T17:30:00+00:00,8980.52,8991.02,8975.02,8984.54,610
2026-04-09T18:00:00+00:00,8984.54,8984.54,8965.02,8967.53,1465
2026-04-09T18:30:00+00:00,8967.53,8971.53,8960.53,8967.03,781
2026-04-09T19:00:00+00:00,8967.03,8982.53,8963.52,8980.04,515
2026-04-09T19:30:00+00:00,8980.04,8980.53,8954.03,8958.03,988
2026-04-09T20:00:00+00:00,8958.03,8962.04,8957.03,8960.04,166.71865743973336
2026-04-09T20:30:00+00:00,8960.04,8963.52,8952.83,8961.34,119.42482042400322
2026-04-09T23:00:00+00:00,8943.41,8952.41,8940.41,8946.66,351.62430246409815
2026-04-09T23:30:00+00:00,8946.66,8973.41,8917.39,8927.89,1269.9606788709266
2026-04-10T00:00:00+00:00,8927.89,8932.3,8904.789999999999,8919.3,2006
2026-04-10T00:30:00+00:00,8919.3,8949.31,8912.3,8948.3,740
2026-04-10T01:00:00+00:00,8948.3,8948.3,8929.789999999999,8940.8,522
2026-04-10T01:30:00+00:00,8940.8,8953.81,8934.289999999999,8936.3,421
2026-04-10T02:00:00+00:00,8936.3,8940.31,8928.289999999999,8934.789999999999,507
2026-04-10T02:30:00+00:00,8934.789999999999,8944.289999999999,8925.289999999999,8942.289999999999,314
2026-04-10T03:00:00+00:00,8942.289999999999,8949.789999999999,8938.81,8938.81,238.74166671073715
2026-04-10T03:30:00+00:00,8938.81,8944.31,8935.8,8939.3,200
2026-04-10T04:00:00+00:00,8939.3,8949.31,8937.3,8948.31,160.56151268549544
2026-04-10T04:30:00+00:00,8948.31,8948.31,8942.289999999999,8945.81,201.655154828756
2026-04-10T05:00:00+00:00,8945.81,8950.8,8944.289999999999,8946.789999999999,199.2536461636018
2026-04-10T05:30:00+00:00,8946.789999999999,8957.31,8946.789999999999,8953.8,240.26123013130615
2026-04-10T06:00:00+00:00,8953.8,8957.41,8948.39,8954.19,578
2026-04-10T07:00:00+00:00,8947.62,8968.84,8947.62,8968.33,362
2026-04-10T07:30:00+00:00,8968.33,8978.34,8965.32,8977.84,518
2026-04-10T08:00:00+00:00,8977.84,8983.82,8970.32,8982.32,726
2026-04-10T08:30:00+00:00,8982.32,8983.34,8965.33,8970.82,472
2026-04-10T09:00:00+00:00,8970.82,9007.32,8970.82,8998.34,1248
2026-04-10T09:30:00+00:00,8998.34,9008.82,8992.34,9005.84,804
2026-04-10T10:00:00+00:00,9005.84,9018.34,8999.32,9016.32,662
2026-04-10T10:30:00+00:00,9016.32,9022.84,9012.32,9016.82,664
2026-04-10T11:00:00+00:00,9016.82,9022.84,9013.82,9022.32,576
2026-04-10T11:30:00+00:00,9022.32,9028.84,9019.33,9021.32,527
2026-04-10T12:00:00+00:00,9021.32,9029.34,9019.33,9027.62,844
2026-04-10T12:30:00+00:00,9027.62,9054.64,9016.63,9025.82,976
2026-04-10T13:00:00+00:00,9025.82,9030.83,9016.32,9019.32,911
2026-04-10T13:30:00+00:00,9019.32,9022.34,8999.32,9015.34,1978
2026-04-10T14:00:00+00:00,9015.34,9027.84,9006.82,9020.34,1307
2026-04-10T14:30:00+00:00,9020.34,9024.34,9000.82,9008.83,1489
2026-04-10T15:00:00+00:00,9008.83,9017.34,9002.33,9004.33,1013
2026-04-10T15:30:00+00:00,9004.33,9008.34,8980.35,8982.34,1737.207740009187
2026-04-10T16:00:00+00:00,8982.34,8991.85,8977.85,8984.36,1080
2026-04-10T16:30:00+00:00,8984.36,8990.86,8976.34,8989.36,907
2026-04-10T17:00:00+00:00,8989.36,8989.36,8976.84,8980.86,809
2026-04-10T17:30:00+00:00,8980.86,8990.36,8977.84,8989.36,613
2026-04-10T18:00:00+00:00,8989.36,8994.86,8981.85,8991.35,544
2026-04-10T18:30:00+00:00,8991.35,8996.36,8989.84,8993.85,439
2026-04-10T19:00:00+00:00,8993.85,8997.36,8992.34,8992.86,269
2026-04-10T19:30:00+00:00,8992.86,8997.34,8984.84,8992.36,593.375366568915
2026-04-10T20:00:00+00:00,8992.36,8999.35,8990.84,8998.35,118.75473263571405
2026-04-10T20:30:00+00:00,8998.35,9003.84,8998.34,9003.84,58
2026-04-12T23:30:00+00:00,9003.32,9003.32,8899.04,8910.52,299
2026-04-13T00:00:00+00:00,8910.52,8918.42,8887.92,8907.43,1543
2026-04-13T00:30:00+00:00,8907.43,8931.94,8907.43,8922.43,694
2026-04-13T01:00:00+00:00,8922.43,8925.93,8909.92,8919.92,766
2026-04-13T01:30:00+00:00,8919.92,8933.93,8916.92,8923.44,524
2026-04-13T02:00:00+00:00,8923.44,8923.44,8907.42,8912.44,381
2026-04-13T02:30:00+00:00,8912.44,8915.93,8904.92,8914.42,298.43179555260537
2026-04-13T03:00:00+00:00,8914.42,8914.93,8901.92,8914.44,300.08446866485014
2026-04-13T03:30:00+00:00,8914.44,8914.93,8901.44,8901.44,277
2026-04-13T04:00:00+00:00,8901.44,8908.92,8897.92,8905.92,308
2026-04-13T04:30:00+00:00,8905.92,8916.94,8905.42,8914.43,291
2026-04-13T05:00:00+00:00,8914.43,8915.93,8909.92,8911.43,354.41929002009374
2026-04-13T05:30:00+00:00,8911.43,8913.94,8905.92,8910.92,329.79273625852574
2026-04-13T06:00:00+00:00,8910.92,8920.52,8907.52,8916.84,715
2026-04-13T07:00:00+00:00,8914.84,8942.04,8914.84,8942.04,422
2026-04-13T07:30:00+00:00,8942.04,8952.54,8933.52,8951.54,521
2026-04-13T08:00:00+00:00,8951.54,8961.54,8944.02,8952.02,812
2026-04-13T08:30:00+00:00,8952.02,8955.54,8940.52,8947.02,779
2026-04-13T09:00:00+00:00,8947.02,8956.53,8944.53,8949.02,756
2026-04-13T09:30:00+00:00,8949.02,8953.54,8944.53,8948.02,379
2026-04-13T10:00:00+00:00,8948.02,8951.54,8943.52,8948.53,407
2026-04-13T10:30:00+00:00,8948.53,8955.53,8947.02,8955.53,488
2026-04-13T11:00:00+00:00,8955.53,8963.53,8945.02,8946.53,797
2026-04-13T11:30:00+00:00,8946.53,8950.54,8931.52,8932.52,966
2026-04-13T12:00:00+00:00,8932.52,8942.03,8927.53,8939.54,729
2026-04-13T12:30:00+00:00,8939.54,8959.53,8938.54,8956.54,783
2026-04-13T13:00:00+00:00,8956.54,8970.04,8956.52,8967.02,601
2026-04-13T13:30:00+00:00,8967.02,9012.02,8959.54,9001.53,2558
2026-04-13T14:00:00+00:00,9001.53,9006.54,8989.53,9003.54,2212
2026-04-13T14:30:00+00:00,9003.54,9009.54,8995.52,9007.02,1365
2026-04-13T15:00:00+00:00,9007.02,9007.02,8989.53,8992.03,1398
2026-04-13T15:30:00+00:00,8992.03,8998.52,8985.52,8996.53,1266
2026-04-13T16:00:00+00:00,8996.53,9026.54,8992.52,9022.53,1538
2026-04-13T16:30:00+00:00,9022.53,9036.03,9016.52,9025.54,2202
2026-04-13T17:00:00+00:00,9025.54,9031.54,9023.52,9027.04,638
2026-04-13T17:30:00+00:00,9027.04,9029.54,9021.52,9022.04,556
2026-04-13T18:00:00+00:00,9022.04,9028.54,9021.52,9024.53,358
2026-04-13T18:30:00+00:00,9024.53,9034.52,9023.02,9031.53,487.39605873261206
2026-04-13T19:00:00+00:00,9031.53,9036.52,9028.02,9035.52,309
2026-04-13T19:30:00+00:00,9035.52,9043.03,9028.53,9036.53,706
2026-04-13T20:00:00+00:00,9036.53,9038.04,9033.02,9036.03,238
2026-04-13T20:30:00+00:00,9036.03,9038.84,9032.82,9032.82,109
2026-04-13T23:00:00+00:00,9038.51,9043.51,9032.51,9033.51,349.2226772047595
2026-04-13T23:30:00+00:00,9033.51,9033.51,9008.4,9008.91,593.2453635095893
2026-04-14T00:00:00+00:00,9008.91,9010.32,8968.810000000001,8974.800000000001,1922
2026-04-14T00:30:00+00:00,8974.800000000001,8980.800000000001,8937.800000000001,8943.300000000001,814
2026-04-14T01:00:00+00:00,8943.300000000001,8958.810000000001,8934.300000000001,8952.82,581
2026-04-14T01:30:00+00:00,8952.82,8975.300000000001,8944.800000000001,8974.800000000001,623
2026-04-14T02:00:00+00:00,8974.800000000001,8980.82,8969.810000000001,8970.300000000001,326
2026-04-14T02:30:00+00:00,8970.300000000001,8970.300000000001,8958.300000000001,8962.32,391
2026-04-14T03:00:00+00:00,8962.32,8962.82,8946.800000000001,8946.800000000001,380
2026-04-14T03:30:00+00:00,8946.800000000001,8950.82,8936.810000000001,8950.32,367
2026-04-14T04:00:00+00:00,8950.32,8964.82,8947.800000000001,8957.810000000001,323
2026-04-14T04:30:00+00:00,8957.810000000001,8967.32,8957.300000000001,8966.300000000001,204
2026-04-14T05:00:00+00:00,8966.300000000001,8972.310000000001,8962.810000000001,8967.300000000001,257.4935567010309
2026-04-14T05:30:00+00:00,8967.300000000001,8968.82,8958.300000000001,8965.310000000001,316
2026-04-14T06:00:00+00:00,8965.310000000001,8965.310000000001,8948.4,8958.720000000001,533
2026-04-14T07:00:00+00:00,8970.03,8999.73,8970.03,8991.73,609
2026-04-14T07:30:00+00:00,8991.73,8996.23,8979.71,8987.21,764
2026-04-14T08:00:00+00:00,8987.21,8992.23,8981.73,8986.22,925
2026-04-14T08:30:00+00:00,8986.22,8991.23,8975.71,8981.73,602
2026-04-14T09:00:00+00:00,8981.73,8984.73,8974.23,8975.72,496
2026-04-14T09:30:00+00:00,8975.72,8976.23,8960.71,8965.21,482
2026-04-14T10:00:00+00:00,8965.21,8968.21,8961.72,8961.72,445
2026-04-14T10:30:00+00:00,8961.72,8962.23,8945.21,8956.22,528
2026-04-14T11:00:00+00:00,8956.22,8960.73,8946.72,8960.23,452
2026-04-14T11:30:00+00:00,8960.23,8986.22,8959.73,8978.71,826
2026-04-14T12:00:00+00:00,8978.71,8984.23,8963.71,8980.02,724
2026-04-14T12:30:00+00:00,8980.02,8987.23,8969.72,8974.73,741
2026-04-14T13:00:00+00:00,8974.73,8984.73,8969.73,8975.71,612
2026-04-14T13:30:00+00:00,8975.71,8986.73,8963.21,8983.73,1626
2026-04-14T14:00:00+00:00,8983.73,8993.73,8977.71,8986.72,1283
2026-04-14T14:30:00+00:00,8986.72,8995.73,8983.21,8994.72,732
2026-04-14T15:00:00+00:00,8994.72,9002.73,8987.21,8998.22,1127
2026-04-14T15:30:00+00:00,8998.22,9004.73,8995.71,9002.23,642
2026-04-14T16:00:00+00:00,9002.23,9004.73,8997.73,9001.72,381
2026-04-14T16:30:00+00:00,9001.72,9002.73,8994.21,8995.21,302
2026-04-14T17:00:00+00:00,8995.21,9005.73,8995.21,9003.72,352.77839029768467
2026-04-14T17:30:00+00:00,9003.72,9009.73,9001.71,9005.71,257
2026-04-14T18:00:00+00:00,9005.71,9015.72,9003.23,9007.73,432.33887043189367
2026-04-14T18:30:00+00:00,9007.73,9013.23,9007.71,9012.71,347
2026-04-14T19:00:00+00:00,9012.71,9023.73,9012.21,9022.72,274
2026-04-14T19:30:00+00:00,9022.72,9024.73,9009.71,9015.73,448
2026-04-14T20:00:00+00:00,9015.73,9019.21,9014.71,9015.73,105.40961295380727
2026-04-14T20:30:00+00:00,9015.73,9018.03,9014.71,9018.03,82
2026-04-14T23:00:00+00:00,9013.51,9019.51,9011.51,9016.51,166.32275073879111
2026-04-14T23:30:00+00:00,9016.51,9035.51,9012.35,9021.359999999999,656.5392266347794
2026-04-15T00:00:00+00:00,9021.359999999999,9023.27,8998.26,9001.75,935
2026-04-15T00:30:00+00:00,9001.75,9005.77,8992.26,8996.75,459
2026-04-15T01:00:00+00:00,8996.75,9002.76,8989.27,9001.25,342
2026-04-15T01:30:00+00:00,9001.25,9002.27,8986.75,8995.25,314
2026-04-15T02:00:00+00:00,8995.25,8999.76,8992.25,8992.26,218
2026-04-15T02:30:00+00:00,8992.26,8997.27,8986.26,8992.25,235
2026-04-15T03:00:00+00:00,8992.25,8992.25,8982.25,8982.27,241
2026-04-15T03:30:00+00:00,8982.27,8992.27,8982.27,8987.26,279.4530587522713
2026-04-15T04:00:00+00:00,8987.26,8996.27,8987.26,8992.26,152
2026-04-15T04:30:00+00:00,8992.26,8995.26,8986.26,8989.26,247
2026-04-15T05:00:00+00:00,8989.26,8996.77,8984.25,8984.76,569
2026-04-15T05:30:00+00:00,8984.76,8988.77,8979.25,8987.77,380
2026-04-15T06:00:00+00:00,8987.77,8999.869999999999,8980.85,8999.15,643
2026-04-15T07:00:00+00:00,8987.67,8993.39,8983.68,8985.88,319
2026-04-15T07:30:00+00:00,8985.88,8988.88,8981.39,8982.88,386
2026-04-15T08:00:00+00:00,8982.88,8986.39,8978.38,8986.39,454
2026-04-15T08:30:00+00:00,8986.39,8995.39,8984.88,8994.39,375.67243510506796
2026-04-15T09:00:00+00:00,8994.39,8997.39,8975.88,8980.39,919
2026-04-15T09:30:00+00:00,8980.39,8984.39,8977.37,8979.89,545
2026-04-15T10:00:00+00:00,8979.89,8988.88,8970.38,8973.88,994
2026-04-15T10:30:00+00:00,8973.88,8991.38,8971.37,8987.37,830
2026-04-15T11:00:00+00:00,8987.37,8990.89,8984.87,8986.37,417
2026-04-15T11:30:00+00:00,8986.37,9008.67,8985.88,8998.39,815
2026-04-15T12:00:00+00:00,8998.39,8998.88,8977.87,8981.39,619
2026-04-15T12:30:00+00:00,8981.39,8988.89,8976.37,8987.39,393
2026-04-15T13:00:00+00:00,8987.39,8994.39,8983.38,8993.38,423
2026-04-15T13:30:00+00:00,8993.38,8998.39,8980.38,8997.38,1608
2026-04-15T14:00:00+00:00,8997.38,8999.39,8986.89,8997.37,1045
2026-04-15T14:30:00+00:00,8997.37,8998.38,8980.37,8986.87,775
2026-04-15T15:00:00+00:00,8986.87,8987.69,8975.87,8981.89,944
2026-04-15T15:30:00+00:00,8981.89,8982.39,8969.38,8973.39,773
2026-04-15T16:00:00+00:00,8973.39,8984.39,8970.39,8984.37,540
2026-04-15T16:30:00+00:00,8984.37,8985.39,8972.87,8978.37,665
2026-04-15T17:00:00+00:00,8978.37,8985.88,8977.37,8981.37,412
2026-04-15T17:30:00+00:00,8981.37,8986.39,8978.37,8978.37,293
2026-04-15T18:00:00+00:00,8978.37,8987.38,8973.87,8983.87,728
2026-04-15T18:30:00+00:00,8983.87,8989.39,8981.87,8988.37,262
2026-04-15T19:00:00+00:00,8988.37,8989.88,8984.37,8989.38,294
2026-04-15T19:30:00+00:00,8989.38,8993.38,8981.37,8985.39,474
2026-04-15T20:00:00+00:00,8985.39,8989.360000000002,8982.39,8984.880000000001,169.07495647732546
2026-04-15T20:30:00+00:00,8984.880000000001,8989.380000000001,8984.360000000002,8986.660000000002,106.19566468444273
2026-04-15T23:00:00+00:00,8996.51,8999.41,8991.41,8991.41,174.49897621872276
2026-04-15T23:30:00+00:00,8991.41,9020.09,8990.41,9011.57,437.90392068625226
2026-04-16T00:00:00+00:00,9011.57,9021.97,8988.48,8989.99,1175
2026-04-16T00:30:00+00:00,8989.99,8994.99,8972.47,8972.98,450
2026-04-16T01:00:00+00:00,8972.98,8983.48,8970.97,8976.47,444
2026-04-16T01:30:00+00:00,8976.47,8988.48,8962.47,8965.47,520
2026-04-16T02:00:00+00:00,8965.47,8968.47,8960.47,8960.99,350
2026-04-16T02:30:00+00:00,8960.99,8972.49,8960.48,8970.48,307
2026-04-16T03:00:00+00:00,8970.48,8976.49,8956.48,8957.99,356
2026-04-16T03:30:00+00:00,8957.99,8968.99,8954.47,8954.49,295
2026-04-16T04:00:00+00:00,8954.49,8961.48,8949.47,8950.49,250
2026-04-16T04:30:00+00:00,8950.49,8957.49,8948.48,8952.47,332
2026-04-16T05:00:00+00:00,8952.47,8953.47,8945.48,8950.99,327
2026-04-16T05:30:00+00:00,8950.99,8959.99,8950.48,8959.49,225
2026-04-16T06:00:00+00:00,8959.49,8967.08,8954.08,8963.39,630
2026-04-16T07:00:00+00:00,8950.65,8956.35,8945.63,8952.84,228
2026-04-16T07:30:00+00:00,8952.84,8956.85,8946.34,8947.84,316
2026-04-16T08:00:00+00:00,8947.84,8947.84,8926.83,8929.83,586
2026-04-16T08:30:00+00:00,8929.83,8931.85,8925.33,8928.83,340
2026-04-16T09:00:00+00:00,8928.83,8934.34,8927.33,8932.35,279
2026-04-16T09:30:00+00:00,8932.35,8933.35,8924.33,8925.33,229
2026-04-16T10:00:00+00:00,8925.33,8938.35,8925.33,8935.84,226
2026-04-16T10:30:00+00:00,8935.84,8941.35,8932.83,8940.33,296
2026-04-16T11:00:00+00:00,8940.33,8941.33,8932.34,8937.84,245.99273021001616
2026-04-16T11:30:00+00:00,8937.84,8942.85,8936.33,8940.85,365
2026-04-16T12:00:00+00:00,8940.85,8943.35,8935.35,8941.33,344
2026-04-16T12:30:00+00:00,8941.33,8943.33,8934.83,8940.35,403
2026-04-16T13:00:00+00:00,8940.35,8945.83,8938.35,8944.35,348.6215738284704
2026-04-16T13:30:00+00:00,8944.35,8957.83,8918.83,8935.33,2019
2026-04-16T14:00:00+00:00,8935.33,8939.85,8916.83,8920.33,1899
2026-04-16T14:30:00+00:00,8920.33,8928.33,8910.85,8922.34,1471
2026-04-16T15:00:00+00:00,8922.34,8937.35,8919.33,8920.34,1032
2026-04-16T15:30:00+00:00,8920.34,8930.34,8910.33,8922.33,1534
2026-04-16T16:00:00+00:00,8922.33,8927.35,8917.84,8919.35,539
2026-04-16T16:30:00+00:00,8919.35,8920.35,8907.33,8913.33,1211
2026-04-16T17:00:00+00:00,8913.33,8917.35,8905.33,8913.35,828
2026-04-16T17:30:00+00:00,8913.35,8920.35,8912.35,8918.34,626
2026-04-16T18:00:00+00:00,8918.34,8925.35,8916.33,8919.85,815
2026-04-16T18:30:00+00:00,8919.85,8926.35,8918.84,8925.35,396
2026-04-16T19:00:00+00:00,8925.35,8931.85,8925.33,8928.35,322
2026-04-16T19:30:00+00:00,8928.35,8936.35,8926.33,8933.34,499
2026-04-16T20:00:00+00:00,8933.34,8934.33,8928.33,8930.85,153.11811377888498
2026-04-16T20:30:00+00:00,8930.85,8941.13,8930.83,8941.13,88.05365206086168
2026-04-16T23:00:00+00:00,8943.55,8943.55,8934.55,8936.55,225.49081390511896
2026-04-16T23:30:00+00:00,8936.55,8947.84,8927.85,8932.35,474.7640098054992
2026-04-17T00:00:00+00:00,8932.35,8944.25,8899.73,8906.74,1527
2026-04-17T00:30:00+00:00,8906.74,8929.73,8904.74,8917.74,802
2026-04-17T01:00:00+00:00,8917.74,8917.74,8896.74,8905.23,625
2026-04-17T01:30:00+00:00,8905.23,8925.25,8902.75,8924.24,389
2026-04-17T02:00:00+00:00,8924.24,8931.25,8916.23,8916.23,356
2026-04-17T02:30:00+00:00,8916.23,8925.75,8914.24,8921.24,310
2026-04-17T03:00:00+00:00,8921.24,8925.73,8917.73,8920.24,218
2026-04-17T03:30:00+00:00,8920.24,8929.75,8916.73,8926.74,213
2026-04-17T04:00:00+00:00,8926.74,8932.25,8923.74,8926.75,172.0997952917093
2026-04-17T04:30:00+00:00,8926.75,8934.75,8924.75,8932.74,176
2026-04-17T05:00:00+00:00,8932.74,8934.75,8928.73,8932.75,182.30352303523034
2026-04-17T05:30:00+00:00,8932.75,8936.25,8928.23,8934.24,209
2026-04-17T06:00:00+00:00,8934.24,8944.64,8930.35,8943.64,612
2026-04-17T07:00:00+00:00,8942.72,8949.43,8934.42,8947.91,201
2026-04-17T07:30:00+00:00,8947.91,8956.93,8946.91,8955.41,278
2026-04-17T08:00:00+00:00,8955.41,8957.43,8950.91,8956.43,337
2026-04-17T08:30:00+00:00,8956.43,8963.43,8953.41,8962.92,293
2026-04-17T09:00:00+00:00,8962.92,8964.41,8956.42,8963.43,293
2026-04-17T09:30:00+00:00,8963.43,8971.93,8961.42,8969.41,332
2026-04-17T10:00:00+00:00,8969.41,8969.41,8961.93,8964.43,273
2026-04-17T10:30:00+00:00,8964.43,8964.43,8957.41,8960.43,269.7359855334539
2026-04-17T11:00:00+00:00,8960.43,8964.93,8950.41,8950.91,346.36567164179104
2026-04-17T11:30:00+00:00,8950.91,8959.41,8950.91,8957.43,298
2026-04-17T12:00:00+00:00,8957.43,8977.93,8955.92,8976.92,829
2026-04-17T12:30:00+00:00,8976.92,9027.43,8975.41,9021.43,2976
2026-04-17T13:00:00+00:00,9021.43,9045.43,9016.41,9019.42,2876
2026-04-17T13:30:00+00:00,9019.42,9026.43,9001.41,9023.43,3569
2026-04-17T14:00:00+00:00,9023.43,9035.43,9017.42,9029.93,1837
2026-04-17T14:30:00+00:00,9029.93,9049.43,9025.41,9033.41,1692
2026-04-17T15:00:00+00:00,9033.41,9036.91,9016.91,9018.42,1870
2026-04-17T15:30:00+00:00,9018.42,9027.93,9016.91,9023.42,1433
2026-04-17T16:00:00+00:00,9023.42,9030.91,9019.41,9027.42,806.705900601849
2026-04-17T16:30:00+00:00,9027.42,9032.91,9026.9,9027.92,485
2026-04-17T17:00:00+00:00,9027.92,9029.92,8999.4,9006.41,1720
2026-04-17T17:30:00+00:00,9006.41,9015.91,9002.92,9012.91,898
2026-04-17T18:00:00+00:00,9012.91,9015.92,9004.42,9009.92,962
2026-04-17T18:30:00+00:00,9009.92,9014.91,9003.4,9006.9,599
2026-04-17T19:00:00+00:00,9006.9,9011.91,9004.9,9008.9,446
2026-04-17T19:30:00+00:00,9008.9,9020.92,9008.9,9017.42,611
2026-04-17T20:00:00+00:00,9017.42,9019.9,9015.9,9016.9,147.18458742529617
2026-04-17T20:30:00+00:00,9016.9,9020.41,9015.92,9020.199999999999,55
2026-04-19T23:30:00+00:00,9021.71,9021.71,8930.88,8932.39,239
2026-04-20T00:00:00+00:00,8932.39,8934.3,8897.78,8915.29,2156
2026-04-20T00:30:00+00:00,8915.29,8922.28,8895.78,8922.28,890
2026-04-20T01:00:00+00:00,8922.28,8949.3,8922.28,8949.3,737
2026-04-20T01:30:00+00:00,8949.3,8953.29,8935.29,8935.78,547
2026-04-20T02:00:00+00:00,8935.78,8948.8,8932.78,8948.3,292
2026-04-20T02:30:00+00:00,8948.3,8954.8,8940.29,8942.28,209
2026-04-20T03:00:00+00:00,8942.28,8948.3,8939.78,8943.28,236
2026-04-20T03:30:00+00:00,8943.28,8951.29,8943.28,8944.28,232
2026-04-20T04:00:00+00:00,8944.28,8948.28,8941.78,8942.28,162
2026-04-20T04:30:00+00:00,8942.28,8953.29,8941.3,8953.28,197
2026-04-20T05:00:00+00:00,8953.28,8954.29,8941.28,8942.79,228
2026-04-20T05:30:00+00:00,8942.79,8951.3,8935.78,8950.28,395
2026-04-20T06:00:00+00:00,8950.28,8958.4,8940.38,8945.69,737
2026-04-20T07:00:00+00:00,8945.69,8962.4,8945.69,8952.89,568
2026-04-20T07:30:00+00:00,8952.89,8956.4,8937.88,8943.4,1349
2026-04-20T08:00:00+00:00,8943.4,8948.9,8935.38,8947.89,1258
2026-04-20T08:30:00+00:00,8947.89,8955.9,8943.88,8953.38,769
2026-04-20T09:00:00+00:00,8953.38,8967.9,8952.88,8967.9,693
2026-04-20T09:30:00+00:00,8967.9,8970.89,8964.38,8965.9,507
2026-04-20T10:00:00+00:00,8965.9,8976.9,8964.38,8969.4,521
2026-04-20T10:30:00+00:00,8969.4,8969.9,8957.89,8959.38,447
2026-04-20T11:00:00+00:00,8959.38,8960.89,8949.89,8954.4,688
2026-04-20T11:30:00+00:00,8954.4,8966.4,8952.38,8964.9,958
2026-04-20T12:00:00+00:00,8964.9,8972.89,8959.9,8965.4,1043
2026-04-20T12:30:00+00:00,8965.4,8969.9,8955.88,8958.38,805
2026-04-20T13:00:00+00:00,8958.38,8979.4,8953.89,8978.89,1668
2026-04-20T13:30:00+00:00,8978.89,8989.9,8976.88,8985.9,2498
2026-04-20T14:00:00+00:00,8985.9,8985.9,8958.38,8971.39,1814
2026-04-20T14:30:00+00:00,8971.39,8975.4,8940.38,8959.9,2911
2026-04-20T15:00:00+00:00,8959.9,8972.4,8949.88,8970.38,2241
2026-04-20T15:30:00+00:00,8970.38,8971.89,8957.88,8963.89,1337
2026-04-20T16:00:00+00:00,8963.89,8964.9,8956.88,8961.4,676
2026-04-20T16:30:00+00:00,8961.4,8963.9,8955.88,8957.4,717
2026-04-20T17:00:00+00:00,8957.4,8963.4,8955.88,8956.9,675.9206349206349
2026-04-20T17:30:00+00:00,8956.9,8962.4,8952.89,8954.4,541
2026-04-20T18:00:00+00:00,8954.4,8960.9,8950.39,8952.9,737
2026-04-20T18:30:00+00:00,8952.9,8955.4,8948.89,8953.9,388
2026-04-20T19:00:00+00:00,8953.9,8958.9,8952.88,8952.89,182.75764705882352
2026-04-20T19:30:00+00:00,8952.89,8966.89,8949.88,8966.4,585
2026-04-20T20:00:00+00:00,8966.4,8977.9,8965.38,8976.89,194
2026-04-20T20:30:00+00:00,8976.89,8994.68,8975.38,8991.68,371
2026-04-20T23:00:00+00:00,9000.01,9001.01,8996.01,8997.01,216.45698774633976
2026-04-20T23:30:00+00:00,8997.01,8997.01,8969.67,8970.17,600.8359352089799
2026-04-21T00:00:00+00:00,8970.17,8976.56,8945.56,8949.06,1250
2026-04-21T00:30:00+00:00,8949.06,8949.58,8925.56,8927.58,1045
2026-04-21T01:00:00+00:00,8927.58,8935.08,8907.57,8932.07,750
2026-04-21T01:30:00+00:00,8932.07,8943.58,8925.57,8942.57,598
2026-04-21T02:00:00+00:00,8942.57,8944.58,8929.56,8934.06,361
2026-04-21T02:30:00+00:00,8934.06,8942.07,8929.56,8936.56,445
2026-04-21T03:00:00+00:00,8936.56,8939.58,8924.06,8929.58,308
2026-04-21T03:30:00+00:00,8929.58,8929.58,8921.56,8926.08,194
2026-04-21T04:00:00+00:00,8926.08,8931.58,8924.56,8931.57,189
2026-04-21T04:30:00+00:00,8931.57,8938.58,8928.56,8936.57,249.8168168168168
2026-04-21T05:00:00+00:00,8936.57,8945.56,8934.06,8941.06,267.16770186335407
2026-04-21T05:30:00+00:00,8941.06,8945.57,8939.56,8941.57,280.4109907120743
2026-04-21T06:00:00+00:00,8941.57,8951.18,8937.16,8947.47,767
2026-04-21T07:00:00+00:00,8949.14,8949.14,8936.14,8945.84,509
2026-04-21T07:30:00+00:00,8945.84,8954.84,8939.33,8946.85,601.3809523809524
2026-04-21T08:00:00+00:00,8946.85,8948.83,8933.83,8947.35,961
2026-04-21T08:30:00+00:00,8947.35,8957.84,8943.34,8949.84,554
2026-04-21T09:00:00+00:00,8949.84,8959.84,8942.84,8954.85,545
2026-04-21T09:30:00+00:00,8954.85,8967.85,8954.33,8962.83,490
2026-04-21T10:00:00+00:00,8962.83,8965.34,8957.83,8959.35,544
2026-04-21T10:30:00+00:00,8959.35,8969.84,8958.84,8966.84,374
2026-04-21T11:00:00+00:00,8966.84,8966.84,8951.84,8957.83,972
2026-04-21T11:30:00+00:00,8957.83,8966.35,8953.84,8956.34,441
2026-04-21T12:00:00+00:00,8956.34,8960.35,8950.83,8959.84,617
2026-04-21T12:30:00+00:00,8959.84,8962.35,8934.83,8937.35,1448
2026-04-21T13:00:00+00:00,8937.35,8941.85,8932.83,8936.83,884
2026-04-21T13:30:00+00:00,8936.83,8944.84,8926.83,8931.85,2342
2026-04-21T14:00:00+00:00,8931.85,8936.85,8920.33,8924.34,1282
2026-04-21T14:30:00+00:00,8924.34,8926.84,8876.85,8879.85,2449
2026-04-21T15:00:00+00:00,8879.85,8888.85,8861.83,8878.33,3537
2026-04-21T15:30:00+00:00,8878.33,8886.85,8867.33,8879.83,2598
2026-04-21T16:00:00+00:00,8879.83,8891.85,8875.33,8876.83,1872
2026-04-21T16:30:00+00:00,8876.83,8884.35,8865.85,8866.85,1094
2026-04-21T17:00:00+00:00,8866.85,8873.85,8846.33,8859.33,2240
2026-04-21T17:30:00+00:00,8859.33,8885.84,8858.83,8869.85,2626
2026-04-21T18:00:00+00:00,8869.85,8877.35,8859.83,8863.85,1632
2026-04-21T18:30:00+00:00,8863.85,8880.35,8860.83,8874.35,2031
2026-04-21T19:00:00+00:00,8874.35,8890.85,8873.83,8890.85,1954
2026-04-21T19:30:00+00:00,8890.85,8891.85,8841.83,8847.84,4294
2026-04-21T20:00:00+00:00,8847.84,8887.84,8843.83,8879.35,2359
2026-04-21T20:30:00+00:00,8879.35,8883.85,8877.83,8882.65,450
2026-04-21T23:00:00+00:00,8881.51,8894.51,8880.51,8891.51,512.9124675084757
2026-04-21T23:30:00+00:00,8891.51,8925.720000000001,8888.51,8924.2,1174.135367355634
2026-04-22T00:00:00+00:00,8924.2,8927.12,8896.61,8897.12,1691
2026-04-22T00:30:00+00:00,8897.12,8916.11,8896.62,8911.12,576
2026-04-22T01:00:00+00:00,8911.12,8913.1,8882.11,8883.62,531
2026-04-22T01:30:00+00:00,8883.62,8899.12,8882.1,8895.61,440
2026-04-22T02:00:00+00:00,8895.61,8898.12,8885.61,8891.12,426.6930807885582
2026-04-22T02:30:00+00:00,8891.12,8903.12,8886.11,8899.1,278
2026-04-22T03:00:00+00:00,8899.1,8903.62,8883.12,8889.12,250
2026-04-22T03:30:00+00:00,8889.12,8895.12,8885.1,8885.6,262
2026-04-22T04:00:00+00:00,8885.6,8887.1,8879.1,8880.61,261
2026-04-22T04:30:00+00:00,8880.61,8880.61,8867.1,8868.12,371
2026-04-22T05:00:00+00:00,8868.12,8893.12,8864.6,8883.6,1231
2026-04-22T05:30:00+00:00,8883.6,8886.62,8872.1,8874.12,538
2026-04-22T06:00:00+00:00,8874.12,8878.52,8863.2,8878.01,687
2026-04-22T07:00:00+00:00,8851.15,8863.35,8847.35,8859.85,609
2026-04-22T07:30:00+00:00,8859.85,8861.36,8846.34,8847.36,593
2026-04-22T08:00:00+00:00,8847.36,8849.35,8822.84,8824.85,1062
2026-04-22T08:30:00+00:00,8824.85,8834.85,8815.86,8832.84,1133
2026-04-22T09:00:00+00:00,8832.84,8847.86,8830.84,8846.35,1180
2026-04-22T09:30:00+00:00,8846.35,8847.86,8829.85,8837.86,761
2026-04-22T10:00:00+00:00,8837.86,8841.86,8822.84,8834.85,1126
2026-04-22T10:30:00+00:00,8834.85,8844.86,8834.34,8843.34,640
2026-04-22T11:00:00+00:00,8843.34,8843.86,8829.35,8833.84,724
2026-04-22T11:30:00+00:00,8833.84,8840.36,8829.35,8838.84,938
2026-04-22T12:00:00+00:00,8838.84,8846.36,8830.34,8830.36,761
2026-04-22T12:30:00+00:00,8830.36,8830.36,8816.34,8816.85,1395
2026-04-22T13:00:00+00:00,8816.85,8829.84,8814.84,8826.84,1864
2026-04-22T13:30:00+00:00,8826.84,8832.86,8818.36,8825.35,3073
2026-04-22T14:00:00+00:00,8825.35,8829.85,8811.84,8821.84,1721
2026-04-22T14:30:00+00:00,8821.84,8822.86,8799.84,8806.36,2105
2026-04-22T15:00:00+00:00,8806.36,8820.86,8802.86,8817.85,1796
2026-04-22T15:30:00+00:00,8817.85,8819.86,8794.86,8807.34,1249
2026-04-22T16:00:00+00:00,8807.34,8820.85,8804.84,8805.84,987
2026-04-22T16:30:00+00:00,8805.84,8805.84,8790.86,8796.85,999
2026-04-22T17:00:00+00:00,8796.85,8815.34,8795.84,8811.36,1198
2026-04-22T17:30:00+00:00,8811.36,8818.36,8811.36,8816.85,638
2026-04-22T18:00:00+00:00,8816.85,8816.85,8805.34,8811.35,640
2026-04-22T18:30:00+00:00,8811.35,8816.86,8809.84,8812.84,508.3403382880574
2026-04-22T19:00:00+00:00,8812.84,8820.36,8801.86,8819.84,631
2026-04-22T19:30:00+00:00,8819.84,8827.86,8816.84,8825.86,571.680745341615
2026-04-22T20:00:00+00:00,8825.86,8825.86,8817.37,8819.87,400.100987432675
2026-04-22T20:30:00+00:00,8819.87,8824.67,8816.35,8824.67,320.9647411852963
2026-04-22T23:00:00+00:00,8824.01,8827.01,8821.01,8826.01,268.22335711516064
2026-04-22T23:30:00+00:00,8826.01,8839.01,8773.94,8798.43,962.3958436377133
2026-04-23T00:00:00+00:00,8798.43,8800.35,8730.33,8798.85,5397
2026-04-23T00:30:00+00:00,8798.85,8814.85,8785.83,8803.85,1676
2026-04-23T01:00:00+00:00,8803.85,8803.85,8770.33,8770.85,968
2026-04-23T01:30:00+00:00,8770.85,8784.84,8759.34,8763.84,884
2026-04-23T02:00:00+00:00,8763.84,8768.84,8751.84,8754.83,906
2026-04-23T02:30:00+00:00,8754.83,8768.85,8749.83,8763.83,910
2026-04-23T03:00:00+00:00,8763.83,8766.35,8752.84,8760.33,858
2026-04-23T03:30:00+00:00,8760.33,8762.85,8749.83,8754.85,1076
2026-04-23T04:00:00+00:00,8754.85,8759.84,8745.35,8755.34,560
2026-04-23T04:30:00+00:00,8755.34,8765.85,8754.84,8764.85,467.17185338865835
2026-04-23T05:00:00+00:00,8764.85,8767.83,8760.33,8761.83,373
2026-04-23T05:30:00+00:00,8761.83,8774.35,8759.84,8772.83,498
2026-04-23T06:00:00+00:00,8772.83,8802.43,8771.43,8798.23,737
2026-04-23T07:00:00+00:00,8807.38,8808.6,8798.59,8805.59,575
2026-04-23T07:30:00+00:00,8805.59,8812.58,8799.59,8801.6,960
2026-04-23T08:00:00+00:00,8801.6,8806.59,8791.1,8800.1,1067
2026-04-23T08:30:00+00:00,8800.1,8801.09,8782.58,8784.09,1116
2026-04-23T09:00:00+00:00,8784.09,8790.09,8770.1,8784.59,1345
2026-04-23T09:30:00+00:00,8784.59,8789.09,8776.08,8777.58,929
2026-04-23T10:00:00+00:00,8777.58,8783.59,8764.58,8778.08,1026
2026-04-23T10:30:00+00:00,8778.08,8797.59,8777.59,8796.08,822
2026-04-23T11:00:00+00:00,8796.08,8800.1,8782.58,8786.08,881
2026-04-23T11:30:00+00:00,8786.08,8813.09,8780.08,8809.1,1751
2026-04-23T12:00:00+00:00,8809.1,8831.1,8807.58,8825.08,1380
2026-04-23T12:30:00+00:00,8825.08,8827.59,8811.58,8825.59,1995
2026-04-23T13:00:00+00:00,8825.59,8833.1,8818.58,8832.08,1055
2026-04-23T13:30:00+00:00,8832.08,8848.6,8831.58,8838.09,2123
2026-04-23T14:00:00+00:00,8838.09,8841.6,8825.59,8837.09,2360
2026-04-23T14:30:00+00:00,8837.09,8845.09,8833.08,8842.58,1747
2026-04-23T15:00:00+00:00,8842.58,8846.58,8833.58,8843.09,1477
2026-04-23T15:30:00+00:00,8843.09,8843.6,8818.58,8828.09,1960
2026-04-23T16:00:00+00:00,8828.09,8832.6,8822.08,8830.08,1456
2026-04-23T16:30:00+00:00,8830.08,8838.08,8828.09,8832.58,924
2026-04-23T17:00:00+00:00,8832.58,8834.6,8771.58,8772.1,5103
2026-04-23T17:30:00+00:00,8772.1,8795.6,8745.58,8792.58,7927
2026-04-23T18:00:00+00:00,8792.58,8811.6,8789.59,8811.58,3659
2026-04-23T18:30:00+00:00,8811.58,8818.58,8796.58,8800.1,1614
2026-04-23T19:00:00+00:00,8800.1,8805.1,8794.59,8796.58,1513
2026-04-23T19:30:00+00:00,8796.58,8807.6,8784.09,8803.08,1719
2026-04-23T20:00:00+00:00,8803.08,8808.6,8795.59,8802.59,475
2026-04-23T20:30:00+00:00,8802.59,8803.59,8791.89,8791.89,299
2026-04-23T23:00:00+00:00,8812.11,8822.11,8810.11,8810.11,755.6134764887157
2026-04-23T23:30:00+00:00,8810.11,8844.6,8806.11,8826.1,1567.5395224777062
2026-04-24T00:00:00+00:00,8826.1,8830.510000000002,8786.500000000002,8805.000000000002,1824
2026-04-24T00:30:00+00:00,8805.000000000002,8809.510000000002,8787.500000000002,8793.500000000002,1220
2026-04-24T01:00:00+00:00,8793.500000000002,8793.500000000002,8773.490000000002,8775.000000000002,1012
2026-04-24T01:30:00+00:00,8775.000000000002,8804.510000000002,8763.490000000002,8801.490000000002,1135
2026-04-24T02:00:00+00:00,8801.490000000002,8802.010000000002,8780.490000000002,8782.010000000002,996
2026-04-24T02:30:00+00:00,8782.010000000002,8786.500000000002,8775.500000000002,8784.510000000002,791
2026-04-24T03:00:00+00:00,8784.510000000002,8787.510000000002,8772.990000000002,8776.500000000002,846
2026-04-24T03:30:00+00:00,8776.500000000002,8783.510000000002,8773.490000000002,8773.500000000002,713
2026-04-24T04:00:00+00:00,8773.500000000002,8786.510000000002,8770.510000000002,8785.490000000002,582
2026-04-24T04:30:00+00:00,8785.490000000002,8805.510000000002,8785.490000000002,8802.990000000002,465
2026-04-24T05:00:00+00:00,8802.990000000002,8805.510000000002,8796.990000000002,8803.510000000002,568
2026-04-24T05:30:00+00:00,8803.510000000002,8819.510000000002,8803.510000000002,8816.000000000002,491
2026-04-24T06:00:00+00:00,8816.000000000002,8820.11,8803.6,8805.910000000002,771
2026-04-24T07:00:00+00:00,8776.69,8786.89,8776.69,8784.88,437
2026-04-24T07:30:00+00:00,8784.88,8784.88,8771.89,8782.87,682
2026-04-24T08:00:00+00:00,8782.87,8785.37,8764.89,8767.89,1493
2026-04-24T08:30:00+00:00,8767.89,8767.89,8752.37,8758.39,1210
2026-04-24T09:00:00+00:00,8758.39,8765.39,8751.87,8754.39,1451
2026-04-24T09:30:00+00:00,8754.39,8764.89,8752.87,8761.38,875
2026-04-24T10:00:00+00:00,8761.38,8773.89,8761.38,8771.88,791
2026-04-24T10:30:00+00:00,8771.88,8776.39,8769.37,8773.88,469
2026-04-24T11:00:00+00:00,8773.88,8825.39,8772.87,8824.89,4311
2026-04-24T11:30:00+00:00,8824.89,8827.39,8797.88,8807.39,1509
2026-04-24T12:00:00+00:00,8807.39,8810.89,8797.87,8804.88,1607
2026-04-24T12:30:00+00:00,8804.88,8804.88,8764.37,8773.38,1488
2026-04-24T13:00:00+00:00,8773.38,8783.39,8768.87,8772.89,1208
2026-04-24T13:30:00+00:00,8772.89,8776.89,8752.87,8760.87,3464
2026-04-24T14:00:00+00:00,8760.87,8771.87,8750.88,8763.38,3498
2026-04-24T14:30:00+00:00,8763.38,8768.88,8754.87,8759.87,2179
2026-04-24T15:00:00+00:00,8759.87,8762.87,8745.87,8748.88,1361
2026-04-24T15:30:00+00:00,8748.88,8777.38,8743.37,8762.380000000001,3285.026593998293
2026-04-24T16:00:00+00:00,8762.380000000001,8763.4,8752.39,8755.39,1386
2026-04-24T16:30:00+00:00,8755.39,8759.9,8746.380000000001,8752.9,895
2026-04-24T17:00:00+00:00,8752.9,8755.4,8744.880000000001,8750.4,603
2026-04-24T17:30:00+00:00,8750.4,8758.39,8746.4,8751.39,765
2026-04-24T18:00:00+00:00,8751.39,8752.4,8742.380000000001,8743.380000000001,572
2026-04-24T18:30:00+00:00,8743.380000000001,8747.89,8742.380000000001,8744.4,437
2026-04-24T19:00:00+00:00,8744.4,8748.880000000001,8741.380000000001,8743.89,455
2026-04-24T19:30:00+00:00,8743.89,8749.9,8739.89,8747.39,500
2026-04-24T20:00:00+00:00,8747.39,8747.39,8740.4,8744.89,234
2026-04-24T20:30:00+00:00,8744.89,8750.9,8744.89,8750.9,101.16859259259259
2026-04-26T23:30:00+00:00,8750.39,8750.39,8736.86,8737.87,176
2026-04-27T00:00:00+00:00,8737.87,8751.27,8729.26,8732.25,1316
2026-04-27T00:30:00+00:00,8732.25,8737.26,8725.25,8732.75,714
2026-04-27T01:00:00+00:00,8732.75,8753.27,8732.75,8740.27,1400
2026-04-27T01:30:00+00:00,8740.27,8760.27,8738.25,8760.25,867
2026-04-27T02:00:00+00:00,8760.25,8767.76,8752.26,8760.76,476
2026-04-27T02:30:00+00:00,8760.76,8769.27,8757.25,8767.27,428
2026-04-27T03:00:00+00:00,8767.27,8772.27,8759.75,8763.27,412
2026-04-27T03:30:00+00:00,8763.27,8774.25,8760.25,8767.26,380
2026-04-27T04:00:00+00:00,8767.26,8776.27,8764.75,8772.77,239.3391089108911
2026-04-27T04:30:00+00:00,8772.77,8775.26,8768.25,8770.76,267
2026-04-27T05:00:00+00:00,8770.76,8771.26,8757.76,8759.77,353.5341812400636
2026-04-27T05:30:00+00:00,8759.77,8760.27,8749.26,8753.27,446
2026-04-27T06:00:00+00:00,8753.27,8760.17,8749.86,8759.15,605
2026-04-27T07:00:00+00:00,8760.15,8763.86,8747.85,8750.86,570
2026-04-27T07:30:00+00:00,8750.86,8752.35,8739.85,8740.85,727
2026-04-27T08:00:00+00:00,8740.85,8743.86,8730.85,8741.86,1034
2026-04-27T08:30:00+00:00,8741.86,8749.37,8740.85,8749.35,475
2026-04-27T09:00:00+00:00,8749.35,8751.87,8746.85,8748.87,346
2026-04-27T09:30:00+00:00,8748.87,8754.87,8748.85,8753.36,249
2026-04-27T10:00:00+00:00,8753.36,8756.36,8750.35,8754.86,285
2026-04-27T10:30:00+00:00,8754.86,8765.85,8754.36,8760.37,450
2026-04-27T11:00:00+00:00,8760.37,8762.37,8753.35,8760.86,393
2026-04-27T11:30:00+00:00,8760.86,8764.37,8755.86,8757.36,322
2026-04-27T12:00:00+00:00,8757.36,8758.86,8739.85,8743.35,541
2026-04-27T12:30:00+00:00,8743.35,8743.86,8719.87,8722.87,849
2026-04-27T13:00:00+00:00,8722.87,8726.87,8717.86,8724.87,1101
2026-04-27T13:30:00+00:00,8724.87,8738.87,8717.86,8735.87,2052
2026-04-27T14:00:00+00:00,8735.87,8737.86,8724.87,8727.35,1549
2026-04-27T14:30:00+00:00,8727.35,8727.85,8704.86,8708.35,1252
2026-04-27T15:00:00+00:00,8708.35,8708.87,8691.85,8701.86,1132
2026-04-27T15:30:00+00:00,8701.86,8704.87,8694.86,8702.36,686
2026-04-27T16:00:00+00:00,8702.36,8706.87,8698.85,8700.85,445
2026-04-27T16:30:00+00:00,8700.85,8703.85,8699.36,8701.37,255
2026-04-27T17:00:00+00:00,8701.37,8703.87,8692.85,8701.37,458
2026-04-27T17:30:00+00:00,8701.37,8707.87,8697.35,8698.86,254.93048128342247
2026-04-27T18:00:00+00:00,8698.86,8700.87,8696.87,8700.36,196.61534196201666
2026-04-27T18:30:00+00:00,8700.36,8703.87,8698.85,8702.37,194
2026-04-27T19:00:00+00:00,8702.37,8713.37,8701.86,8711.86,185
2026-04-27T19:30:00+00:00,8711.86,8714.87,8704.37,8706.87,318
2026-04-27T20:00:00+00:00,8706.87,8707.37,8702.85,8704.85,88
2026-04-27T20:30:00+00:00,8704.85,8706.37,8697.17,8697.17,85
2026-04-27T23:00:00+00:00,8714.33,8716.33,8709.33,8709.33,153.1679438741724
2026-04-27T23:30:00+00:00,8709.33,8717.61,8700.33,8716.619999999999,459.2190109974672
2026-04-28T00:00:00+00:00,8716.619999999999,8724.01,8691,8695.52,1072
2026-04-28T00:30:00+00:00,8695.52,8716.51,8693.5,8710.51,593
2026-04-28T01:00:00+00:00,8710.51,8723.51,8703,8722.51,513
2026-04-28T01:30:00+00:00,8722.51,8733.52,8712.5,8714.02,566
2026-04-28T02:00:00+00:00,8714.02,8726.52,8711.5,8722.51,474
2026-04-28T02:30:00+00:00,8722.51,8722.51,8710.51,8710.51,246.22965693223702
2026-04-28T03:00:00+00:00,8710.51,8717.5,8707.51,8714.52,274
2026-04-28T03:30:00+00:00,8714.52,8721.02,8714.5,8715.52,223.7525483304042
2026-04-28T04:00:00+00:00,8715.52,8717.52,8709.5,8709.51,249.81162324649299
2026-04-28T04:30:00+00:00,8709.51,8716.52,8708,8713.51,196
2026-04-28T05:00:00+00:00,8713.51,8715.02,8704.52,8707.02,295
2026-04-28T05:30:00+00:00,8707.02,8711.5,8698,8707.5,462
2026-04-28T06:00:00+00:00,8707.5,8713.92,8703.6,8713.92,617
2026-04-28T07:00:00+00:00,8711.76,8711.76,8695.95,8699.46,557
2026-04-28T07:30:00+00:00,8699.46,8716.96,8699.46,8715.46,676
2026-04-28T08:00:00+00:00,8715.46,8724.96,8696.44,8724.96,1345
2026-04-28T08:30:00+00:00,8724.96,8728.45,8720.96,8728.45,756
2026-04-28T09:00:00+00:00,8728.45,8730.96,8719.94,8721.45,855
2026-04-28T09:30:00+00:00,8721.45,8721.96,8707.94,8708.95,661
2026-04-28T10:00:00+00:00,8708.95,8717.96,8704.94,8709.94,777
2026-04-28T10:30:00+00:00,8709.94,8719.46,8709.44,8717.95,586
2026-04-28T11:00:00+00:00,8717.95,8722.96,8685.44,8687.45,956
2026-04-28T11:30:00+00:00,8687.45,8687.96,8669.45,8674.94,1377
2026-04-28T12:00:00+00:00,8674.94,8687.46,8662.94,8667.96,2280
2026-04-28T12:30:00+00:00,8667.96,8700.95,8659.95,8696.94,1229
2026-04-28T13:00:00+00:00,8696.94,8697.95,8681.94,8691.94,1455
2026-04-28T13:30:00+00:00,8691.94,8705.96,8682.94,8685.26,2968
2026-04-28T14:00:00+00:00,8685.26,8685.96,8665.94,8679.44,1644
2026-04-28T14:30:00+00:00,8679.44,8679.96,8655.94,8677.45,2762
2026-04-28T15:00:00+00:00,8677.45,8687.96,8672.95,8680.94,1691
2026-04-28T15:30:00+00:00,8680.94,8682.96,8671.96,8677.95,1427
2026-04-28T16:00:00+00:00,8677.95,8681.96,8671.44,8677.44,828
2026-04-28T16:30:00+00:00,8677.44,8682.46,8672.44,8676.95,797
2026-04-28T17:00:00+00:00,8676.95,8678.46,8667.94,8672.94,531
2026-04-28T17:30:00+00:00,8672.94,8683.95,8672.94,8681.45,387
2026-04-28T18:00:00+00:00,8681.45,8681.96,8674.94,8678.96,626
2026-04-28T18:30:00+00:00,8678.96,8680.46,8672.44,8675.94,295
2026-04-28T19:00:00+00:00,8675.94,8682.95,8674.44,8674.94,324
2026-04-28T19:30:00+00:00,8674.94,8679.94,8670.95,8677.46,420
2026-04-28T20:00:00+00:00,8677.46,8681.45,8675.44,8677.96,176
2026-04-28T20:30:00+00:00,8677.96,8677.96,8671.75,8671.75,89
2026-04-28T23:00:00+00:00,8678.43,8683.43,8677.43,8683.43,90.06955378555341
2026-04-28T23:30:00+00:00,8683.43,8689.85,8677.43,8687.84,367.2639456985939
2026-04-29T00:00:00+00:00,8687.84,8699.73,8670.24,8671.74,1054
2026-04-29T00:30:00+00:00,8671.74,8685.74,8668.73,8683.73,563
2026-04-29T01:00:00+00:00,8683.73,8687.73,8666.23,8680.73,1030
2026-04-29T01:30:00+00:00,8680.73,8717.23,8680.73,8710.74,1593
2026-04-29T02:00:00+00:00,8710.74,8722.24,8705.74,8709.75,665
2026-04-29T02:30:00+00:00,8709.75,8709.75,8696.74,8697.75,390
2026-04-29T03:00:00+00:00,8697.75,8703.74,8694.24,8701.75,356
2026-04-29T03:30:00+00:00,8701.75,8702.73,8692.23,8701.75,250
2026-04-29T04:00:00+00:00,8701.75,8702.25,8695.25,8699.73,230.0140892318014
2026-04-29T04:30:00+00:00,8699.73,8704.25,8697.73,8697.73,252
2026-04-29T05:00:00+00:00,8697.73,8697.74,8690.73,8694.73,235
2026-04-29T05:30:00+00:00,8694.73,8694.75,8683.73,8688.25,288
2026-04-29T06:00:00+00:00,8688.25,8693.35,8684.33,8687.65,736
2026-04-29T07:00:00+00:00,8677.47,8677.47,8660.15,8665.17,394
2026-04-29T07:30:00+00:00,8665.17,8669.67,8651.65,8657.17,755
2026-04-29T08:00:00+00:00,8657.17,8664.66,8642.65,8652.16,1371
2026-04-29T08:30:00+00:00,8652.16,8652.67,8634.67,8644.17,986
2026-04-29T09:00:00+00:00,8644.17,8650.15,8640.15,8647.16,950
2026-04-29T09:30:00+00:00,8647.16,8654.17,8633.16,8636.16,1047
2026-04-29T10:00:00+00:00,8636.16,8657.15,8633.67,8654.66,673
2026-04-29T10:30:00+00:00,8654.66,8658.67,8646.67,8650.17,560
2026-04-29T11:00:00+00:00,8650.17,8653.17,8645.16,8649.66,741
2026-04-29T11:30:00+00:00,8649.66,8661.16,8648.65,8657.17,718
2026-04-29T12:00:00+00:00,8657.17,8659.17,8644.16,8649.66,757
2026-04-29T12:30:00+00:00,8649.66,8650.15,8634.65,8646.16,904
2026-04-29T13:00:00+00:00,8646.16,8650.17,8629.16,8630.67,1087
2026-04-29T13:30:00+00:00,8630.67,8635.17,8605.65,8618.65,2266
2026-04-29T14:00:00+00:00,8618.65,8634.15,8612.65,8629.16,1354
2026-04-29T14:30:00+00:00,8629.16,8636.17,8625.67,8632.65,984
2026-04-29T15:00:00+00:00,8632.65,8635.17,8619.16,8633.15,1162
2026-04-29T15:30:00+00:00,8633.15,8633.15,8606.65,8617.67,2257
2026-04-29T16:00:00+00:00,8617.67,8628.15,8616.15,8622.65,1053.3796918622686
2026-04-29T16:30:00+00:00,8622.65,8622.65,8612.63,8617.65,1011
2026-04-29T17:00:00+00:00,8617.65,8620.65,8610.65,8618.63,929
2026-04-29T17:30:00+00:00,8618.63,8625.63,8615.63,8622.64,674
2026-04-29T18:00:00+00:00,8622.64,8624.939999999999,8603.63,8612.13,1210
2026-04-29T18:30:00+00:00,8612.13,8620.65,8594.65,8620.14,2288
2026-04-29T19:00:00+00:00,8620.14,8631.65,8614.13,8622.15,1086
2026-04-29T19:30:00+00:00,8622.15,8629.65,8612.65,8628.14,849
2026-04-29T20:00:00+00:00,8628.14,8638.939999999999,8605.13,8615.13,1986
2026-04-29T20:30:00+00:00,8615.13,8620.15,8609.949999999999,8611.449999999999,476
2026-04-29T23:00:00+00:00,8630.12,8633.38,8622.38,8625.38,312.84778862073574
2026-04-29T23:30:00+00:00,8625.38,8649.89,8613.38,8644.4,1015.7831262997739
2026-04-30T00:00:00+00:00,8644.4,8668.289999999999,8642.289999999999,8645.8,1634
2026-04-30T00:30:00+00:00,8645.8,8663.8,8645.8,8658.8,610
2026-04-30T01:00:00+00:00,8658.8,8682.3,8658.78,8680.3,728
2026-04-30T01:30:00+00:00,8680.3,8687.289999999999,8667.28,8686.8,696
2026-04-30T02:00:00+00:00,8686.8,8689.28,8678.78,8680.28,448
2026-04-30T02:30:00+00:00,8680.28,8687.289999999999,8662.28,8676.3,1811
2026-04-30T03:00:00+00:00,8676.3,8681.3,8668.28,8669.3,872
2026-04-30T03:30:00+00:00,8669.3,8676.289999999999,8666.28,8666.8,468
2026-04-30T04:00:00+00:00,8666.8,8667.3,8646.28,8646.28,774
2026-04-30T04:30:00+00:00,8646.28,8651.8,8638.289999999999,8646.789999999999,638
2026-04-30T05:00:00+00:00,8646.789999999999,8656.3,8646.28,8651.28,819
2026-04-30T05:30:00+00:00,8651.28,8672.3,8651.28,8663.289999999999,781
2026-04-30T06:00:00+00:00,8663.289999999999,8670.89,8656.88,8661.19,1162
2026-04-30T07:00:00+00:00,8650.78,8679.49,8650.78,8675.97,749
2026-04-30T07:30:00+00:00,8675.97,8688.99,8669.99,8683.47,1071
2026-04-30T08:00:00+00:00,8683.47,8695.48,8681.97,8693.49,1417
2026-04-30T08:30:00+00:00,8693.49,8696.98,8687.97,8688.47,1007
2026-04-30T09:00:00+00:00,8688.47,8703.49,8686.98,8702.98,1264
2026-04-30T09:30:00+00:00,8702.98,8720.49,8702.48,8716.47,1418
2026-04-30T10:00:00+00:00,8716.47,8732.48,8716.47,8731.47,902
2026-04-30T10:30:00+00:00,8731.47,8737.98,8721.48,8736.47,1641
2026-04-30T11:00:00+00:00,8736.47,8761.79,8735.47,8755.98,1294
2026-04-30T11:30:00+00:00,8755.98,8755.99,8746.47,8748.98,1006
2026-04-30T12:00:00+00:00,8748.98,8760.99,8744.47,8757.97,840
2026-04-30T12:30:00+00:00,8757.97,8760.49,8742.49,8748.97,1138
2026-04-30T13:00:00+00:00,8748.97,8757.49,8741.97,8744.48,1262
2026-04-30T13:30:00+00:00,8744.48,8747.49,8724.99,8726.97,2403
2026-04-30T14:00:00+00:00,8726.97,8761.98,8720.97,8760.97,2048
2026-04-30T14:30:00+00:00,8760.97,8768.48,8753.47,8756.47,1941
2026-04-30T15:00:00+00:00,8756.47,8770.49,8751.47,8765.97,1302
2026-04-30T15:30:00+00:00,8765.97,8773.49,8754.48,8762.99,1122
2026-04-30T16:00:00+00:00,8762.99,8769.49,8760.48,8764.48,622
2026-04-30T16:30:00+00:00,8764.48,8767.49,8758.47,8761.47,537
2026-04-30T17:00:00+00:00,8761.47,8769.48,8760.98,8764.98,452
2026-04-30T17:30:00+00:00,8764.98,8775.49,8764.98,8766.99,597
2026-04-30T18:00:00+00:00,8766.99,8775.49,8766.48,8772.49,335
2026-04-30T18:30:00+00:00,8772.49,8776.97,8771.97,8772.49,275
2026-04-30T19:00:00+00:00,8772.49,8787.49,8771.97,8781.99,398
2026-04-30T19:30:00+00:00,8781.99,8782.49,8772.48,8773.49,600
2026-04-30T20:00:00+00:00,8773.49,8784.47,8773.49,8782.47,401
2026-04-30T20:30:00+00:00,8782.47,8782.98,8773.77,8773.78,251
2026-04-30T23:00:00+00:00,8779.38,8781.38,8772.38,8780.38,160.84015039097983
2026-04-30T23:30:00+00:00,8780.38,8797.38,8775.509999999998,8776.509999999998,545.2445185257848
2026-05-01T00:00:00+00:00,8776.509999999998,8787.429999999998,8741.919999999998,8746.409999999998,1618
2026-05-01T00:30:00+00:00,8746.409999999998,8750.419999999998,8731.909999999998,8747.929999999998,846
2026-05-01T01:00:00+00:00,8747.929999999998,8760.909999999998,8734.909999999998,8758.409999999998,560
2026-05-01T01:30:00+00:00,8758.409999999998,8776.929999999998,8756.929999999998,8770.419999999998,387
2026-05-01T02:00:00+00:00,8770.419999999998,8778.929999999998,8767.909999999998,8775.929999999998,299.87924016282227
2026-05-01T02:30:00+00:00,8775.929999999998,8777.929999999998,8763.919999999998,8770.419999999998,232.15722851432378
2026-05-01T03:00:00+00:00,8770.419999999998,8773.929999999998,8766.409999999998,8772.419999999998,196
2026-05-01T03:30:00+00:00,8772.419999999998,8777.929999999998,8769.919999999998,8772.919999999998,176
2026-05-01T04:00:00+00:00,8772.919999999998,8774.419999999998,8767.409999999998,8773.429999999998,274.35687928307857
2026-05-01T04:30:00+00:00,8773.429999999998,8773.429999999998,8764.919999999998,8764.919999999998,223
2026-05-01T05:00:00+00:00,8764.919999999998,8769.429999999998,8752.929999999998,8752.929999999998,245
2026-05-01T05:30:00+00:00,8752.929999999998,8754.929999999998,8745.919999999998,8753.909999999998,222
2026-05-01T06:00:00+00:00,8753.909999999998,8759.029999999999,8746.009999999998,8756.309999999998,612.6023316062176
2026-05-01T07:00:00+00:00,8734.21,8737.93,8728.41,8730.43,193
2026-05-01T07:30:00+00:00,8730.43,8730.43,8715.72,8720.43,244
2026-05-01T08:00:00+00:00,8720.43,8724.93,8717.91,8722.92,191
2026-05-01T08:30:00+00:00,8722.92,8722.92,8715.41,8718.41,158
2026-05-01T09:00:00+00:00,8718.41,8718.42,8709.92,8715.43,194
2026-05-01T09:30:00+00:00,8715.43,8719.43,8713.41,8719.42,114.06819866567828
2026-05-01T10:00:00+00:00,8719.42,8719.42,8712.41,8715.92,124.3628762541806
2026-05-01T10:30:00+00:00,8715.92,8718.92,8709.42,8718.41,101.25052631578947
2026-05-01T11:00:00+00:00,8718.41,8719.91,8710.41,8718.42,168.3967213114754
2026-05-01T11:30:00+00:00,8718.42,8719.41,8716.41,8718.41,140.76456110815104
2026-05-01T12:00:00+00:00,8718.41,8734.93,8715.41,8732.42,644.0697412823397
2026-05-01T12:30:00+00:00,8732.42,8732.43,8713.93,8714.43,356
2026-05-01T13:00:00+00:00,8714.43,8724.93,8713.43,8722.43,236
2026-05-01T13:30:00+00:00,8722.43,8755.73,8707.91,8755.71,1937
2026-05-01T14:00:00+00:00,8755.71,8755.72,8737.42,8742.43,948
2026-05-01T14:30:00+00:00,8742.43,8742.43,8723.43,8733.93,929
2026-05-01T15:00:00+00:00,8733.93,8734.43,8713.91,8725.92,1052
2026-05-01T15:30:00+00:00,8725.92,8734.92,8717.93,8724.9,725.0442804428044
2026-05-01T16:00:00+00:00,8724.9,8728.91,8711.89,8714.89,561
2026-05-01T16:30:00+00:00,8714.89,8718.41,8708.4,8714.41,515
2026-05-01T17:00:00+00:00,8714.41,8722.9,8713.4,8722.4,319
2026-05-01T17:30:00+00:00,8722.4,8726.39,8718.39,8722.41,312
2026-05-01T18:00:00+00:00,8722.41,8724.41,8710.9,8719.91,318
2026-05-01T18:30:00+00:00,8719.91,8724.41,8713.89,8717.39,439
2026-05-01T19:00:00+00:00,8717.39,8729.41,8715.9,8725.91,225
2026-05-01T19:30:00+00:00,8725.91,8725.91,8709.4,8715.89,465
2026-05-01T20:00:00+00:00,8715.89,8715.89,8710.9,8712.39,132.41009281980155
2026-05-01T20:30:00+00:00,8712.39,8713.41,8711.39,8711.89,40.70557029177719
2026-05-03T23:30:00+00:00,8710.91,8725.41,8710.91,8720.92,121
2026-05-04T00:00:00+00:00,8720.92,8733.82,8689.31,8689.31,1677
2026-05-04T00:30:00+00:00,8689.31,8713.32,8674.32,8710.8,1060
2026-05-04T01:00:00+00:00,8710.8,8738.32,8703.32,8721.8,1016
2026-05-04T01:30:00+00:00,8721.8,8725.8,8709.8,8711.81,677
2026-05-04T02:00:00+00:00,8711.81,8714.82,8692.3,8695.3,643
2026-05-04T02:30:00+00:00,8695.3,8701.32,8690.31,8693.81,534
2026-05-04T03:00:00+00:00,8693.81,8701.31,8687.31,8697.81,403
2026-05-04T03:30:00+00:00,8697.81,8701.3,8688.3,8694.3,484
2026-05-04T04:00:00+00:00,8694.3,8696.3,8685.8,8686.8,309
2026-05-04T04:30:00+00:00,8686.8,8691.32,8683.8,8690.3,278.0206489675516
2026-05-04T05:00:00+00:00,8690.3,8700.81,8688.31,8692.32,378
2026-05-04T05:30:00+00:00,8692.32,8702.32,8688.32,8700.32,338
2026-05-04T06:00:00+00:00,8700.32,8702.92,8693.9,8701.22,705
2026-05-04T07:00:00+00:00,8700.22,8700.42,8684.4,8685.91,344
2026-05-04T07:30:00+00:00,8685.91,8689.91,8672.92,8672.92,345
2026-05-04T08:00:00+00:00,8672.92,8673.42,8652.9,8657.9,848
2026-05-04T08:30:00+00:00,8657.9,8661.92,8653.9,8654.9,495
2026-05-04T09:00:00+00:00,8654.9,8662.42,8651.4,8658.91,411
2026-05-04T09:30:00+00:00,8658.91,8667.91,8658.91,8661.91,266
2026-05-04T10:00:00+00:00,8661.91,8663.92,8598.42,8624.4,4308
2026-05-04T10:30:00+00:00,8624.4,8649.41,8621.4,8640.9,1952
2026-05-04T11:00:00+00:00,8640.9,8652.42,8637.4,8645.4,1265
2026-05-04T11:30:00+00:00,8645.4,8653.92,8638.4,8651.41,1151
2026-05-04T12:00:00+00:00,8651.41,8675.92,8651.41,8673.9,1089
2026-05-04T12:30:00+00:00,8673.9,8685.92,8669.9,8676.9,971
2026-05-04T13:00:00+00:00,8676.9,8686.41,8658.4,8669.41,1727
2026-05-04T13:30:00+00:00,8669.41,8684.9,8661.4,8682.91,1813
2026-05-04T14:00:00+00:00,8682.91,8698.92,8673.91,8692.92,1350
2026-05-04T14:30:00+00:00,8692.92,8698.42,8673.4,8674.91,1194
2026-05-04T15:00:00+00:00,8674.91,8680.9,8635.9,8649.91,3145
2026-05-04T15:30:00+00:00,8649.91,8651.92,8633.91,8646.41,2849
2026-05-04T16:00:00+00:00,8646.41,8649.92,8623.4,8631.92,2748
2026-05-04T16:30:00+00:00,8631.92,8634.92,8615.91,8617.9,1353
2026-05-04T17:00:00+00:00,8617.9,8645.42,8616.92,8641.92,1366
2026-05-04T17:30:00+00:00,8641.92,8642.92,8632.9,8636.4,515
2026-05-04T18:00:00+00:00,8636.4,8641.42,8625.91,8630.9,431
2026-05-04T18:30:00+00:00,8630.9,8631.92,8622.92,8628.92,544
2026-05-04T19:00:00+00:00,8628.92,8638.42,8624.91,8633.91,786
2026-05-04T19:30:00+00:00,8633.91,8637.9,8631.4,8635.91,550
2026-05-04T20:00:00+00:00,8635.91,8637.41,8632.4,8636.4,157
2026-05-04T20:30:00+00:00,8636.4,8650.71,8628.22,8643.22,84
2026-05-04T23:00:00+00:00,8630.21,8635.21,8629.21,8633.21,157.35551713890518
2026-05-04T23:30:00+00:00,8633.21,8637.21,8619.77,8630.77,355.6463871467614
2026-05-05T00:00:00+00:00,8630.77,8659.68,8630.18,8631.67,1440
2026-05-05T00:30:00+00:00,8631.67,8637.69,8623.17,8623.67,669
2026-05-05T01:00:00+00:00,8623.67,8628.18,8608.67,8618.17,764
2026-05-05T01:30:00+00:00,8618.17,8628.19,8616.17,8617.69,698
2026-05-05T02:00:00+00:00,8617.69,8637.19,8617.69,8636.67,403
2026-05-05T02:30:00+00:00,8636.67,8648.19,8636.18,8641.17,337.0478128179044
2026-05-05T03:00:00+00:00,8641.17,8642.17,8630.19,8637.19,224
2026-05-05T03:30:00+00:00,8637.19,8645.19,8636.19,8642.69,196
2026-05-05T04:00:00+00:00,8642.69,8650.19,8635.68,8636.19,292
2026-05-05T04:30:00+00:00,8636.19,8651.18,8622.17,8649.18,818
2026-05-05T05:00:00+00:00,8649.18,8657.18,8642.18,8651.19,392
2026-05-05T05:30:00+00:00,8651.19,8671.19,8648.17,8666.18,939
2026-05-05T06:00:00+00:00,8666.18,8672.789999999999,8655.77,8657.59,1098
2026-05-05T07:00:00+00:00,8667.6,8687.8,8667.6,8681.79,495
2026-05-05T07:30:00+00:00,8681.79,8696.8,8675.78,8677.28,1187
2026-05-05T08:00:00+00:00,8677.28,8694.3,8676.79,8689.79,864
2026-05-05T08:30:00+00:00,8689.79,8693.8,8687.29,8690.28,710
2026-05-05T09:00:00+00:00,8690.28,8690.79,8680.79,8687.8,724
2026-05-05T09:30:00+00:00,8687.8,8695.8,8686.29,8691.29,569
2026-05-05T10:00:00+00:00,8691.29,8692.3,8686.28,8691.3,396
2026-05-05T10:30:00+00:00,8691.3,8702.79,8689.3,8695.3,568
2026-05-05T11:00:00+00:00,8695.3,8697.29,8676.79,8684.79,893
2026-05-05T11:30:00+00:00,8684.79,8691.3,8683.79,8687.78,486
2026-05-05T12:00:00+00:00,8687.78,8698.8,8679.28,8695.3,1206
2026-05-05T12:30:00+00:00,8695.3,8696.3,8680.78,8682.3,580
2026-05-05T13:00:00+00:00,8682.3,8695.8,8679.78,8688.8,682
2026-05-05T13:30:00+00:00,8688.8,8691.3,8665.78,8679.8,1087
2026-05-05T14:00:00+00:00,8679.8,8694.8,8667.78,8688.79,1888
2026-05-05T14:30:00+00:00,8688.79,8691.79,8676.78,8690.8,1120
2026-05-05T15:00:00+00:00,8690.8,8703.79,8688.78,8703.78,746
2026-05-05T15:30:00+00:00,8703.78,8708.8,8698.28,8701.8,833
2026-05-05T16:00:00+00:00,8701.8,8712.29,8701.29,8709.79,484
2026-05-05T16:30:00+00:00,8709.79,8710.29,8705.78,8706.78,257
2026-05-05T17:00:00+00:00,8706.78,8712.79,8704.28,8712.28,249.9013709063214
2026-05-05T17:30:00+00:00,8712.28,8715.8,8710.78,8712.8,246.91491775382872
2026-05-05T18:00:00+00:00,8712.8,8715.78,8712.28,8714.78,180.14889466840052
2026-05-05T18:30:00+00:00,8714.78,8718.78,8712.78,8717.79,183
2026-05-05T19:00:00+00:00,8717.79,8718.8,8708.78,8709.78,209.40845070422534
2026-05-05T19:30:00+00:00,8709.78,8712.8,8701.78,8706.78,389
2026-05-05T20:00:00+00:00,8706.78,8709.8,8703.78,8708.3,170.31498260052638
2026-05-05T20:30:00+00:00,8708.3,8709.3,8700.1,8705.08,134
2026-05-05T23:00:00+00:00,8731.91,8738.91,8714.91,8724.91,415.0754818108996
2026-05-05T23:30:00+00:00,8724.91,8775.8,8719.91,8765.8,575.2896260519518
2026-05-06T00:00:00+00:00,8765.8,8773.2,8748.19,8758.69,1171
2026-05-06T00:30:00+00:00,8758.69,8784.2,8757.68,8782.2,668
2026-05-06T01:00:00+00:00,8782.2,8801.2,8782.2,8801.19,733
2026-05-06T01:30:00+00:00,8801.19,8818.2,8797.19,8815.18,600
2026-05-06T02:00:00+00:00,8815.18,8822.2,8810.18,8818.19,468
2026-05-06T02:30:00+00:00,8818.19,8819.7,8795.18,8796.69,300
2026-05-06T03:00:00+00:00,8796.69,8798.2,8783.68,8785.68,283
2026-05-06T03:30:00+00:00,8785.68,8792.2,8784.18,8788.19,292
2026-05-06T04:00:00+00:00,8788.19,8803.69,8787.18,8801.2,299
2026-05-06T04:30:00+00:00,8801.2,8811.2,8799.18,8804.68,322
2026-05-06T05:00:00+00:00,8804.68,8806.19,8796.69,8805.2,396.7386681589256
2026-05-06T05:30:00+00:00,8805.2,8825.2,8803.19,8822.19,548
2026-05-06T06:00:00+00:00,8822.19,8825.789999999999,8807.78,8816.59,854
2026-05-06T07:00:00+00:00,8783.76,8799.47,8783.76,8793.97,496
2026-05-06T07:30:00+00:00,8793.97,8817.47,8789.95,8816.47,815
2026-05-06T08:00:00+00:00,8816.47,8821.97,8813.95,8815.46,952
2026-05-06T08:30:00+00:00,8815.46,8862.47,8814.96,8856.97,2561
2026-05-06T09:00:00+00:00,8856.97,8868.97,8845.95,8858.95,1809
2026-05-06T09:30:00+00:00,8858.95,8877.46,8856.95,8876.95,1353
2026-05-06T10:00:00+00:00,8876.95,8892.45,8876.95,8887.45,1259
2026-05-06T10:30:00+00:00,8887.45,8909.97,8887.45,8902.96,1989
2026-05-06T11:00:00+00:00,8902.96,8910.47,8896.96,8901.96,1535
2026-05-06T11:30:00+00:00,8901.96,8906.47,8889.97,8892.97,1388
2026-05-06T12:00:00+00:00,8892.97,8893.45,8858.46,8874.97,1990
2026-05-06T12:30:00+00:00,8874.97,8876.97,8859.95,8863.47,1180
2026-05-06T13:00:00+00:00,8863.47,8865.47,8847.95,8856.97,1766
2026-05-06T13:30:00+00:00,8856.97,8872.96,8848.96,8867.96,2064
2026-05-06T14:00:00+00:00,8867.96,8875.96,8855.47,8857.47,1669
2026-05-06T14:30:00+00:00,8857.47,8877.97,8856.46,8871.95,1560
2026-05-06T15:00:00+00:00,8871.95,8888.97,8871.95,8883.95,930
2026-05-06T15:30:00+00:00,8883.95,8886.97,8871.96,8874.45,944
2026-05-06T16:00:00+00:00,8874.45,8878.97,8869.47,8876.96,425
2026-05-06T16:30:00+00:00,8876.96,8882.97,8867.96,8873.97,625
2026-05-06T17:00:00+00:00,8873.97,8883.96,8871.45,8878.96,386
2026-05-06T17:30:00+00:00,8878.96,8880.96,8875.96,8878.46,261
2026-05-06T18:00:00+00:00,8878.46,8884.97,8877.96,8881.95,232
2026-05-06T18:30:00+00:00,8881.95,8884.47,8878.95,8879.95,219
2026-05-06T19:00:00+00:00,8879.95,8889.96,8879.95,8886.97,274
2026-05-06T19:30:00+00:00,8886.97,8890.45,8880.95,8885.47,477
2026-05-06T20:00:00+00:00,8885.47,8889.489999999998,8883.96,8887.97,170.5146560283889
2026-05-06T20:30:00+00:00,8887.97,8887.989999999998,8873.769999999999,8883.269999999999,135
2026-05-06T23:00:00+00:00,8857.91,8872.91,8851.91,8861.91,241.71864265673753
2026-05-06T23:30:00+00:00,8861.91,8878.91,8830.48,8834.48,625.8409729214964
2026-05-07T00:00:00+00:00,8834.48,8863.39,8834.48,8849.89,1581
2026-05-07T00:30:00+00:00,8849.89,8855.4,8836.89,8837.38,597
2026-05-07T01:00:00+00:00,8837.38,8839.38,8825.88,8832.88,813
2026-05-07T01:30:00+00:00,8832.88,8848.9,8828.88,8842.88,474
2026-05-07T02:00:00+00:00,8842.88,8850.9,8839.38,8841.38,352
2026-05-07T02:30:00+00:00,8841.38,8850.38,8836.9,8845.89,374
2026-05-07T03:00:00+00:00,8845.89,8845.89,8837.39,8840.89,228.17515274949085
2026-05-07T03:30:00+00:00,8840.89,8847.39,8839.88,8839.89,206
2026-05-07T04:00:00+00:00,8839.89,8842.4,8833.88,8836.4,185
2026-05-07T04:30:00+00:00,8836.4,8839.9,8830.88,8834.89,223.60362280234415
2026-05-07T05:00:00+00:00,8834.89,8837.9,8829.89,8834.89,225.0599647266314
2026-05-07T05:30:00+00:00,8834.89,8840.9,8834.88,8840.88,253.09350333940498
2026-05-07T06:00:00+00:00,8840.88,8854.5,8838.48,8852.789999999999,995
2026-05-07T07:00:00+00:00,8876.13,8899.84,8876.12,8886.82,894
2026-05-07T07:30:00+00:00,8886.82,8888.84,8879.34,8881.82,780
2026-05-07T08:00:00+00:00,8881.82,8887.84,8873.82,8880.32,1169
2026-05-07T08:30:00+00:00,8880.32,8883.83,8871.34,8872.84,625
2026-05-07T09:00:00+00:00,8872.84,8872.84,8862.82,8865.83,572
2026-05-07T09:30:00+00:00,8865.83,8870.34,8858.82,8861.82,527
2026-05-07T10:00:00+00:00,8861.82,8861.84,8852.34,8858.34,491
2026-05-07T10:30:00+00:00,8858.34,8864.82,8853.82,8858.83,492
2026-05-07T11:00:00+00:00,8858.83,8864.84,8858.82,8859.83,628
2026-05-07T11:30:00+00:00,8859.83,8861.34,8854.32,8858.34,513
2026-05-07T12:00:00+00:00,8858.34,8867.84,8853.82,8866.34,550
2026-05-07T12:30:00+00:00,8866.34,8870.84,8863.82,8870.83,613
2026-05-07T13:00:00+00:00,8870.83,8870.83,8854.82,8856.82,798
2026-05-07T13:30:00+00:00,8856.82,8856.82,8821.82,8829.84,1483
2026-05-07T14:00:00+00:00,8829.84,8831.84,8813.82,8815.34,1167
2026-05-07T14:30:00+00:00,8815.34,8823.84,8815.33,8818.82,898
2026-05-07T15:00:00+00:00,8818.82,8819.82,8791.83,8798.34,1268
2026-05-07T15:30:00+00:00,8798.34,8802.34,8772.33,8774.82,1161
2026-05-07T16:00:00+00:00,8774.82,8776.34,8753.83,8764.84,1786
2026-05-07T16:30:00+00:00,8764.84,8770.84,8756.82,8760.84,1073
2026-05-07T17:00:00+00:00,8760.84,8765.84,8726.32,8734.82,1999
2026-05-07T17:30:00+00:00,8734.82,8752.82,8731.32,8752.32,2353
2026-05-07T18:00:00+00:00,8752.32,8755.34,8742.82,8744.33,1182
2026-05-07T18:30:00+00:00,8744.33,8746.84,8726.82,8738.34,1933
2026-05-07T19:00:00+00:00,8738.34,8745.34,8725.82,8733.82,1437
2026-05-07T19:30:00+00:00,8733.82,8745.84,8724.34,8731.33,1251
2026-05-07T20:00:00+00:00,8731.33,8748.34,8729.83,8740.34,695.0895446451285
2026-05-07T20:30:00+00:00,8740.34,8741.83,8718.33,8719.12,642
2026-05-07T23:00:00+00:00,8715.31,8724.31,8713.31,8721.31,449.7943077946823
2026-05-07T23:30:00+00:00,8721.31,8781.909999999998,8716.31,8781.21,706.1867375154762
2026-05-08T00:00:00+00:00,8781.21,8808.289999999999,8764.81,8777.81,1969
2026-05-08T00:30:00+00:00,8777.81,8787.31,8760.31,8773.31,985
2026-05-08T01:00:00+00:00,8773.31,8778.3,8751.289999999999,8755.3,688
2026-05-08T01:30:00+00:00,8755.3,8755.31,8736.289999999999,8738.3,424
2026-05-08T02:00:00+00:00,8738.3,8745.289999999999,8731.289999999999,8737.31,515
2026-05-08T02:30:00+00:00,8737.31,8749.31,8724.289999999999,8736.8,829
2026-05-08T03:00:00+00:00,8736.8,8737.289999999999,8724.3,8726.31,287
2026-05-08T03:30:00+00:00,8726.31,8731.8,8718.789999999999,8720.289999999999,367
2026-05-08T04:00:00+00:00,8720.289999999999,8732.789999999999,8720.289999999999,8732.789999999999,317.3914863921842
2026-05-08T04:30:00+00:00,8732.789999999999,8737.289999999999,8722.289999999999,8731.31,344
2026-05-08T05:00:00+00:00,8731.31,8738.31,8730.789999999999,8736.289999999999,397.69287772745986
2026-05-08T05:30:00+00:00,8736.289999999999,8749.31,8736.289999999999,8746.81,389
2026-05-08T06:00:00+00:00,8746.81,8756.71,8731.89,8755.689999999999,968
2026-05-08T07:00:00+00:00,8747.5,8747.5,8717.71,8723.2,678
2026-05-08T07:30:00+00:00,8723.2,8725.72,8713.72,8723.22,1010
2026-05-08T08:00:00+00:00,8723.22,8726.72,8712.71,8724.71,994
2026-05-08T08:30:00+00:00,8724.71,8729.72,8714.71,8715.7,756
2026-05-08T09:00:00+00:00,8715.7,8742.72,8715.7,8741.71,671
2026-05-08T09:30:00+00:00,8741.71,8742.2,8726.21,8731.21,647
2026-05-08T10:00:00+00:00,8731.21,8742.71,8730.7,8740.71,517
2026-05-08T10:30:00+00:00,8740.71,8746.72,8734.21,8742.72,613
2026-05-08T11:00:00+00:00,8742.72,8745.7,8728.21,8733.21,521
2026-05-08T11:30:00+00:00,8733.21,8735.71,8726.2,8731.72,360
2026-05-08T12:00:00+00:00,8731.72,8735.7,8725.7,8727.21,628
2026-05-08T12:30:00+00:00,8727.21,8741.72,8718,8725.7,1281
2026-05-08T13:00:00+00:00,8725.7,8732.72,8712.2,8732.22,936
2026-05-08T13:30:00+00:00,8732.22,8743.22,8724.7,8741.72,1181
2026-05-08T14:00:00+00:00,8741.72,8741.72,8716.7,8724.71,1094
2026-05-08T14:30:00+00:00,8724.71,8727.71,8716.71,8719.71,856
2026-05-08T15:00:00+00:00,8719.71,8723.2,8708.71,8712.72,870
2026-05-08T15:30:00+00:00,8712.72,8720.72,8705.21,8709.729999999998,1097.078497295717
2026-05-08T16:00:00+00:00,8709.729999999998,8717.219999999998,8705.71,8709.21,524
2026-05-08T16:30:00+00:00,8709.21,8709.719999999998,8699.229999999998,8699.719999999998,420
2026-05-08T17:00:00+00:00,8699.719999999998,8710.219999999998,8699.21,8708.21,395
2026-05-08T17:30:00+00:00,8708.21,8709.229999999998,8702.21,8704.219999999998,218
2026-05-08T18:00:00+00:00,8704.219999999998,8713.719999999998,8703.21,8706.21,664
2026-05-08T18:30:00+00:00,8706.21,8708.229999999998,8692.21,8694.229999999998,433
2026-05-08T19:00:00+00:00,8694.229999999998,8703.229999999998,8694.21,8702.219999999998,305
2026-05-08T19:30:00+00:00,8702.219999999998,8711.229999999998,8693.219999999998,8709.719999999998,604
2026-05-08T20:00:00+00:00,8709.719999999998,8711.219999999998,8703.71,8709.729999999998,140.0129265391543
2026-05-08T20:30:00+00:00,8709.729999999998,8710.729999999998,8708.71,8709.21,33.98473836778328
2026-05-10T23:30:00+00:00,8709.7,8709.7,8663.03,8684.54,210
2026-05-11T00:00:00+00:00,8684.54,8689.93,8636.92,8656.93,1580
2026-05-11T00:30:00+00:00,8656.93,8679.44,8646.94,8665.43,987
2026-05-11T01:00:00+00:00,8665.43,8676.94,8653.92,8670.93,1091
2026-05-11T01:30:00+00:00,8670.93,8678.42,8654.92,8675.43,741
2026-05-11T02:00:00+00:00,8675.43,8697.44,8674.92,8694.43,557
2026-05-11T02:30:00+00:00,8694.43,8700.93,8679.94,8681.43,336.35771144278607
2026-05-11T03:00:00+00:00,8681.43,8684.93,8673.92,8681.93,431
2026-05-11T03:30:00+00:00,8681.93,8696.44,8681.93,8688.93,408
2026-05-11T04:00:00+00:00,8688.93,8692.92,8685.42,8685.93,200.67630700778642
2026-05-11T04:30:00+00:00,8685.93,8689.94,8681.93,8683.94,217.70565573973587
2026-05-11T05:00:00+00:00,8683.94,8691.43,8683.94,8690.93,202
2026-05-11T05:30:00+00:00,8690.93,8699.93,8688.93,8696.92,246
2026-05-11T06:00:00+00:00,8696.92,8703.54,8689.04,8700.32,547
2026-05-11T07:00:00+00:00,8699.32,8699.32,8682.82,8687.52,304
2026-05-11T07:30:00+00:00,8687.52,8691.03,8681.53,8684.03,447
2026-05-11T08:00:00+00:00,8684.03,8698.54,8680.53,8694.03,734
2026-05-11T08:30:00+00:00,8694.03,8699.03,8689.04,8690.53,429
2026-05-11T09:00:00+00:00,8690.53,8697.52,8687.52,8695.54,408
2026-05-11T09:30:00+00:00,8695.54,8711.54,8694.52,8702.53,304
2026-05-11T10:00:00+00:00,8702.53,8714.04,8701.52,8712.02,369
2026-05-11T10:30:00+00:00,8712.02,8715.53,8700.54,8703.04,591
2026-05-11T11:00:00+00:00,8703.04,8710.54,8703.04,8710.54,481
2026-05-11T11:30:00+00:00,8710.54,8714.02,8701.52,8706.53,414
2026-05-11T12:00:00+00:00,8706.53,8713.54,8697.02,8713.02,487
2026-05-11T12:30:00+00:00,8713.02,8723.03,8708.52,8719.54,856
2026-05-11T13:00:00+00:00,8719.54,8739.54,8718.03,8737.53,560
2026-05-11T13:30:00+00:00,8737.53,8749.02,8735.52,8742.54,1052
2026-05-11T14:00:00+00:00,8742.54,8742.54,8721.02,8738.52,617
2026-05-11T14:30:00+00:00,8738.52,8738.52,8721.02,8723.54,1207
2026-05-11T15:00:00+00:00,8723.54,8737.54,8723.03,8734.52,550
2026-05-11T15:30:00+00:00,8734.52,8735.04,8725.02,8727.52,640
2026-05-11T16:00:00+00:00,8727.52,8727.54,8720.52,8721.53,277
2026-05-11T16:30:00+00:00,8721.53,8721.53,8708.52,8712.02,648
2026-05-11T17:00:00+00:00,8712.02,8721.54,8710.02,8720.53,311
2026-05-11T17:30:00+00:00,8720.53,8723.54,8716.02,8718.52,221.7752998480333
2026-05-11T18:00:00+00:00,8718.52,8723.53,8717.52,8720.04,199.6365663322185
2026-05-11T18:30:00+00:00,8720.04,8721.54,8714.53,8714.53,243
2026-05-11T19:00:00+00:00,8714.53,8716.52,8706.54,8706.54,271.1536555142503
2026-05-11T19:30:00+00:00,8706.54,8715.53,8701.02,8715.02,463
2026-05-11T20:00:00+00:00,8715.02,8716.53,8705.52,8711.53,243
2026-05-11T20:30:00+00:00,8711.53,8716.84,8710.52,8711.84,70
2026-05-11T23:00:00+00:00,8721.51,8721.51,8715.51,8715.51,132.18131415323825
2026-05-11T23:30:00+00:00,8715.51,8727.51,8709.01,8721.02,391.0427205236323
2026-05-12T00:00:00+00:00,8721.02,8721.93,8678.41,8681.91,1393
2026-05-12T00:30:00+00:00,8681.91,8685.41,8658.41,8679.42,827
2026-05-12T01:00:00+00:00,8679.42,8682.93,8641.43,8645.91,1093
2026-05-12T01:30:00+00:00,8645.91,8651.92,8624.92,8641.92,1663
2026-05-12T02:00:00+00:00,8641.92,8678.93,8638.41,8673.92,1016
2026-05-12T02:30:00+00:00,8673.92,8690.92,8665.91,8687.92,673
2026-05-12T03:00:00+00:00,8687.92,8691.91,8676.91,8682.41,441
2026-05-12T03:30:00+00:00,8682.41,8688.93,8680.92,8685.42,404.604899345137
2026-05-12T04:00:00+00:00,8685.42,8689.92,8679.42,8687.91,365
2026-05-12T04:30:00+00:00,8687.91,8693.93,8682.93,8684.42,367.98883338230974
2026-05-12T05:00:00+00:00,8684.42,8685.41,8669.41,8674.41,495
2026-05-12T05:30:00+00:00,8674.41,8686.92,8672.43,8682.91,568
2026-05-12T06:00:00+00:00,8682.91,8682.91,8662.52,8665.81,1120
2026-05-12T07:00:00+00:00,8652.14,8652.14,8621.14,8645.34,461
2026-05-12T07:30:00+00:00,8645.34,8652.86,8644.84,8645.34,583
2026-05-12T08:00:00+00:00,8645.34,8650.86,8635.85,8645.86,833
2026-05-12T08:30:00+00:00,8645.86,8649.86,8639.86,8645.85,768
2026-05-12T09:00:00+00:00,8645.85,8647.84,8636.85,8638.85,812
2026-05-12T09:30:00+00:00,8638.85,8649.35,8637.85,8641.35,996
2026-05-12T10:00:00+00:00,8641.35,8648.86,8640.84,8647.36,464
2026-05-12T10:30:00+00:00,8647.36,8649.86,8638.84,8641.34,391
2026-05-12T11:00:00+00:00,8641.34,8649.34,8632.34,8637.34,756
2026-05-12T11:30:00+00:00,8637.34,8642.86,8630.84,8633.86,428
2026-05-12T12:00:00+00:00,8633.86,8636.86,8628.34,8633.85,529
2026-05-12T12:30:00+00:00,8633.85,8651.34,8627.15,8648.86,962
2026-05-12T13:00:00+00:00,8648.86,8648.86,8632.34,8634.36,650
2026-05-12T13:30:00+00:00,8634.36,8636.86,8618.84,8621.86,1491
2026-05-12T14:00:00+00:00,8621.86,8639.84,8620.36,8629.86,1330
2026-05-12T14:30:00+00:00,8629.86,8632.35,8612.36,8614.85,1477
2026-05-12T15:00:00+00:00,8614.85,8616.84,8590.34,8602.84,1153
2026-05-12T15:30:00+00:00,8602.84,8623.86,8602.35,8608.85,1165
2026-05-12T16:00:00+00:00,8608.85,8618.34,8604.84,8608.35,803
2026-05-12T16:30:00+00:00,8608.35,8612.36,8602.84,8610.86,628
2026-05-12T17:00:00+00:00,8610.86,8628.85,8609.35,8623.84,618
2026-05-12T17:30:00+00:00,8623.84,8628.86,8622.34,8627.86,437
2026-05-12T18:00:00+00:00,8627.86,8641.36,8625.85,8637.84,609
2026-05-12T18:30:00+00:00,8637.84,8639.86,8631.34,8631.86,328
2026-05-12T19:00:00+00:00,8631.86,8645.86,8631.84,8636.85,268
2026-05-12T19:30:00+00:00,8636.85,8653.35,8636.85,8650.86,489
2026-05-12T20:00:00+00:00,8650.86,8651.86,8643.84,8645.84,168
2026-05-12T20:30:00+00:00,8645.84,8646.64,8639.16,8646.64,87
2026-05-12T23:00:00+00:00,8644.81,8647.81,8632.81,8634.81,215.6372914605053
2026-05-12T23:30:00+00:00,8634.81,8644.81,8615.57,8618.08,575.6011350367326
2026-05-13T00:00:00+00:00,8618.08,8623.47,8575.98,8595.47,2600
2026-05-13T00:30:00+00:00,8595.47,8629.48,8585.47,8623.48,1377
2026-05-13T01:00:00+00:00,8623.48,8637.48,8612.960000000001,8637.48,1198
2026-05-13T01:30:00+00:00,8637.48,8644.48,8632.460000000001,8636.460000000001,821
2026-05-13T02:00:00+00:00,8636.460000000001,8643.47,8630.98,8636.47,587
2026-05-13T02:30:00+00:00,8636.47,8640.47,8621.47,8627.48,503
2026-05-13T03:00:00+00:00,8627.48,8631.98,8617.460000000001,8622.48,427
2026-05-13T03:30:00+00:00,8622.48,8633.98,8622.47,8627.460000000001,335
2026-05-13T04:00:00+00:00,8627.460000000001,8627.48,8617.97,8617.97,191.83392112856686
2026-05-13T04:30:00+00:00,8617.97,8621.48,8612.460000000001,8618.98,412
2026-05-13T05:00:00+00:00,8618.98,8620.48,8610.460000000001,8616.960000000001,357
2026-05-13T05:30:00+00:00,8616.960000000001,8627.48,8615.960000000001,8622.47,401
2026-05-13T06:00:00+00:00,8622.47,8623.58,8611.56,8618.36,487
2026-05-13T07:00:00+00:00,8626.19,8626.19,8616.9,8623.9,260.11356170811825
2026-05-13T07:30:00+00:00,8623.9,8637.41,8622.91,8630.89,373
2026-05-13T08:00:00+00:00,8630.89,8638.9,8627.89,8636.41,451
2026-05-13T08:30:00+00:00,8636.41,8637.9,8619.9,8621.39,333
2026-05-13T09:00:00+00:00,8621.39,8622.9,8602.89,8602.91,371
2026-05-13T09:30:00+00:00,8602.91,8603.39,8593.9,8600.9,399
2026-05-13T10:00:00+00:00,8600.9,8607.39,8581.39,8581.39,655
2026-05-13T10:30:00+00:00,8581.39,8592.91,8577.9,8583.41,436
2026-05-13T11:00:00+00:00,8583.41,8588.91,8580.89,8585.89,392
2026-05-13T11:30:00+00:00,8585.89,8600.91,8585.39,8595.39,378
2026-05-13T12:00:00+00:00,8595.39,8597.91,8584.9,8584.9,438
2026-05-13T12:30:00+00:00,8584.9,8584.9,8555.89,8570.9,1039
2026-05-13T13:00:00+00:00,8570.9,8582.91,8570.9,8581.91,512
2026-05-13T13:30:00+00:00,8581.91,8594.39,8579.39,8586.9,1479
2026-05-13T14:00:00+00:00,8586.9,8599.91,8582.9,8597.4,768
2026-05-13T14:30:00+00:00,8597.4,8602.9,8591.89,8592.41,541
2026-05-13T15:00:00+00:00,8592.41,8595.91,8582.41,8584.89,484
2026-05-13T15:30:00+00:00,8584.89,8601.89,8579.91,8588.41,601
2026-05-13T16:00:00+00:00,8588.41,8607.41,8585.89,8597.91,698
2026-05-13T16:30:00+00:00,8597.91,8599.39,8589.89,8592.91,474
2026-05-13T17:00:00+00:00,8592.91,8594.91,8588.89,8592.91,266
2026-05-13T17:30:00+00:00,8592.91,8592.91,8584.89,8584.89,223.9619323228723
2026-05-13T18:00:00+00:00,8584.89,8589.4,8581.9,8585.91,291
2026-05-13T18:30:00+00:00,8585.91,8586.9,8579.89,8583.9,371
2026-05-13T19:00:00+00:00,8583.9,8597.91,8583.4,8596.89,244
2026-05-13T19:30:00+00:00,8596.89,8604.91,8594.9,8602.39,411
2026-05-13T20:00:00+00:00,8602.39,8603.4,8598.39,8600.9,122.75455908913204
2026-05-13T20:30:00+00:00,8600.9,8606.199999999999,8600.9,8606.199999999999,66.2110333269635
2026-05-13T23:00:00+00:00,8610.91,8612.91,8606.91,8608.91,199.34626890589746
2026-05-13T23:30:00+00:00,8608.91,8620.86,8602.91,8612.36,430.3042182695077
2026-05-14T00:00:00+00:00,8612.36,8632.27,8601.27,8626.76,1702
2026-05-14T00:30:00+00:00,8626.76,8642.76,8618.77,8642.26,825
2026-05-14T01:00:00+00:00,8642.26,8645.78,8620.28,8627.78,840
2026-05-14T01:30:00+00:00,8627.78,8630.26,8607.27,8608.27,707
2026-05-14T02:00:00+00:00,8608.27,8629.27,8606.28,8626.26,513
2026-05-14T02:30:00+00:00,8626.26,8629.28,8614.26,8619.27,444
2026-05-14T03:00:00+00:00,8619.27,8620.28,8612.26,8617.78,413
2026-05-14T03:30:00+00:00,8617.78,8620.27,8609.26,8611.78,473.004572175049
2026-05-14T04:00:00+00:00,8611.78,8622.28,8607.27,8620.76,334
2026-05-14T04:30:00+00:00,8620.76,8621.26,8613.26,8615.27,289.90642518326865
2026-05-14T05:00:00+00:00,8615.27,8621.27,8613.28,8617.28,426.6535433070866
2026-05-14T05:30:00+00:00,8617.28,8631.28,8612.77,8630.27,738
2026-05-14T06:00:00+00:00,8630.27,8645.880000000001,8627.880000000001,8643.18,661
2026-05-14T07:00:00+00:00,8640.48,8645.68,8632.66,8637.67,297
2026-05-14T07:30:00+00:00,8637.67,8646.17,8634.16,8634.67,350
2026-05-14T08:00:00+00:00,8634.67,8657.68,8633.67,8656.17,437
2026-05-14T08:30:00+00:00,8656.17,8668.18,8656.17,8666.66,395
2026-05-14T09:00:00+00:00,8666.66,8668.18,8660.67,8666.18,438
2026-05-14T09:30:00+00:00,8666.18,8680.16,8658.16,8678.17,633
2026-05-14T10:00:00+00:00,8678.17,8688.18,8675.16,8684.16,764
2026-05-14T10:30:00+00:00,8684.16,8689.68,8678.16,8687.67,590
2026-05-14T11:00:00+00:00,8687.67,8695.68,8685.16,8687.18,484
2026-05-14T11:30:00+00:00,8687.18,8697.18,8687.16,8689.66,416
2026-05-14T12:00:00+00:00,8689.66,8700.18,8688.68,8696.16,415
2026-05-14T12:30:00+00:00,8696.16,8697.17,8688.46,8696.17,419
2026-05-14T13:00:00+00:00,8696.17,8697.18,8693.16,8694.68,335
2026-05-14T13:30:00+00:00,8694.68,8697.17,8671.16,8672.17,1274
2026-05-14T14:00:00+00:00,8672.17,8696.18,8670.17,8691.18,868
2026-05-14T14:30:00+00:00,8691.18,8700.16,8691.16,8691.66,657
2026-05-14T15:00:00+00:00,8691.66,8704.68,8691.16,8704.17,439
2026-05-14T15:30:00+00:00,8704.17,8709.17,8703.16,8709.17,368
2026-05-14T16:00:00+00:00,8709.17,8714.66,8702.66,8704.16,414
2026-05-14T16:30:00+00:00,8704.16,8707.17,8696.67,8702.66,571
2026-05-14T17:00:00+00:00,8702.66,8708.17,8690.68,8694.17,623
2026-05-14T17:30:00+00:00,8694.17,8703.16,8693.16,8696.66,342
2026-05-14T18:00:00+00:00,8696.66,8703.17,8689.17,8696.67,510
2026-05-14T18:30:00+00:00,8696.67,8699.18,8691.68,8699.17,271
2026-05-14T19:00:00+00:00,8699.17,8704.18,8698.16,8698.16,248.1556350626118
2026-05-14T19:30:00+00:00,8698.16,8699.68,8682.67,8689.18,481
2026-05-14T20:00:00+00:00,8689.18,8693.17,8684.67,8686.16,158.8693297224103
2026-05-14T20:30:00+00:00,8686.16,8694.96,8686.16,8694.96,83.61862866793199
2026-05-14T23:00:00+00:00,8692.91,8692.91,8686.91,8690.91,163.15929357504348
2026-05-14T23:30:00+00:00,8690.91,8699.91,8649.62,8654.130000000001,622.8837728393945
2026-05-15T00:00:00+00:00,8654.130000000001,8684.04,8642.03,8675.53,1826
2026-05-15T00:30:00+00:00,8675.53,8684.04,8661.04,8662.04,1102
2026-05-15T01:00:00+00:00,8662.04,8663.04,8616.02,8618.03,1337
2026-05-15T01:30:00+00:00,8618.03,8635.04,8603.02,8616.03,2050
2026-05-15T02:00:00+00:00,8616.03,8628.53,8608.04,8620.54,1492
2026-05-15T02:30:00+00:00,8620.54,8635.03,8611.52,8630.03,1077
2026-05-15T03:00:00+00:00,8630.03,8635.04,8618.03,8619.04,639
2026-05-15T03:30:00+00:00,8619.04,8629.04,8613.02,8629.04,676
2026-05-15T04:00:00+00:00,8629.04,8631.54,8620.52,8624.52,482
2026-05-15T04:30:00+00:00,8624.52,8629.53,8612.02,8613.54,479
2026-05-15T05:00:00+00:00,8613.54,8618.04,8609.02,8617.04,819
2026-05-15T05:30:00+00:00,8617.04,8617.04,8601.02,8610.04,975
2026-05-15T06:00:00+00:00,8610.04,8622.640000000001,8599.62,8620.43,1614
2026-05-15T07:00:00+00:00,8626.98,8657.68,8626.98,8653.17,526
2026-05-15T07:30:00+00:00,8653.17,8654.18,8638.67,8642.17,862
2026-05-15T08:00:00+00:00,8642.17,8644.17,8604.69,8606.17,1311
2026-05-15T08:30:00+00:00,8606.17,8622.17,8598.17,8616.18,1215
2026-05-15T09:00:00+00:00,8616.18,8618.17,8605.67,8614.17,1205
2026-05-15T09:30:00+00:00,8614.17,8614.19,8600.19,8606.67,1244
2026-05-15T10:00:00+00:00,8606.67,8624.69,8604.17,8613.69,1084
2026-05-15T10:30:00+00:00,8613.69,8641.19,8611.17,8638.19,1953
2026-05-15T11:00:00+00:00,8638.19,8644.19,8622.17,8624.68,1053
2026-05-15T11:30:00+00:00,8624.68,8625.18,8605.17,8605.19,692
2026-05-15T12:00:00+00:00,8605.19,8605.19,8592.18,8598.18,868
2026-05-15T12:30:00+00:00,8598.18,8603.18,8590.17,8600.67,987
2026-05-15T13:00:00+00:00,8600.67,8611.69,8596.17,8609.68,867
2026-05-15T13:30:00+00:00,8609.68,8616.69,8573.68,8584.69,1974
2026-05-15T14:00:00+00:00,8584.69,8614.19,8573.67,8600.18,2163
2026-05-15T14:30:00+00:00,8600.18,8608.19,8594.18,8605.19,1755
2026-05-15T15:00:00+00:00,8605.19,8609.68,8592.17,8598.68,1312
2026-05-15T15:30:00+00:00,8598.68,8605.69,8582.68,8592.67,1598
2026-05-15T16:00:00+00:00,8592.67,8594.69,8581.67,8590.19,814
2026-05-15T16:30:00+00:00,8590.19,8595.19,8587.17,8590.17,640
2026-05-15T17:00:00+00:00,8590.17,8607.19,8587.17,8602.67,566
2026-05-15T17:30:00+00:00,8602.67,8604.69,8600.17,8603.68,375
2026-05-15T18:00:00+00:00,8603.68,8605.69,8592.19,8598.18,671
2026-05-15T18:30:00+00:00,8598.18,8601.19,8588.69,8598.18,693
2026-05-15T19:00:00+00:00,8598.18,8598.69,8590.67,8594.68,543
2026-05-15T19:30:00+00:00,8594.68,8606.19,8591.17,8594.19,705
2026-05-15T20:00:00+00:00,8594.19,8594.19,8577.18,8581.69,420
2026-05-15T20:30:00+00:00,8581.69,8585.17,8581.68,8582.68,76
2026-05-17T23:30:00+00:00,8582.68,8590.44,8577.42,8583.42,322
2026-05-18T00:00:00+00:00,8583.42,8589.84,8550.82,8551.82,4439
2026-05-18T00:30:00+00:00,8551.82,8558.82,8531.83,8553.84,3125
2026-05-18T01:00:00+00:00,8553.84,8557.34,8502.82,8520.33,3763
2026-05-18T01:30:00+00:00,8520.33,8532.84,8506.82,8520.84,2474
2026-05-18T02:00:00+00:00,8520.84,8528.83,8507.84,8523.34,1500
2026-05-18T02:30:00+00:00,8523.34,8531.82,8504.82,8506.84,1181
2026-05-18T03:00:00+00:00,8506.84,8516.84,8502.32,8510.34,1076
2026-05-18T03:30:00+00:00,8510.34,8510.84,8498.82,8505.82,1159
2026-05-18T04:00:00+00:00,8505.82,8521.84,8505.32,8510.83,975
2026-05-18T04:30:00+00:00,8510.83,8516.84,8505.32,8514.83,935
2026-05-18T05:00:00+00:00,8514.83,8523.82,8501.83,8513.83,1221
2026-05-18T05:30:00+00:00,8513.83,8518.32,8508.83,8512.32,1104
2026-05-18T06:00:00+00:00,8512.32,8512.44,8491.73,8492.24,1390
2026-05-18T07:00:00+00:00,8492.24,8518.44,8489.44,8515.92,869
2026-05-18T07:30:00+00:00,8515.92,8519.92,8497.92,8504.94,1505
2026-05-18T08:00:00+00:00,8504.94,8528.94,8504.94,8527.44,844
2026-05-18T08:30:00+00:00,8527.44,8540.44,8526.92,8538.44,641
2026-05-18T09:00:00+00:00,8538.44,8539.94,8527.43,8535.43,519
2026-05-18T09:30:00+00:00,8535.43,8538.44,8531.42,8536.42,588
2026-05-18T10:00:00+00:00,8536.42,8538.42,8523.42,8530.94,659
2026-05-18T10:30:00+00:00,8530.94,8538.94,8521.43,8529.43,527
2026-05-18T11:00:00+00:00,8529.43,8534.43,8514.42,8526.42,874
2026-05-18T11:30:00+00:00,8526.42,8578.44,8525.92,8554.43,2582
2026-05-18T12:00:00+00:00,8554.43,8562.43,8547.93,8554.94,983
2026-05-18T12:30:00+00:00,8554.94,8594.44,8551.94,8589.43,2265
2026-05-18T13:00:00+00:00,8589.43,8591.44,8578.42,8581.42,1369
2026-05-18T13:30:00+00:00,8581.42,8600.94,8566.92,8592.44,2569
2026-05-18T14:00:00+00:00,8592.44,8592.94,8569.93,8572.43,2064
2026-05-18T14:30:00+00:00,8572.43,8574.43,8551.42,8561.92,2196
2026-05-18T15:00:00+00:00,8561.92,8565.94,8538.92,8542.92,2568
2026-05-18T15:30:00+00:00,8542.92,8571.43,8542.43,8565.43,1458
2026-05-18T16:00:00+00:00,8565.43,8582.43,8550.42,8553.92,1473
2026-05-18T16:30:00+00:00,8553.92,8574.44,8551.42,8568.43,1487
2026-05-18T17:00:00+00:00,8568.43,8577.44,8560.93,8573.92,984
2026-05-18T17:30:00+00:00,8573.92,8574.94,8564.93,8566.93,758
2026-05-18T18:00:00+00:00,8566.93,8568.43,8532.43,8540.93,1359
2026-05-18T18:30:00+00:00,8540.93,8546.43,8530.94,8532.42,1140
2026-05-18T19:00:00+00:00,8532.42,8578.43,8531.92,8555.43,2739
2026-05-18T19:30:00+00:00,8555.43,8587.42,8553.43,8584.44,1292
2026-05-18T20:00:00+00:00,8584.44,8587.44,8577.92,8586.42,225
2026-05-18T20:30:00+00:00,8586.42,8588.23,8584.72,8588.23,135
2026-05-18T23:00:00+00:00,8598.41,8601.41,8588.41,8590.41,682.6726340580094
2026-05-18T23:30:00+00:00,8590.41,8592.41,8559.150000000001,8565.650000000001,1276.8476833700554
2026-05-19T00:00:00+00:00,8565.650000000001,8600.550000000001,8556.550000000001,8584.03,3227
2026-05-19T00:30:00+00:00,8584.03,8591.550000000001,8572.04,8574.04,1340
2026-05-19T01:00:00+00:00,8574.04,8590.54,8556.04,8570.550000000001,1568
2026-05-19T01:30:00+00:00,8570.550000000001,8585.03,8564.54,8565.050000000001,1439
2026-05-19T02:00:00+00:00,8565.050000000001,8583.550000000001,8560.53,8581.04,1380
2026-05-19T02:30:00+00:00,8581.04,8588.54,8574.53,8580.550000000001,870
2026-05-19T03:00:00+00:00,8580.550000000001,8596.550000000001,8576.54,8595.550000000001,679
2026-05-19T03:30:00+00:00,8595.550000000001,8603.53,8586.54,8588.050000000001,626
2026-05-19T04:00:00+00:00,8588.050000000001,8589.050000000001,8570.53,8573.54,930
2026-05-19T04:30:00+00:00,8573.54,8583.550000000001,8573.03,8580.53,752
2026-05-19T05:00:00+00:00,8580.53,8585.550000000001,8568.54,8580.550000000001,1063
2026-05-19T05:30:00+00:00,8580.550000000001,8591.550000000001,8575.53,8589.54,1052
2026-05-19T06:00:00+00:00,8589.54,8603.150000000001,8588.140000000001,8601.95,1167
2026-05-19T07:00:00+00:00,8609.99,8627.19,8609.99,8625.68,468
2026-05-19T07:30:00+00:00,8625.68,8647.19,8621.19,8645.17,807
2026-05-19T08:00:00+00:00,8645.17,8652.48,8616.7,8621.18,1152
2026-05-19T08:30:00+00:00,8621.18,8633.7,8619.7,8627.2,710
2026-05-19T09:00:00+00:00,8627.2,8627.2,8612.7,8614.18,1031
2026-05-19T09:30:00+00:00,8614.18,8625.19,8606.16,8624.18,931
2026-05-19T10:00:00+00:00,8624.18,8630.19,8620.17,8625.18,641
2026-05-19T10:30:00+00:00,8625.18,8638.19,8615.18,8632.68,1532
2026-05-19T11:00:00+00:00,8632.68,8637.67,8618.67,8621.67,833
2026-05-19T11:30:00+00:00,8621.67,8623.17,8607.66,8609.16,740
2026-05-19T12:00:00+00:00,8609.16,8621.17,8606.67,8618.68,878
2026-05-19T12:30:00+00:00,8618.68,8631.16,8617.68,8624.17,764
2026-05-19T13:00:00+00:00,8624.17,8625.66,8582.67,8584.68,1574
2026-05-19T13:30:00+00:00,8584.68,8601.18,8574.66,8594.18,2803
2026-05-19T14:00:00+00:00,8594.18,8600.67,8565.68,8573.67,2493
2026-05-19T14:30:00+00:00,8573.67,8584.66,8565.66,8575.66,2538
2026-05-19T15:00:00+00:00,8575.66,8590.68,8571.66,8572.66,1679
2026-05-19T15:30:00+00:00,8572.66,8580.68,8568.16,8576.68,1377
2026-05-19T16:00:00+00:00,8576.68,8598.67,8569.66,8595.18,997
2026-05-19T16:30:00+00:00,8595.18,8604.18,8590.17,8602.17,1008
2026-05-19T17:00:00+00:00,8602.17,8610.18,8600.16,8606.68,718
2026-05-19T17:30:00+00:00,8606.68,8610.18,8599.67,8602.17,782
2026-05-19T18:00:00+00:00,8602.17,8603.68,8585.67,8585.67,652
2026-05-19T18:30:00+00:00,8585.67,8591.18,8574.66,8579.66,1022
2026-05-19T19:00:00+00:00,8579.66,8593.67,8578.66,8584.17,869
2026-05-19T19:30:00+00:00,8584.17,8586.66,8569.18,8576.68,941
2026-05-19T20:00:00+00:00,8576.68,8577.19,8569.67,8576.19,232
2026-05-19T20:30:00+00:00,8576.19,8576.69,8569.18,8576.48,109
2026-05-19T23:00:00+00:00,8577.41,8585.41,8573.41,8580.41,285.3531241808004
2026-05-19T23:30:00+00:00,8580.41,8592.77,8566.41,8577.76,888.1092818648235
2026-05-20T00:00:00+00:00,8577.76,8586.66,8537.65,8564.65,3236
2026-05-20T00:30:00+00:00,8564.65,8580.67,8551.65,8564.65,2943
2026-05-20T01:00:00+00:00,8564.65,8566.67,8534.65,8537.67,2826
2026-05-20T01:30:00+00:00,8537.67,8555.65,8516.65,8532.67,3100
2026-05-20T02:00:00+00:00,8532.67,8538.67,8518.65,8518.65,1819
2026-05-20T02:30:00+00:00,8518.65,8519.15,8496.65,8510.17,2695
2026-05-20T03:00:00+00:00,8510.17,8511.16,8498.17,8505.67,1179
2026-05-20T03:30:00+00:00,8505.67,8511.67,8496.16,8500.16,1160
2026-05-20T04:00:00+00:00,8500.16,8514.65,8499.65,8503.65,1058
2026-05-20T04:30:00+00:00,8503.65,8504.66,8482.65,8488.15,808
2026-05-20T05:00:00+00:00,8488.15,8501.66,8485.15,8488.66,1585
2026-05-20T05:30:00+00:00,8488.66,8499.67,8488.65,8499.67,1032
2026-05-20T06:00:00+00:00,8499.67,8503.27,8489.26,8499.07,1386
2026-05-20T07:00:00+00:00,8500.64,8521.34,8500.64,8520.34,403
2026-05-20T07:30:00+00:00,8520.34,8521.33,8499.82,8500.32,653
2026-05-20T08:00:00+00:00,8500.32,8512.34,8497.82,8509.34,1086
2026-05-20T08:30:00+00:00,8509.34,8526.82,8507.82,8521.33,792
2026-05-20T09:00:00+00:00,8521.33,8523.84,8511.82,8515.33,597
2026-05-20T09:30:00+00:00,8515.33,8525.32,8514.82,8520.84,486
2026-05-20T10:00:00+00:00,8520.84,8529.83,8520.33,8528.84,417
2026-05-20T10:30:00+00:00,8528.84,8538.84,8522.83,8523.82,597
2026-05-20T11:00:00+00:00,8523.82,8527.34,8520.82,8525.32,438
2026-05-20T11:30:00+00:00,8525.32,8529.34,8514.32,8517.32,716
2026-05-20T12:00:00+00:00,8517.32,8531.82,8515.32,8529.84,621
2026-05-20T12:30:00+00:00,8529.84,8531.84,8521.83,8521.84,564
2026-05-20T13:00:00+00:00,8521.84,8534.84,8519.82,8526.34,553
2026-05-20T13:30:00+00:00,8526.34,8553.84,8522.82,8545.32,2134
2026-05-20T14:00:00+00:00,8545.32,8587.34,8525.82,8577.82,4815
2026-05-20T14:30:00+00:00,8577.82,8591.82,8573.82,8587.82,2342
2026-05-20T15:00:00+00:00,8587.82,8624.34,8580.82,8596.34,3498
2026-05-20T15:30:00+00:00,8596.34,8614.34,8593.82,8605.33,1561
2026-05-20T16:00:00+00:00,8605.33,8610.34,8593.82,8598.83,1295
2026-05-20T16:30:00+00:00,8598.83,8609.84,8594.83,8602.33,1562
2026-05-20T17:00:00+00:00,8602.33,8611.84,8598.82,8610.84,1070
2026-05-20T17:30:00+00:00,8610.84,8615.34,8606.82,8609.84,606
2026-05-20T18:00:00+00:00,8609.84,8616.84,8603.13,8616.32,710
2026-05-20T18:30:00+00:00,8616.32,8620.84,8612.32,8613.83,586
2026-05-20T19:00:00+00:00,8613.83,8624.32,8612.82,8620.33,365
2026-05-20T19:30:00+00:00,8620.33,8625.32,8616.82,8620.82,476
2026-05-20T20:00:00+00:00,8620.82,8624.83,8611.32,8621.83,595
2026-05-20T20:30:00+00:00,8621.83,8622.82,8604.13,8604.84,309.83227693807896
2026-05-20T23:00:00+00:00,8590.11,8595.11,8588.11,8592.11,260.6734493078956
2026-05-20T23:30:00+00:00,8592.11,8618.060000000001,8579.11,8610.560000000001,773.4202787431017
2026-05-21T00:00:00+00:00,8610.560000000001,8619.460000000001,8591.94,8614.45,2628
2026-05-21T00:30:00+00:00,8614.45,8630.45,8604.44,8604.44,1104
2026-05-21T01:00:00+00:00,8604.44,8611.960000000001,8591.44,8602.94,1042
2026-05-21T01:30:00+00:00,8602.94,8640.460000000001,8602.94,8622.44,1592
2026-05-21T02:00:00+00:00,8622.44,8635.960000000001,8616.45,8635.960000000001,700
2026-05-21T02:30:00+00:00,8635.960000000001,8640.460000000001,8622.45,8632.95,620
2026-05-21T03:00:00+00:00,8632.95,8634.95,8625.94,8633.95,292
2026-05-21T03:30:00+00:00,8633.95,8636.460000000001,8613.44,8614.45,315
2026-05-21T04:00:00+00:00,8614.45,8618.95,8612.45,8614.45,216
2026-05-21T04:30:00+00:00,8614.45,8624.44,8612.44,8624.44,239
2026-05-21T05:00:00+00:00,8624.44,8629.45,8615.44,8618.44,438
2026-05-21T05:30:00+00:00,8618.44,8618.460000000001,8598.44,8605.460000000001,765
2026-05-21T06:00:00+00:00,8605.460000000001,8612.060000000001,8599.04,8605.36,1062
2026-05-21T07:00:00+00:00,8618.09,8618.09,8600.77,8605.29,505
2026-05-21T07:30:00+00:00,8605.29,8619.27,8602.77,8610.77,555
2026-05-21T08:00:00+00:00,8610.77,8633.79,8610.77,8625.27,1298
2026-05-21T08:30:00+00:00,8625.27,8628.79,8621.28,8623.27,777
2026-05-21T09:00:00+00:00,8623.27,8642.79,8622.28,8641.27,762
2026-05-21T09:30:00+00:00,8641.27,8644.79,8631.78,8638.78,512
2026-05-21T10:00:00+00:00,8638.78,8642.28,8604.78,8607.29,1519
2026-05-21T10:30:00+00:00,8607.29,8608.29,8577.27,8589.79,2913
2026-05-21T11:00:00+00:00,8589.79,8606.27,8586.28,8600.77,1561
2026-05-21T11:30:00+00:00,8600.77,8604.78,8593.77,8597.79,638
2026-05-21T12:00:00+00:00,8597.79,8603.29,8587.77,8588.77,814
2026-05-21T12:30:00+00:00,8588.77,8608.28,8588.27,8599.79,1847
2026-05-21T13:00:00+00:00,8599.79,8609.77,8595.79,8603.78,1045
2026-05-21T13:30:00+00:00,8603.78,8640.29,8585.77,8635.77,2825
2026-05-21T14:00:00+00:00,8635.77,8638.79,8604.78,8619.77,2274
2026-05-21T14:30:00+00:00,8619.77,8628.28,8609.78,8619.77,1659
2026-05-21T15:00:00+00:00,8619.77,8630.29,8606.29,8617.78,1676
2026-05-21T15:30:00+00:00,8617.78,8623.78,8611.29,8620.78,1158
2026-05-21T16:00:00+00:00,8620.78,8630.78,8616.77,8621.78,1336
2026-05-21T16:30:00+00:00,8621.78,8624.79,8615.28,8619.28,689
2026-05-21T17:00:00+00:00,8619.28,8644.79,8611.29,8635.28,3298
2026-05-21T17:30:00+00:00,8635.28,8660.29,8634.77,8653.29,1344
2026-05-21T18:00:00+00:00,8653.29,8659.29,8643.78,8655.28,1409
2026-05-21T18:30:00+00:00,8655.28,8656.79,8632.77,8639.29,2215
2026-05-21T19:00:00+00:00,8639.29,8661.79,8639.27,8655.77,1052
2026-05-21T19:30:00+00:00,8655.77,8660.78,8646.77,8657.78,1078
2026-05-21T20:00:00+00:00,8657.78,8662.28,8656.27,8656.28,170
2026-05-21T20:30:00+00:00,8656.28,8656.79,8652.28,8653.07,81.76661417322835
2026-05-21T23:00:00+00:00,8667.42,8670.42,8666.42,8668.42,302.5543828031049
2026-05-21T23:30:00+00:00,8668.42,8698.27,8664.42,8690.25,820.4985813748924
2026-05-22T00:00:00+00:00,8690.25,8705.65,8685.15,8689.67,1682
2026-05-22T00:30:00+00:00,8689.67,8692.66,8677.65,8680.67,587
2026-05-22T01:00:00+00:00,8680.67,8692.67,8673.65,8692.17,609
2026-05-22T01:30:00+00:00,8692.17,8704.67,8688.66,8693.16,647
2026-05-22T02:00:00+00:00,8693.16,8702.66,8688.65,8701.66,505
2026-05-22T02:30:00+00:00,8701.66,8706.17,8693.65,8698.66,520
2026-05-22T03:00:00+00:00,8698.66,8702.66,8692.65,8696.15,284
2026-05-22T03:30:00+00:00,8696.15,8697.67,8691.66,8692.17,159.89212513484358
2026-05-22T04:00:00+00:00,8692.17,8701.17,8689.65,8691.67,206.87692307692308
2026-05-22T04:30:00+00:00,8691.67,8691.67,8681.65,8686.65,193
2026-05-22T05:00:00+00:00,8686.65,8692.17,8675.65,8677.16,307
2026-05-22T05:30:00+00:00,8677.16,8681.66,8669.65,8672.66,379
2026-05-22T06:00:00+00:00,8672.66,8692.26,8669.25,8688.550000000001,787
2026-05-22T07:00:00+00:00,8657.7,8660.42,8644.92,8658.42,362
2026-05-22T07:30:00+00:00,8658.42,8658.9,8639.9,8649.4,548
2026-05-22T08:00:00+00:00,8649.4,8658.42,8641.91,8649.42,962
2026-05-22T08:30:00+00:00,8649.42,8649.92,8632.9,8638.4,892
2026-05-22T09:00:00+00:00,8638.4,8643.92,8630.41,8636.9,571
2026-05-22T09:30:00+00:00,8636.9,8649.9,8633.9,8648.42,384
2026-05-22T10:00:00+00:00,8648.42,8651.42,8644.42,8645.4,421
2026-05-22T10:30:00+00:00,8645.4,8646.42,8629.91,8632.41,419
2026-05-22T11:00:00+00:00,8632.41,8640.92,8627.9,8627.92,334.39633507853404
2026-05-22T11:30:00+00:00,8627.92,8644.92,8626.9,8636.91,544
2026-05-22T12:00:00+00:00,8636.91,8657.91,8635.91,8646.92,1982
2026-05-22T12:30:00+00:00,8646.92,8656.91,8642.4,8655.91,562
2026-05-22T13:00:00+00:00,8655.91,8661.41,8647.9,8650.4,1167
2026-05-22T13:30:00+00:00,8650.4,8653.92,8625.9,8634.91,1804
2026-05-22T14:00:00+00:00,8634.91,8634.92,8610.91,8618.42,1591
2026-05-22T14:30:00+00:00,8618.42,8621.91,8607.9,8613.9,824
2026-05-22T15:00:00+00:00,8613.9,8629.41,8612.4,8629.41,678
2026-05-22T15:30:00+00:00,8629.41,8633.92,8625.42,8626.9,639
2026-05-22T16:00:00+00:00,8626.9,8627.92,8620.9,8626.91,634
2026-05-22T16:30:00+00:00,8626.91,8631.42,8621.9,8626.42,475
2026-05-22T17:00:00+00:00,8626.42,8643.92,8619.92,8643.4,1070
2026-05-22T17:30:00+00:00,8643.4,8646.42,8632.4,8633.42,1028
2026-05-22T18:00:00+00:00,8633.42,8637.91,8628.9,8633.91,576
2026-05-22T18:30:00+00:00,8633.91,8638.91,8631.9,8635.41,285
2026-05-22T19:00:00+00:00,8635.41,8635.41,8619.91,8620.4,608
2026-05-22T19:30:00+00:00,8620.4,8624.9,8613.9,8620.42,648
2026-05-22T20:00:00+00:00,8620.42,8621.42,8612.92,8616.91,202.77031983047993
2026-05-22T20:30:00+00:00,8616.91,8616.91,8606.9,8607.4,208
2026-05-24T23:30:00+00:00,8606.9,8658.26,8606.9,8655.75,328
2026-05-25T00:00:00+00:00,8655.75,8668.66,8640.67,8664.66,1171
2026-05-25T00:30:00+00:00,8664.66,8670.15,8658.15,8666.65,636
2026-05-25T01:00:00+00:00,8666.65,8688.67,8661.65,8685.16,685
2026-05-25T01:30:00+00:00,8685.16,8699.67,8680.65,8696.67,580
2026-05-25T02:00:00+00:00,8696.67,8715.65,8696.17,8704.17,444
2026-05-25T02:30:00+00:00,8704.17,8708.66,8697.65,8698.17,316
2026-05-25T03:00:00+00:00,8698.17,8702.67,8692.65,8697.15,382
2026-05-25T03:30:00+00:00,8697.15,8702.17,8691.65,8697.65,278.3738279657562
2026-05-25T04:00:00+00:00,8697.65,8702.67,8696.65,8699.66,267
2026-05-25T04:30:00+00:00,8699.66,8702.67,8697.65,8698.65,241
2026-05-25T05:00:00+00:00,8698.65,8698.67,8690.65,8692.66,239
2026-05-25T05:30:00+00:00,8692.66,8693.67,8688.65,8690.66,235.30753835890593
2026-05-25T06:00:00+00:00,8690.66,8693.27,8683.25,8686.57,556
2026-05-25T07:00:00+00:00,8685.57,8692.26,8678.25,8685.25,302
2026-05-25T07:30:00+00:00,8685.25,8698.27,8684.25,8698.26,293
2026-05-25T08:00:00+00:00,8698.26,8699.27,8693.25,8696.75,277
2026-05-25T08:30:00+00:00,8696.75,8705.27,8696.25,8701.27,180
2026-05-25T09:00:00+00:00,8701.27,8706.77,8700.26,8705.26,123.51416122004358
2026-05-25T09:30:00+00:00,8705.26,8717.27,8705.26,8716.25,115.76539589442815
2026-05-25T10:00:00+00:00,8716.25,8716.75,8710.25,8711.25,163.60355029585799
2026-05-25T10:30:00+00:00,8711.25,8716.76,8710.27,8712.76,109.39024332478424
2026-05-25T11:00:00+00:00,8712.76,8715.75,8708.25,8715.75,136.94488837809413
2026-05-25T11:30:00+00:00,8715.75,8717.76,8711.24,8711.76,217
2026-05-25T12:00:00+00:00,8711.76,8718.74,8707.74,8712.76,339
2026-05-25T12:30:00+00:00,8712.76,8713.74,8708.74,8709.24,151
2026-05-25T13:00:00+00:00,8709.24,8711.26,8704.74,8706.76,136.5209232715659
2026-05-25T13:30:00+00:00,8706.76,8711.75,8706.26,8708.76,157.8481262327416
2026-05-25T14:00:00+00:00,8708.76,8711.76,8707.74,8710.75,128
2026-05-25T14:30:00+00:00,8710.75,8711.26,8703.74,8704.26,123
2026-05-25T15:00:00+00:00,8704.26,8715.74,8698.74,8711.26,713
2026-05-25T15:30:00+00:00,8711.26,8711.26,8703.24,8704.76,241
2026-05-25T16:00:00+00:00,8704.76,8706.25,8701.74,8704.74,122.55462184873949
2026-05-25T16:30:00+00:00,8704.74,8712.76,8704.26,8712.76,150.92388262728332
2026-05-25T17:00:00+00:00,8712.76,8712.76,8710.75,8711.25,60.05659698745296
2026-05-25T17:30:00+00:00,8711.25,8711.26,8707.74,8707.74,77.16679195437689
2026-05-25T18:00:00+00:00,8707.74,8708.76,8706.74,8707.25,50.28280176136036
2026-05-25T18:30:00+00:00,8707.25,8707.26,8707.25,8707.25,89.09876983326075
2026-05-25T19:00:00+00:00,8707.25,8708.26,8707.25,8708.26,130.1700559153985
2026-05-25T19:30:00+00:00,8708.26,8708.76,8708.25,8708.76,139.04905083640853
2026-05-25T20:00:00+00:00,8708.76,8709.25,8705.26,8708.25,37.135802469135804
2026-05-25T20:30:00+00:00,8708.25,8714.06,8702.55,8714.06,27
2026-05-25T23:00:00+00:00,8700.61,8705.61,8690.61,8693.61,824.4850164061597
2026-05-25T23:30:00+00:00,8693.61,8708.61,8665.02,8671.02,706.4226239053892
2026-05-26T00:00:00+00:00,8671.02,8674.93,8626.910000000002,8630.910000000002,1596
2026-05-26T00:30:00+00:00,8630.910000000002,8641.93,8617.410000000002,8623.43,741
2026-05-26T01:00:00+00:00,8623.43,8654.43,8620.410000000002,8638.410000000002,964
2026-05-26T01:30:00+00:00,8638.410000000002,8653.43,8626.410000000002,8643.910000000002,876
2026-05-26T02:00:00+00:00,8643.910000000002,8643.910000000002,8632.420000000002,8634.910000000002,411
2026-05-26T02:30:00+00:00,8634.910000000002,8647.920000000002,8631.920000000002,8643.910000000002,302
2026-05-26T03:00:00+00:00,8643.910000000002,8652.410000000002,8640.410000000002,8645.43,301
2026-05-26T03:30:00+00:00,8645.43,8651.410000000002,8642.410000000002,8644.910000000002,308.99603489294213
2026-05-26T04:00:00+00:00,8644.910000000002,8648.420000000002,8636.410000000002,8644.920000000002,276
2026-05-26T04:30:00+00:00,8644.920000000002,8649.910000000002,8636.410000000002,8644.93,352
2026-05-26T05:00:00+00:00,8644.93,8648.420000000002,8641.910000000002,8648.410000000002,298
2026-05-26T05:30:00+00:00,8648.410000000002,8652.43,8644.910000000002,8644.93,382
2026-05-26T06:00:00+00:00,8644.93,8650.03,8639.51,8643.830000000002,655
2026-05-26T07:00:00+00:00,8655.78,8657.98,8645.27,8651.97,530
2026-05-26T07:30:00+00:00,8651.97,8667.48,8643.97,8664.97,557
2026-05-26T08:00:00+00:00,8664.97,8666.97,8656.96,8660.98,521
2026-05-26T08:30:00+00:00,8660.98,8661.98,8655.97,8657.48,443
2026-05-26T09:00:00+00:00,8657.48,8668.96,8655.46,8668.47,470
2026-05-26T09:30:00+00:00,8668.47,8669.48,8660.96,8662.48,298
2026-05-26T10:00:00+00:00,8662.48,8671.48,8658.97,8669.46,353
2026-05-26T10:30:00+00:00,8669.46,8673.98,8665.46,8668.46,469.2661870503597
2026-05-26T11:00:00+00:00,8668.46,8671.96,8663.96,8666.48,248
2026-05-26T11:30:00+00:00,8666.48,8667.98,8652.47,8658.96,736
2026-05-26T12:00:00+00:00,8658.96,8659.48,8650.46,8655.98,465
2026-05-26T12:30:00+00:00,8655.98,8660.46,8652.96,8656.96,283
2026-05-26T13:00:00+00:00,8656.96,8663.48,8652.97,8657.98,403
2026-05-26T13:30:00+00:00,8657.98,8665.46,8638.96,8646.28,1426
2026-05-26T14:00:00+00:00,8646.28,8650.98,8636.96,8640.98,735
2026-05-26T14:30:00+00:00,8640.98,8646.98,8635.97,8639.97,701
2026-05-26T15:00:00+00:00,8639.97,8640.98,8628.97,8630.48,745
2026-05-26T15:30:00+00:00,8630.48,8638.48,8625.96,8637.98,950
2026-05-26T16:00:00+00:00,8637.98,8643.98,8634.96,8642.98,373
2026-05-26T16:30:00+00:00,8642.98,8646.96,8634.96,8635.96,338
2026-05-26T17:00:00+00:00,8635.96,8638.98,8630.96,8631.48,292
2026-05-26T17:30:00+00:00,8631.48,8638.98,8630.96,8635.47,295
2026-05-26T18:00:00+00:00,8635.47,8640.98,8633.97,8634.98,222
2026-05-26T18:30:00+00:00,8634.98,8638.98,8633.98,8635.98,202
2026-05-26T19:00:00+00:00,8635.98,8639.97,8633.97,8637.96,191.9488730071468
2026-05-26T19:30:00+00:00,8637.96,8649.98,8637.96,8648.98,306.1016746411483
2026-05-26T20:00:00+00:00,8648.98,8650.97,8645.47,8645.47,99.99527393799347
2026-05-26T20:30:00+00:00,8645.47,8650.46,8645.47,8648.77,58
2026-05-26T23:00:00+00:00,8652.21,8665.21,8652.21,8664.21,137.18085675940097
2026-05-26T23:30:00+00:00,8664.21,8673.21,8658.21,8665.159999999998,506.50931657112085
2026-05-27T00:00:00+00:00,8665.159999999998,8682.56,8646.05,8648.55,1471
2026-05-27T00:30:00+00:00,8648.55,8659.539999999999,8647.06,8651.55,689
2026-05-27T01:00:00+00:00,8651.55,8651.56,8636.55,8646.06,682
2026-05-27T01:30:00+00:00,8646.06,8684.539999999999,8645.56,8676.06,1179
2026-05-27T02:00:00+00:00,8676.06,8679.06,8666.539999999999,8676.05,511
2026-05-27T02:30:00+00:00,8676.05,8685.56,8676.05,8684.55,323
2026-05-27T03:00:00+00:00,8684.55,8688.56,8679.039999999999,8684.539999999999,302
2026-05-27T03:30:00+00:00,8684.539999999999,8687.55,8680.55,8681.539999999999,398
2026-05-27T04:00:00+00:00,8681.539999999999,8689.529999999999,8676.029999999999,8678.55,389.9088348271447
2026-05-27T04:30:00+00:00,8678.55,8696.029999999999,8676.539999999999,8692.029999999999,375
2026-05-27T05:00:00+00:00,8692.029999999999,8709.539999999999,8691.029999999999,8708.05,411
2026-05-27T05:30:00+00:00,8708.05,8716.55,8704.529999999999,8713.55,316
2026-05-27T06:00:00+00:00,8713.55,8733.149999999998,8711.139999999998,8727.429999999998,728
2026-05-27T07:00:00+00:00,8718,8722.71,8708.71,8717.71,304
2026-05-27T07:30:00+00:00,8717.71,8723.7,8716.22,8718.71,247
2026-05-27T08:00:00+00:00,8718.71,8731.71,8717.21,8727.22,530
2026-05-27T08:30:00+00:00,8727.22,8731.71,8724.2,8724.2,390
2026-05-27T09:00:00+00:00,8724.2,8732.72,8722.7,8725.7,338
2026-05-27T09:30:00+00:00,8725.7,8733.72,8724.7,8731.2,257.7674418604651
2026-05-27T10:00:00+00:00,8731.2,8734.71,8726.71,8731.7,257
2026-05-27T10:30:00+00:00,8731.7,8731.71,8722.2,8722.71,234
2026-05-27T11:00:00+00:00,8722.71,8726.72,8716.7,8718.21,318
2026-05-27T11:30:00+00:00,8718.21,8719.21,8703.71,8705.2,313
2026-05-27T12:00:00+00:00,8705.2,8735.72,8700.71,8726.7,1965
2026-05-27T12:30:00+00:00,8726.7,8728.71,8704.71,8705.72,1065
2026-05-27T13:00:00+00:00,8705.72,8706.71,8697.7,8698.2,611
2026-05-27T13:30:00+00:00,8698.2,8703.7,8688.7,8691.7,1411
2026-05-27T14:00:00+00:00,8691.7,8693.72,8668.2,8676.21,1093
2026-05-27T14:30:00+00:00,8676.21,8686.22,8663.21,8685.71,1222
2026-05-27T15:00:00+00:00,8685.71,8690.71,8681.7,8688.72,716
2026-05-27T15:30:00+00:00,8688.72,8695.22,8671.7,8675.7,1183
2026-05-27T16:00:00+00:00,8675.7,8686.72,8672.7,8684.72,567
2026-05-27T16:30:00+00:00,8684.72,8687.72,8675.71,8675.71,272
2026-05-27T17:00:00+00:00,8675.71,8676.72,8663.72,8671.71,425
2026-05-27T17:30:00+00:00,8671.71,8675.72,8670.7,8671.72,296
2026-05-27T18:00:00+00:00,8671.72,8677.72,8666.7,8674.71,282
2026-05-27T18:30:00+00:00,8674.71,8676.72,8670.7,8672.71,223
2026-05-27T19:00:00+00:00,8672.71,8673.72,8666.7,8667.2,184
2026-05-27T19:30:00+00:00,8667.2,8671.72,8663.7,8669.22,298
2026-05-27T20:00:00+00:00,8669.22,8672.7,8667.72,8668.22,141.91022842580276
2026-05-27T20:30:00+00:00,8668.22,8673.02,8666.2,8673.02,85.08510834223539
2026-05-27T23:00:00+00:00,8669.86,8672.86,8660.86,8667.86,185.48542912125603
2026-05-27T23:30:00+00:00,8667.86,8676.86,8626.86,8635.37,538.4909058461335
2026-05-28T00:00:00+00:00,8635.37,8638.76,8610.76,8611.26,1488
2026-05-28T00:30:00+00:00,8611.26,8637.78,8599.76,8634.28,922
2026-05-28T01:00:00+00:00,8634.28,8637.28,8622.27,8627.27,935
2026-05-28T01:30:00+00:00,8627.27,8637.78,8627.27,8635.26,804
2026-05-28T02:00:00+00:00,8635.26,8640.27,8618.27,8619.26,619
2026-05-28T02:30:00+00:00,8619.26,8619.77,8595.27,8602.26,554
2026-05-28T03:00:00+00:00,8602.26,8603.28,8580.27,8580.78,783
2026-05-28T03:30:00+00:00,8580.78,8581.28,8546.76,8546.77,1987
2026-05-28T04:00:00+00:00,8546.77,8558.78,8536.26,8542.27,1386
2026-05-28T04:30:00+00:00,8542.27,8559.26,8539.26,8552.26,1059
2026-05-28T05:00:00+00:00,8552.26,8565.26,8551.26,8560.76,864
2026-05-28T05:30:00+00:00,8560.76,8576.27,8560.28,8572.27,910
2026-05-28T06:00:00+00:00,8572.27,8577.380000000001,8564.36,8576.68,661
2026-05-28T07:00:00+00:00,8600.34,8623.53,8600.34,8611.54,440
2026-05-28T07:30:00+00:00,8611.54,8625.03,8609.52,8624.02,479
2026-05-28T08:00:00+00:00,8624.02,8627.54,8617.52,8624.03,701
2026-05-28T08:30:00+00:00,8624.03,8631.52,8620.03,8630.53,325
2026-05-28T09:00:00+00:00,8630.53,8642.54,8629.03,8640.52,398
2026-05-28T09:30:00+00:00,8640.52,8641.54,8633.02,8634.03,374
2026-05-28T10:00:00+00:00,8634.03,8634.54,8623.53,8625.04,254
2026-05-28T10:30:00+00:00,8625.04,8628.53,8607.03,8613.54,700
2026-05-28T11:00:00+00:00,8613.54,8618.54,8611.53,8617.04,597
2026-05-28T11:30:00+00:00,8617.04,8624.02,8614.52,8619.02,416
2026-05-28T12:00:00+00:00,8619.02,8624.54,8611.52,8618.03,364
2026-05-28T12:30:00+00:00,8618.03,8637.54,8611.84,8634.53,707
2026-05-28T13:00:00+00:00,8634.53,8641.54,8627.52,8628.53,487
2026-05-28T13:30:00+00:00,8628.53,8632.54,8614.02,8631.52,1128
2026-05-28T14:00:00+00:00,8631.52,8683.54,8623.52,8658.04,3163
2026-05-28T14:30:00+00:00,8658.04,8661.03,8642.52,8649.53,1572.4727368978297
2026-05-28T15:00:00+00:00,8649.53,8656.050000000001,8644.04,8654.03,794
2026-05-28T15:30:00+00:00,8654.03,8658.050000000001,8645.03,8655.03,570
2026-05-28T16:00:00+00:00,8655.03,8665.050000000001,8651.04,8658.550000000001,571
2026-05-28T16:30:00+00:00,8658.550000000001,8669.050000000001,8657.03,8668.050000000001,370
2026-05-28T17:00:00+00:00,8668.050000000001,8669.04,8655.53,8658.050000000001,241.43570696721312
2026-05-28T17:30:00+00:00,8658.050000000001,8662.050000000001,8656.03,8661.04,189
2026-05-28T18:00:00+00:00,8661.04,8663.050000000001,8655.53,8657.53,323
2026-05-28T18:30:00+00:00,8657.53,8657.550000000001,8650.04,8653.53,204
2026-05-28T19:00:00+00:00,8653.53,8655.04,8649.03,8653.050000000001,134
2026-05-28T19:30:00+00:00,8653.050000000001,8656.050000000001,8652.03,8654.550000000001,247
2026-05-28T20:00:00+00:00,8654.550000000001,8656.050000000001,8653.03,8655.04,77.92873836796085
2026-05-28T20:30:00+00:00,8655.04,8663.34,8648.33,8663.34,67.57334648238076
2026-05-28T23:00:00+00:00,8648.01,8664.01,8648.01,8662.01,102.99986375558234
2026-05-28T23:30:00+00:00,8662.01,8667.01,8645.960000000001,8654.970000000001,381.5300662141788
2026-05-29T00:00:00+00:00,8654.970000000001,8666.36,8649.87,8658.86,1439
2026-05-29T00:30:00+00:00,8658.86,8661.36,8646.36,8652.37,551
2026-05-29T01:00:00+00:00,8652.37,8670.35,8651.37,8666.35,820
2026-05-29T01:30:00+00:00,8666.35,8685.37,8664.85,8672.86,476
2026-05-29T02:00:00+00:00,8672.86,8688.85,8668.87,8678.86,405
2026-05-29T02:30:00+00:00,8678.86,8685.37,8673.85,8683.87,267
2026-05-29T03:00:00+00:00,8683.87,8702.37,8683.35,8700.87,339
2026-05-29T03:30:00+00:00,8700.87,8703.37,8694.37,8702.85,256
2026-05-29T04:00:00+00:00,8702.85,8715.87,8702.35,8711.37,323
2026-05-29T04:30:00+00:00,8711.37,8720.35,8711.37,8714.35,255
2026-05-29T05:00:00+00:00,8714.35,8722.86,8713.35,8716.36,229
2026-05-29T05:30:00+00:00,8716.36,8716.36,8701.35,8708.36,309
2026-05-29T06:00:00+00:00,8708.36,8735.960000000001,8707.45,8725.76,1039
2026-05-29T07:00:00+00:00,8727.58,8750.79,8726.08,8743.79,513
2026-05-29T07:30:00+00:00,8743.79,8746.79,8732.78,8745.77,502
2026-05-29T08:00:00+00:00,8745.77,8750.78,8727.77,8730.29,512
2026-05-29T08:30:00+00:00,8730.29,8735.78,8727.27,8728.28,290
2026-05-29T09:00:00+00:00,8728.28,8739.79,8726.78,8738.79,410
2026-05-29T09:30:00+00:00,8738.79,8751.79,8737.28,8740.79,397
2026-05-29T10:00:00+00:00,8740.79,8740.79,8734.78,8738.28,383.4395072591289
2026-05-29T10:30:00+00:00,8738.28,8744.78,8735.77,8742.27,411.91992373689226
2026-05-29T11:00:00+00:00,8742.27,8745.79,8737.77,8737.78,292
2026-05-29T11:30:00+00:00,8737.78,8743.78,8732.27,8741.28,473
2026-05-29T12:00:00+00:00,8741.28,8749.29,8735.77,8748.78,413.7774158523344
2026-05-29T12:30:00+00:00,8748.78,8752.27,8741.77,8748.27,508
2026-05-29T13:00:00+00:00,8748.27,8753.78,8732.79,8737.78,439
2026-05-29T13:30:00+00:00,8737.78,8745.78,8727.77,8729.28,821
2026-05-29T14:00:00+00:00,8729.28,8736.79,8725.77,8730.79,671
2026-05-29T14:30:00+00:00,8730.79,8754.29,8728.77,8743.79,1449
2026-05-29T15:00:00+00:00,8743.79,8762.79,8736.78,8737.29,1175
2026-05-29T15:30:00+00:00,8737.29,8740.78,8726.77,8733.79,1395.1013676588898
2026-05-29T16:00:00+00:00,8733.79,8737.79,8730.27,8731.27,367
2026-05-29T16:30:00+00:00,8731.27,8737.27,8729.78,8732.78,424
2026-05-29T17:00:00+00:00,8732.78,8739.29,8730.29,8730.78,286
2026-05-29T17:30:00+00:00,8730.78,8733.28,8722.27,8722.27,256
2026-05-29T18:00:00+00:00,8722.27,8730.29,8722.27,8728.78,264
2026-05-29T18:30:00+00:00,8728.78,8733.29,8721.28,8721.77,403
2026-05-29T19:00:00+00:00,8721.77,8726.29,8721.28,8725.29,230.2204081632653
2026-05-29T19:30:00+00:00,8725.29,8726.28,8717.27,8717.79,475
2026-05-29T20:00:00+00:00,8717.79,8724.79,8717.77,8719.28,174
2026-05-29T20:30:00+00:00,8719.28,8720.29,8718.27,8718.77,39.03076923076923
2026-05-31T23:30:00+00:00,8718.27,8718.27,8705.56,8707.57,184
2026-06-01T00:00:00+00:00,8707.57,8733.97,8698.96,8721.96,1522
2026-06-01T00:30:00+00:00,8721.96,8722.97,8694.45,8703.46,768
2026-06-01T01:00:00+00:00,8703.46,8711.97,8694.95,8709.46,474
2026-06-01T01:30:00+00:00,8709.46,8723.97,8706.97,8717.46,387
2026-06-01T02:00:00+00:00,8717.46,8718.46,8708.96,8717.45,354
2026-06-01T02:30:00+00:00,8717.45,8722.96,8706.95,8720.47,387.326724137931
2026-06-01T03:00:00+00:00,8720.47,8723.47,8711.46,8717.45,468
2026-06-01T03:30:00+00:00,8717.45,8725.97,8704.45,8704.97,458
2026-06-01T04:00:00+00:00,8704.97,8719.96,8702.96,8715.95,260
2026-06-01T04:30:00+00:00,8715.95,8724.96,8715.95,8721.97,208
2026-06-01T05:00:00+00:00,8721.97,8726.46,8719.95,8722.45,259
2026-06-01T05:30:00+00:00,8722.45,8735.97,8722.45,8734.96,300
2026-06-01T06:00:00+00:00,8734.96,8734.96,8722.55,8727.35,566
2026-06-01T07:00:00+00:00,8727.35,8732.57,8724.55,8731.57,370
2026-06-01T07:30:00+00:00,8731.57,8735.57,8723.06,8735.06,410
2026-06-01T08:00:00+00:00,8735.06,8738.07,8724.56,8727.55,430
2026-06-01T08:30:00+00:00,8727.55,8734.07,8722.05,8733.57,387
2026-06-01T09:00:00+00:00,8733.57,8743.07,8732.05,8741.55,269
2026-06-01T09:30:00+00:00,8741.55,8747.07,8737.55,8746.56,249
2026-06-01T10:00:00+00:00,8746.56,8759.56,8745.05,8758.06,268
2026-06-01T10:30:00+00:00,8758.06,8764.05,8758.06,8760.55,193
2026-06-01T11:00:00+00:00,8760.55,8760.55,8746.06,8749.05,275
2026-06-01T11:30:00+00:00,8749.05,8757.57,8748.05,8751.57,262
2026-06-01T12:00:00+00:00,8751.57,8751.57,8739.06,8744.57,481
2026-06-01T12:30:00+00:00,8744.57,8754.07,8741.56,8745.57,530
2026-06-01T13:00:00+00:00,8745.57,8746.56,8680.55,8681.57,2879
2026-06-01T13:30:00+00:00,8681.57,8693.57,8669.56,8670.57,2368
2026-06-01T14:00:00+00:00,8670.57,8690.57,8666.55,8684.05,1908
2026-06-01T14:30:00+00:00,8684.05,8684.56,8663.55,8667.05,932
2026-06-01T15:00:00+00:00,8667.05,8693.57,8664.57,8690.56,886
2026-06-01T15:30:00+00:00,8690.56,8705.57,8689.56,8689.57,1289
2026-06-01T16:00:00+00:00,8689.57,8695.57,8675.56,8681.05,611
2026-06-01T16:30:00+00:00,8681.05,8699.57,8679.55,8699.06,738
2026-06-01T17:00:00+00:00,8699.06,8710.07,8691.57,8710.07,497
2026-06-01T17:30:00+00:00,8710.07,8724.56,8706.55,8714.56,1028
2026-06-01T18:00:00+00:00,8714.56,8716.56,8710.55,8711.05,223.6253058371199
2026-06-01T18:30:00+00:00,8711.05,8713.05,8708.05,8710.05,155.96631130063966
2026-06-01T19:00:00+00:00,8710.05,8710.57,8701.55,8701.55,286
2026-06-01T19:30:00+00:00,8701.55,8707.07,8693.57,8697.57,361.45359801488837
2026-06-01T20:00:00+00:00,8697.57,8699.57,8694.55,8696.56,138
2026-06-01T20:30:00+00:00,8696.56,8699.07,8689.55,8691.35,133
2026-06-01T23:00:00+00:00,8682.11,8688.11,8679.11,8683.11,145.9123376413821
2026-06-01T23:30:00+00:00,8683.11,8693.11,8643.37,8677.880000000001,674.6511223027557
2026-06-02T00:00:00+00:00,8677.880000000001,8684.78,8629.26,8633.28,2321
2026-06-02T00:30:00+00:00,8633.28,8639.28,8602.27,8613.28,1391
2026-06-02T01:00:00+00:00,8613.28,8654.77,8611.28,8651.27,1822
2026-06-02T01:30:00+00:00,8651.27,8655.26,8617.26,8624.26,1330
2026-06-02T02:00:00+00:00,8624.26,8654.27,8624.26,8652.27,969
2026-06-02T02:30:00+00:00,8652.27,8669.78,8651.26,8668.26,540
2026-06-02T03:00:00+00:00,8668.26,8670.28,8655.77,8659.76,441
2026-06-02T03:30:00+00:00,8659.76,8676.27,8656.26,8673.77,512
2026-06-02T04:00:00+00:00,8673.77,8684.77,8669.78,8676.26,386
2026-06-02T04:30:00+00:00,8676.26,8685.77,8670.27,8685.76,352
2026-06-02T05:00:00+00:00,8685.76,8705.28,8685.76,8703.28,436
2026-06-02T05:30:00+00:00,8703.28,8709.78,8703.26,8708.28,376
2026-06-02T06:00:00+00:00,8708.28,8714.17,8701.86,8713.68,700
2026-06-02T07:00:00+00:00,8732.42,8752.61,8732.42,8739.11,284
2026-06-02T07:30:00+00:00,8739.11,8754.1,8736.11,8754.1,392
2026-06-02T08:00:00+00:00,8754.1,8758.62,8750.1,8750.12,545
2026-06-02T08:30:00+00:00,8750.12,8757.62,8747.11,8754.62,297
2026-06-02T09:00:00+00:00,8754.62,8754.62,8745.6,8746.62,341
2026-06-02T09:30:00+00:00,8746.62,8751.12,8739.61,8747.61,292
2026-06-02T10:00:00+00:00,8747.61,8751.62,8741.6,8751.11,296
2026-06-02T10:30:00+00:00,8751.11,8752.62,8744.6,8744.6,238
2026-06-02T11:00:00+00:00,8744.6,8753.12,8743.6,8752.6,285
2026-06-02T11:30:00+00:00,8752.6,8752.62,8746.6,8746.6,271
2026-06-02T12:00:00+00:00,8746.6,8753.6,8743.12,8751.1,335
2026-06-02T12:30:00+00:00,8751.1,8751.62,8742.6,8744.61,449
2026-06-02T13:00:00+00:00,8744.61,8747.61,8735.6,8736.1,605
2026-06-02T13:30:00+00:00,8736.1,8754.62,8735.1,8740.61,869
2026-06-02T14:00:00+00:00,8740.61,8747.62,8735.11,8740.6,736
2026-06-02T14:30:00+00:00,8740.6,8761.61,8739.62,8755.62,621
2026-06-02T15:00:00+00:00,8755.62,8766.12,8754.1,8761.61,417
2026-06-02T15:30:00+00:00,8761.61,8764.62,8756.61,8760.62,483
2026-06-02T16:00:00+00:00,8760.62,8761.62,8752.1,8752.62,385
2026-06-02T16:30:00+00:00,8752.62,8754.61,8748.6,8753.61,229
2026-06-02T17:00:00+00:00,8753.61,8754.62,8742.6,8746.61,239
2026-06-02T17:30:00+00:00,8746.61,8749.61,8742.12,8745.62,199.2327044025157
2026-06-02T18:00:00+00:00,8745.62,8758.12,8745.62,8756.11,192
2026-06-02T18:30:00+00:00,8756.11,8759.62,8754.61,8758.62,148
2026-06-02T19:00:00+00:00,8758.62,8765.12,8757.61,8763.61,96
2026-06-02T19:30:00+00:00,8763.61,8768.12,8762.1,8766.61,256
2026-06-02T20:00:00+00:00,8766.61,8770.12,8765.6,8768.62,76.06754385964912
2026-06-02T20:30:00+00:00,8768.62,8769.12,8767.1,8768.61,55
2026-06-02T23:00:00+00:00,8758.07,8759.07,8725.07,8742.07,394.1597961879088
2026-06-02T23:30:00+00:00,8742.07,8769.07,8740.07,8762.619999999999,599.0799298018859
2026-06-03T00:00:00+00:00,8762.619999999999,8762.619999999999,8744.5,8751,1227
2026-06-03T00:30:00+00:00,8751,8754.5,8730,8734.019999999999,575
2026-06-03T01:00:00+00:00,8734.019999999999,8744.509999999998,8723.5,8741.519999999999,613
2026-06-03T01:30:00+00:00,8741.519999999999,8760.019999999999,8741.509999999998,8760,552
2026-06-03T02:00:00+00:00,8760,8774.019999999999,8760,8773.009999999998,374.17335285505123
2026-06-03T02:30:00+00:00,8773.009999999998,8779.519999999999,8766.509999999998,8779.5,302
2026-06-03T03:00:00+00:00,8779.5,8780.519999999999,8772.5,8780.509999999998,229
2026-06-03T03:30:00+00:00,8780.509999999998,8796.019999999999,8780.5,8787.5,177
2026-06-03T04:00:00+00:00,8787.5,8798,8787.5,8788.509999999998,174
2026-06-03T04:30:00+00:00,8788.509999999998,8798.509999999998,8785.519999999999,8796.5,169.35134145470988
2026-06-03T05:00:00+00:00,8796.5,8805.509999999998,8792.5,8801.019999999999,300
2026-06-03T05:30:00+00:00,8801.019999999999,8801.519999999999,8793,8794.019999999999,296.1617647058823
2026-06-03T06:00:00+00:00,8794.019999999999,8796.099999999999,8775.099999999999,8784.919999999998,786
2026-06-03T07:00:00+00:00,8791.94,8803.66,8781.16,8781.16,341
2026-06-03T07:30:00+00:00,8781.16,8782.15,8769.64,8776.16,452
2026-06-03T08:00:00+00:00,8776.16,8777.66,8766.64,8771.15,599
2026-06-03T08:30:00+00:00,8771.15,8777.65,8765.14,8765.66,458
2026-06-03T09:00:00+00:00,8765.66,8771.65,8762.15,8763.66,342
2026-06-03T09:30:00+00:00,8763.66,8764.66,8757.14,8758.14,317
2026-06-03T10:00:00+00:00,8758.14,8773.65,8756.14,8762.16,991
2026-06-03T10:30:00+00:00,8762.16,8762.66,8750.64,8758.66,285
2026-06-03T11:00:00+00:00,8758.66,8759.64,8749.64,8751.14,285
2026-06-03T11:30:00+00:00,8751.14,8758.15,8750.64,8753.15,263.4581695676586
2026-06-03T12:00:00+00:00,8753.15,8756.16,8740.14,8740.15,299
2026-06-03T12:30:00+00:00,8740.15,8746.15,8732.65,8740.65,458
2026-06-03T13:00:00+00:00,8740.65,8747.16,8739.64,8742.65,427
2026-06-03T13:30:00+00:00,8742.65,8745.66,8721.14,8740.14,1247
2026-06-03T14:00:00+00:00,8740.14,8750.16,8732.65,8748.65,977
2026-06-03T14:30:00+00:00,8748.65,8753.14,8737.64,8746.66,770
2026-06-03T15:00:00+00:00,8746.66,8750.16,8737.66,8746.64,824
2026-06-03T15:30:00+00:00,8746.64,8747.66,8730.64,8734.66,831
2026-06-03T16:00:00+00:00,8734.66,8736.65,8725.619999999999,8729.13,545.5128697656551
2026-06-03T16:30:00+00:00,8729.13,8733.64,8725.119999999999,8733.14,436
2026-06-03T17:00:00+00:00,8733.14,8739.14,8728.619999999999,8729.63,375
2026-06-03T17:30:00+00:00,8729.63,8736.14,8727.119999999999,8732.64,221
2026-06-03T18:00:00+00:00,8732.64,8737.119999999999,8729.63,8736.13,253
2026-06-03T18:30:00+00:00,8736.13,8738.14,8731.119999999999,8734.119999999999,251
2026-06-03T19:00:00+00:00,8734.119999999999,8738.14,8731.13,8734.13,251
2026-06-03T19:30:00+00:00,8734.13,8740.14,8728.119999999999,8730.14,515
2026-06-03T20:00:00+00:00,8730.14,8732.14,8724.119999999999,8724.13,364.6452615225272
2026-06-03T20:30:00+00:00,8724.13,8725.13,8713.119999999999,8714.43,259
2026-06-03T23:00:00+00:00,8719.57,8724.57,8704.57,8719.57,339.9589644182689
2026-06-03T23:30:00+00:00,8719.57,8751.21,8702.57,8750.21,780.7095374858899
2026-06-04T00:00:00+00:00,8750.21,8750.599999999999,8694.089999999998,8696.089999999998,2450
2026-06-04T00:30:00+00:00,8696.089999999998,8701.589999999998,8677.589999999998,8695.599999999999,1293
2026-06-04T01:00:00+00:00,8695.599999999999,8708.109999999999,8685.589999999998,8694.589999999998,1341
2026-06-04T01:30:00+00:00,8694.589999999998,8703.109999999999,8675.589999999998,8683.609999999999,1046
2026-06-04T02:00:00+00:00,8683.609999999999,8690.609999999999,8666.589999999998,8673.599999999999,1144
2026-06-04T02:30:00+00:00,8673.599999999999,8683.609999999999,8660.109999999999,8680.599999999999,791
2026-06-04T03:00:00+00:00,8680.599999999999,8690.609999999999,8680.599999999999,8688.089999999998,456
2026-06-04T03:30:00+00:00,8688.089999999998,8690.609999999999,8677.599999999999,8683.109999999999,533
2026-06-04T04:00:00+00:00,8683.109999999999,8687.109999999999,8679.089999999998,8684.609999999999,316
2026-06-04T04:30:00+00:00,8684.609999999999,8693.099999999999,8682.589999999998,8691.589999999998,391
2026-06-04T05:00:00+00:00,8691.589999999998,8693.609999999999,8685.589999999998,8689.089999999998,524
2026-06-04T05:30:00+00:00,8689.089999999998,8699.089999999998,8686.589999999998,8697.589999999998,536
2026-06-04T06:00:00+00:00,8697.589999999998,8700.21,8682.199999999999,8690.509999999998,696
2026-06-04T07:00:00+00:00,8675.89,8695.09,8675.89,8693.57,375
2026-06-04T07:30:00+00:00,8693.57,8697.59,8685.59,8688.08,413
2026-06-04T08:00:00+00:00,8688.08,8689.09,8673.57,8681.57,821
2026-06-04T08:30:00+00:00,8681.57,8687.59,8670.57,8672.57,705
2026-06-04T09:00:00+00:00,8672.57,8673.09,8659.07,8665.07,733
2026-06-04T09:30:00+00:00,8665.07,8683.59,8662.57,8681.58,578
2026-06-04T10:00:00+00:00,8681.58,8681.58,8666.08,8668.09,476
2026-06-04T10:30:00+00:00,8668.09,8669.59,8654.08,8661.09,496
2026-06-04T11:00:00+00:00,8661.09,8686.08,8661.07,8682.58,824
2026-06-04T11:30:00+00:00,8682.58,8697.59,8672.57,8696.07,1097
2026-06-04T12:00:00+00:00,8696.07,8699.08,8685.57,8696.09,860
2026-06-04T12:30:00+00:00,8696.09,8705.08,8693.07,8700.09,483
2026-06-04T13:00:00+00:00,8700.09,8707.59,8697.57,8700.59,461
2026-06-04T13:30:00+00:00,8700.59,8724.58,8700.58,8718.58,1294
2026-06-04T14:00:00+00:00,8718.58,8726.59,8711.59,8720.58,976
2026-06-04T14:30:00+00:00,8720.58,8720.58,8704.57,8704.57,567
2026-06-04T15:00:00+00:00,8704.57,8705.58,8693.07,8693.59,483
2026-06-04T15:30:00+00:00,8693.59,8703.59,8689.07,8702.59,486
2026-06-04T16:00:00+00:00,8702.59,8712.58,8701.58,8709.59,291
2026-06-04T16:30:00+00:00,8709.59,8710.59,8705.57,8709.57,302.34524158125913
2026-06-04T17:00:00+00:00,8709.57,8715.59,8704.57,8707.57,204.25386551600144
2026-06-04T17:30:00+00:00,8707.57,8709.58,8703.58,8705.59,150
2026-06-04T18:00:00+00:00,8705.59,8710.57,8703.09,8706.09,248.58687615526802
2026-06-04T18:30:00+00:00,8706.09,8708.59,8702.57,8706.59,158.54328358208954
2026-06-04T19:00:00+00:00,8706.59,8710.57,8703.57,8709.57,116.99283154121864
2026-06-04T19:30:00+00:00,8709.57,8711.57,8700.57,8707.57,270.9933823529412
2026-06-04T20:00:00+00:00,8707.57,8708.58,8702.59,8705.09,119
2026-06-04T20:30:00+00:00,8705.09,8714.39,8705.07,8706.87,93.23952300447857
2026-06-04T23:00:00+00:00,8706.57,8708.57,8684.57,8699.57,161.9295977929586
2026-06-04T23:30:00+00:00,8699.57,8700.57,8666.999999999998,8667.49,494.1048862155296
2026-06-05T00:00:00+00:00,8667.49,8669.909999999998,8606.39,8618.409999999998,2773
2026-06-05T00:30:00+00:00,8618.409999999998,8623.409999999998,8593.909999999998,8606.909999999998,1504
2026-06-05T01:00:00+00:00,8606.909999999998,8613.909999999998,8584.9,8601.89,1615
2026-06-05T01:30:00+00:00,8601.89,8612.89,8592.4,8604.89,1199
2026-06-05T02:00:00+00:00,8604.89,8621.909999999998,8601.89,8618.9,744
2026-06-05T02:30:00+00:00,8618.9,8624.909999999998,8603.89,8603.909999999998,714
2026-06-05T03:00:00+00:00,8603.909999999998,8604.909999999998,8589.89,8590.909999999998,599
2026-06-05T03:30:00+00:00,8590.909999999998,8602.909999999998,8588.89,8596.4,697
2026-06-05T04:00:00+00:00,8596.4,8613.909999999998,8595.89,8604.9,577
2026-06-05T04:30:00+00:00,8604.9,8608.409999999998,8594.909999999998,8598.409999999998,654
2026-06-05T05:00:00+00:00,8598.409999999998,8603.4,8592.39,8595.409999999998,746
2026-06-05T05:30:00+00:00,8595.409999999998,8607.9,8594.9,8599.39,688
2026-06-05T06:00:00+00:00,8599.39,8604.509999999998,8579.99,8586.81,866
2026-06-05T07:00:00+00:00,8612.11,8617.81,8605.29,8615.8,491
2026-06-05T07:30:00+00:00,8615.8,8621.29,8612.8,8613.81,560
2026-06-05T08:00:00+00:00,8613.81,8621.8,8602.3,8621.8,808
2026-06-05T08:30:00+00:00,8621.8,8623.81,8611.81,8616.8,448
2026-06-05T09:00:00+00:00,8616.8,8634.81,8616.79,8626.29,1274
2026-06-05T09:30:00+00:00,8626.29,8633.8,8623.29,8624.81,521
2026-06-05T10:00:00+00:00,8624.81,8632.81,8619.8,8631.8,222
2026-06-05T10:30:00+00:00,8631.8,8636.81,8630.8,8633.79,189.82588235294116
2026-06-05T11:00:00+00:00,8633.79,8636.81,8625.3,8634.81,377
2026-06-05T11:30:00+00:00,8634.81,8636.81,8630.8,8632.31,301
2026-06-05T12:00:00+00:00,8632.31,8638.81,8630.8,8633.8,380
2026-06-05T12:30:00+00:00,8633.8,8636.79,8591.1,8598.3,1067
2026-06-05T13:00:00+00:00,8598.3,8611.81,8594.31,8602.29,1118
2026-06-05T13:30:00+00:00,8602.29,8603.79,8567.3,8567.31,2181
2026-06-05T14:00:00+00:00,8567.31,8592.3,8560.3,8576.79,2592
2026-06-05T14:30:00+00:00,8576.79,8588.81,8572.81,8584.8,1872
2026-06-05T15:00:00+00:00,8584.8,8585.81,8557.79,8562.79,1286
2026-06-05T15:30:00+00:00,8562.79,8565.8,8542.270000000002,8542.78,911.771253935914
2026-06-05T16:00:00+00:00,8542.78,8546.28,8535.270000000002,8542.28,973
2026-06-05T16:30:00+00:00,8542.28,8549.78,8529.770000000002,8548.78,1074
2026-06-05T17:00:00+00:00,8548.78,8549.79,8532.28,8544.29,1087
2026-06-05T17:30:00+00:00,8544.29,8554.29,8540.270000000002,8549.270000000002,868
2026-06-05T18:00:00+00:00,8549.270000000002,8551.29,8525.270000000002,8528.78,1124
2026-06-05T18:30:00+00:00,8528.78,8532.29,8514.270000000002,8517.29,1368
2026-06-05T19:00:00+00:00,8517.29,8520.29,8494.770000000002,8520.28,1714
2026-06-05T19:30:00+00:00,8520.28,8526.79,8508.79,8518.770000000002,2228
2026-06-05T20:00:00+00:00,8518.770000000002,8519.28,8488.770000000002,8489.28,953
2026-06-05T20:30:00+00:00,8489.28,8493.770000000002,8484.28,8493.770000000002,126
2026-06-08T07:00:00+00:00,8494.29,8536,8494.29,8528,863
2026-06-08T07:30:00+00:00,8528,8537.5,8522.49,8530.49,1054
2026-06-08T08:00:00+00:00,8530.49,8532,8508.5,8516.5,1416
2026-06-08T08:30:00+00:00,8516.5,8518,8500.48,8508.48,1237
2026-06-08T09:00:00+00:00,8508.48,8519,8502.98,8515.5,781
2026-06-08T09:30:00+00:00,8515.5,8532.5,8504.48,8530.99,1347
2026-06-08T10:00:00+00:00,8530.99,8535.49,8518.98,8526,897
2026-06-08T10:30:00+00:00,8526,8549.5,8524.99,8530.49,1109
2026-06-08T11:00:00+00:00,8530.49,8566,8522.98,8557.5,1989
2026-06-08T11:30:00+00:00,8557.5,8565.5,8547.48,8555.48,864
2026-06-08T12:00:00+00:00,8555.48,8568.99,8554.5,8568.99,926
2026-06-08T12:30:00+00:00,8568.99,8578.48,8558.98,8565,680
2026-06-08T13:00:00+00:00,8565,8568,8550.48,8562,823
2026-06-08T13:30:00+00:00,8562,8581.99,8551.48,8552,3053
2026-06-08T14:00:00+00:00,8552,8556.5,8525.98,8526.98,2332
2026-06-08T14:30:00+00:00,8526.98,8551.99,8525.98,8550.99,1739
2026-06-08T15:00:00+00:00,8550.99,8558.99,8545.99,8546.5,969
2026-06-08T15:30:00+00:00,8546.5,8553,8535.98,8544.49,1525
2026-06-08T16:00:00+00:00,8544.49,8546,8535.98,8535.98,997
2026-06-08T16:30:00+00:00,8535.98,8543.99,8534.48,8534.98,880
2026-06-08T17:00:00+00:00,8534.98,8535.98,8518.98,8531.5,926
2026-06-08T17:30:00+00:00,8531.5,8532.5,8519.98,8528.5,884
2026-06-08T18:00:00+00:00,8528.5,8542.49,8528.5,8541.99,713
2026-06-08T18:30:00+00:00,8541.99,8547,8534.49,8537,683
2026-06-08T19:00:00+00:00,8537,8537.99,8518.98,8525.99,869
2026-06-08T19:30:00+00:00,8525.99,8532.98,8521.98,8527,1087
2026-06-08T20:00:00+00:00,8527,8528,8518,8522.48,253
2026-06-08T20:30:00+00:00,8522.48,8526.3,8518.3,8522.79,92
2026-06-08T23:00:00+00:00,8524.61,8531.61,8520.61,8528.61,391.0608121442995
2026-06-08T23:30:00+00:00,8528.61,8536.61,8501.279999999999,8518.279999999999,985.5463683460993
2026-06-09T00:00:00+00:00,8518.279999999999,8528.199999999999,8474.18,8492.699999999999,3269
2026-06-09T00:30:00+00:00,8492.699999999999,8515.18,8485.19,8514.19,2135
2026-06-09T01:00:00+00:00,8514.19,8556.69,8508.68,8549.68,2448
2026-06-09T01:30:00+00:00,8549.68,8566.18,8543.18,8565.18,1951
2026-06-09T02:00:00+00:00,8565.18,8571.199999999999,8563.18,8566.19,1041
2026-06-09T02:30:00+00:00,8566.19,8584.19,8566.18,8576.18,1042
2026-06-09T03:00:00+00:00,8576.18,8597.19,8576.18,8582.69,908
2026-06-09T03:30:00+00:00,8582.69,8597.699999999999,8582.18,8596.18,757
2026-06-09T04:00:00+00:00,8596.18,8596.18,8584.68,8587.69,526
2026-06-09T04:30:00+00:00,8587.69,8599.199999999999,8587.199999999999,8592.68,473.8498498498499
2026-06-09T05:00:00+00:00,8592.68,8604.18,8591.18,8594.199999999999,497
2026-06-09T05:30:00+00:00,8594.199999999999,8605.199999999999,8593.18,8598.69,780
2026-06-09T06:00:00+00:00,8598.69,8599.8,8582.58,8584.6,840
2026-06-09T07:00:00+00:00,8600.78,8603.96,8591.96,8598.98,686
2026-06-09T07:30:00+00:00,8598.98,8608.98,8596.98,8599.96,800
2026-06-09T08:00:00+00:00,8599.96,8625.98,8596.96,8624.98,1050
2026-06-09T08:30:00+00:00,8624.98,8633.98,8621.46,8629.97,442
2026-06-09T09:00:00+00:00,8629.97,8642.97,8628.96,8640.48,251.12205416813225
2026-06-09T09:30:00+00:00,8640.48,8648.98,8636.97,8644.96,395
2026-06-09T10:00:00+00:00,8644.96,8646.97,8634.96,8641.48,655
2026-06-09T10:30:00+00:00,8641.48,8645.97,8636.97,8642.47,379.43594306049823
2026-06-09T11:00:00+00:00,8642.47,8644.98,8638.47,8642.98,271
2026-06-09T11:30:00+00:00,8642.98,8644.98,8635.96,8638.46,244
2026-06-09T12:00:00+00:00,8638.46,8638.46,8630.97,8634.48,273
2026-06-09T12:30:00+00:00,8634.48,8644.98,8633.96,8644.48,412
2026-06-09T13:00:00+00:00,8644.48,8651.98,8635.96,8640.98,613
2026-06-09T13:30:00+00:00,8640.98,8671.47,8640.98,8655.48,1363
2026-06-09T14:00:00+00:00,8655.48,8661.47,8615.98,8636.98,2759
2026-06-09T14:30:00+00:00,8636.98,8641.98,8586.48,8609.97,3978
2026-06-09T15:00:00+00:00,8609.97,8613.48,8558.96,8559.97,3257
2026-06-09T15:30:00+00:00,8559.97,8585.48,8558.46,8560.98,4196
2026-06-09T16:00:00+00:00,8560.98,8576.97,8548.96,8560.47,3257
2026-06-09T16:30:00+00:00,8560.47,8570.96,8518.48,8544.98,7092
2026-06-09T17:00:00+00:00,8544.98,8582.48,8543.96,8578.98,3542
2026-06-09T17:30:00+00:00,8578.98,8596.97,8574.98,8590.46,2030
2026-06-09T18:00:00+00:00,8590.46,8604.98,8585.46,8600.98,2272
2026-06-09T18:30:00+00:00,8600.98,8614.48,8598.48,8612.97,1463
2026-06-09T19:00:00+00:00,8612.97,8617.48,8590.96,8597.47,1711
2026-06-09T19:30:00+00:00,8597.47,8619.48,8586.46,8611.96,2510
2026-06-09T20:00:00+00:00,8611.96,8617.48,8605.96,8609.98,504
2026-06-09T20:30:00+00:00,8609.98,8613.98,8606.97,8609.28,192
2026-06-09T23:00:00+00:00,8611.61,8628.61,8600.61,8606.61,978.0423509094362
2026-06-09T23:30:00+00:00,8606.61,8614.61,8565.86,8576.85,1449.5841302297877
2026-06-10T00:00:00+00:00,8576.85,8622.77,8576.85,8620.77,3053
2026-06-10T00:30:00+00:00,8620.77,8648.25,8605.25,8645.75,2560
2026-06-10T01:00:00+00:00,8645.75,8667.26,8644.25,8654.25,2295
2026-06-10T01:30:00+00:00,8654.25,8657.76,8625.25,8631.76,2786
2026-06-10T02:00:00+00:00,8631.76,8635.77,8623.26,8629.25,2288
2026-06-10T02:30:00+00:00,8629.25,8637.27,8613.27,8614.26,1678
2026-06-10T03:00:00+00:00,8614.26,8631.76,8612.26,8615.27,1605
2026-06-10T03:30:00+00:00,8615.27,8617.27,8602.25,8608.26,1816
2026-06-10T04:00:00+00:00,8608.26,8614.27,8600.25,8600.27,1125
2026-06-10T04:30:00+00:00,8600.27,8607.25,8597.25,8598.25,1320
2026-06-10T05:00:00+00:00,8598.25,8622.27,8595.25,8622.27,1656
2026-06-10T05:30:00+00:00,8622.27,8637.26,8613.26,8635.27,2148
2026-06-10T06:00:00+00:00,8635.27,8647.15,8633.85,8645.65,936
2026-06-10T07:00:00+00:00,8656.82,8661.04,8641.04,8649.04,566
2026-06-10T07:30:00+00:00,8649.04,8656.54,8646.02,8656.54,867
2026-06-10T08:00:00+00:00,8656.54,8658.02,8639.03,8641.54,1843
2026-06-10T08:30:00+00:00,8641.54,8645.03,8619.02,8625.54,1356
2026-06-10T09:00:00+00:00,8625.54,8632.54,8614.02,8628.52,1421
2026-06-10T09:30:00+00:00,8628.52,8637.04,8619.02,8631.03,1311
2026-06-10T10:00:00+00:00,8631.03,8633.52,8617.53,8632.04,1350
2026-06-10T10:30:00+00:00,8632.04,8640.04,8629.04,8636.53,1272
2026-06-10T11:00:00+00:00,8636.53,8639.54,8583.52,8603.53,4479
2026-06-10T11:30:00+00:00,8603.53,8622.54,8597.02,8618.04,2187
2026-06-10T12:00:00+00:00,8618.04,8631.04,8615.02,8628.34,1803
2026-06-10T12:30:00+00:00,8628.34,8665.02,8628.34,8651.03,3244
2026-06-10T13:00:00+00:00,8651.03,8659.03,8646.02,8657.02,1675
2026-06-10T13:30:00+00:00,8657.02,8703.02,8647.02,8691.52,4107
2026-06-10T14:00:00+00:00,8691.52,8702.02,8684.02,8690.03,2987
2026-06-10T14:30:00+00:00,8690.03,8700.04,8666.02,8668.53,3094
2026-06-10T15:00:00+00:00,8668.53,8687.04,8655.02,8660.52,4184
2026-06-10T15:30:00+00:00,8660.52,8669.53,8626.33,8662.03,4842
2026-06-10T16:00:00+00:00,8662.03,8667.04,8648.02,8654.53,3061
2026-06-10T16:30:00+00:00,8654.53,8663.02,8638.03,8646.54,2589
2026-06-10T17:00:00+00:00,8646.54,8655.54,8632.02,8639.04,2689
2026-06-10T17:30:00+00:00,8639.04,8649.04,8625.52,8648.03,2846
2026-06-10T18:00:00+00:00,8648.03,8656.04,8635.52,8638.52,2101
2026-06-10T18:30:00+00:00,8638.52,8639.04,8619.02,8623.04,1964
2026-06-10T19:00:00+00:00,8623.04,8625.53,8607.03,8610.04,1659
2026-06-10T19:30:00+00:00,8610.04,8623.52,8601.02,8603.04,2330
2026-06-10T20:00:00+00:00,8603.04,8603.54,8594.02,8597.02,901.9884650767815
2026-06-10T20:30:00+00:00,8597.02,8597.51,8583.81,8583.81,469
2026-06-10T23:00:00+00:00,8567.61,8596.61,8552.61,8582.61,1924.4654933119298
2026-06-10T23:30:00+00:00,8582.61,8596.61,8556.76,8561.26,1534.4257951929958
2026-06-11T00:00:00+00:00,8561.26,8591.68,8547.160000000002,8571.660000000002,5164
2026-06-11T00:30:00+00:00,8571.660000000002,8599.68,8559.68,8597.660000000002,2376
2026-06-11T01:00:00+00:00,8597.660000000002,8632.660000000002,8595.660000000002,8628.660000000002,2553
2026-06-11T01:30:00+00:00,8628.660000000002,8629.18,8604.660000000002,8606.17,1404
2026-06-11T02:00:00+00:00,8606.17,8619.67,8588.160000000002,8590.17,936
2026-06-11T02:30:00+00:00,8590.17,8603.18,8581.660000000002,8601.68,1017
2026-06-11T03:00:00+00:00,8601.68,8611.68,8592.660000000002,8602.17,1230
2026-06-11T03:30:00+00:00,8602.17,8626.18,8598.68,8626.17,1343
2026-06-11T04:00:00+00:00,8626.17,8648.68,8625.660000000002,8647.67,1189
2026-06-11T04:30:00+00:00,8647.67,8662.67,8646.67,8657.18,1227
2026-06-11T05:00:00+00:00,8657.18,8658.68,8641.68,8643.67,1158
2026-06-11T05:30:00+00:00,8643.67,8648.68,8632.660000000002,8633.160000000002,923
2026-06-11T06:00:00+00:00,8633.160000000002,8633.28,8616.26,8631.070000000002,1255
2026-06-11T07:00:00+00:00,8639.78,8682.99,8639.78,8682.99,517
2026-06-11T07:30:00+00:00,8682.99,8692.99,8679.47,8684.48,668
2026-06-11T08:00:00+00:00,8684.48,8701.49,8682.48,8684.49,925
2026-06-11T08:30:00+00:00,8684.49,8689.99,8681.99,8685.99,648
2026-06-11T09:00:00+00:00,8685.99,8689.99,8677.98,8683.97,563
2026-06-11T09:30:00+00:00,8683.97,8694.48,8681.98,8690.97,525
2026-06-11T10:00:00+00:00,8690.97,8692.99,8685.97,8685.98,560
2026-06-11T10:30:00+00:00,8685.98,8694.98,8685.97,8688.98,447
2026-06-11T11:00:00+00:00,8688.98,8688.98,8679.97,8683.97,601
2026-06-11T11:30:00+00:00,8683.97,8696.99,8682.97,8695.49,663
2026-06-11T12:00:00+00:00,8695.49,8695.98,8647.47,8665.98,2295
2026-06-11T12:30:00+00:00,8665.98,8683.99,8652.47,8680.47,3010
2026-06-11T13:00:00+00:00,8680.47,8682.99,8671.99,8680.97,1208
2026-06-11T13:30:00+00:00,8680.97,8726.99,8677.97,8711.48,4008
2026-06-11T14:00:00+00:00,8711.48,8723.49,8689.97,8693.47,3648
2026-06-11T14:30:00+00:00,8693.47,8699.99,8671.48,8673.97,2832
2026-06-11T15:00:00+00:00,8673.97,8699.49,8667.97,8686.97,3159
2026-06-11T15:30:00+00:00,8686.97,8697.98,8679.97,8687.47,2561
2026-06-11T16:00:00+00:00,8687.47,8698.49,8682.97,8683.48,1649
2026-06-11T16:30:00+00:00,8683.48,8694.49,8677.47,8677.49,1612
2026-06-11T17:00:00+00:00,8677.49,8720.99,8662.48,8718.99,2609
2026-06-11T17:30:00+00:00,8718.99,8762.99,8717.97,8751.47,7245
2026-06-11T18:00:00+00:00,8751.47,8756.99,8731.47,8743.47,2784
2026-06-11T18:30:00+00:00,8743.47,8756.98,8740.97,8752.47,1464
2026-06-11T19:00:00+00:00,8752.47,8772.98,8751.97,8766.97,1639
2026-06-11T19:30:00+00:00,8766.97,8787.49,8766.97,8783.99,2198
2026-06-11T20:00:00+00:00,8783.99,8789.98,8778.47,8786.49,553
2026-06-11T20:30:00+00:00,8786.49,8786.99,8779.97,8783.28,285
2026-06-11T23:00:00+00:00,8797.039999999999,8797.039999999999,8780.01,8785.01,1445.378080713193
2026-06-11T23:30:00+00:00,8785.01,8803.01,8773.609999999999,8773.619999999999,2427.7763837180482
2026-06-12T00:00:00+00:00,8773.619999999999,8801.529999999999,8757.01,8794.529999999999,2896
2026-06-12T00:30:00+00:00,8794.529999999999,8809.02,8784.01,8800.51,1243
2026-06-12T01:00:00+00:00,8800.51,8810.02,8783.51,8783.51,1702
2026-06-12T01:30:00+00:00,8783.51,8812.029999999999,8783.01,8810.529999999999,1323
2026-06-12T02:00:00+00:00,8810.529999999999,8820.02,8804.01,8804.01,888
2026-06-12T02:30:00+00:00,8804.01,8811.029999999999,8799.029999999999,8803.029999999999,684
2026-06-12T03:00:00+00:00,8803.029999999999,8808.01,8796.51,8800.02,602
2026-06-12T03:30:00+00:00,8800.02,8814.029999999999,8800.01,8809.029999999999,800
2026-06-12T04:00:00+00:00,8809.029999999999,8810.02,8799.51,8806.01,642
2026-06-12T04:30:00+00:00,8806.01,8812.029999999999,8802.52,8809.52,485
2026-06-12T05:00:00+00:00,8809.52,8815.029999999999,8805.01,8810.02,625
2026-06-12T05:30:00+00:00,8810.02,8810.029999999999,8790.01,8798.029999999999,1271
2026-06-12T06:00:00+00:00,8798.029999999999,8814.63,8796.13,8813.92,1316
2026-06-12T07:00:00+00:00,8805.69,8805.69,8782.88,8788.89,771
2026-06-12T07:30:00+00:00,8788.89,8832.88,8787.89,8828.4,1245
2026-06-12T08:00:00+00:00,8828.4,8874.88,8826.88,8870.9,1912
2026-06-12T08:30:00+00:00,8870.9,8876.4,8858.39,8864.4,1128
2026-06-12T09:00:00+00:00,8864.4,8878.4,8862.38,8874.4,1020
2026-06-12T09:30:00+00:00,8874.4,8884.89,8865.38,8865.88,821
2026-06-12T10:00:00+00:00,8865.88,8868.4,8833.39,8834.89,1071
2026-06-12T10:30:00+00:00,8834.89,8849.39,8833.4,8845.89,942
2026-06-12T11:00:00+00:00,8845.89,8853.4,8839.38,8849.4,733
2026-06-12T11:30:00+00:00,8849.4,8851.4,8839.89,8842.4,658
2026-06-12T12:00:00+00:00,8842.4,8844.39,8818.38,8820.39,867
2026-06-12T12:30:00+00:00,8820.39,8822.39,8799.39,8801.39,1131
2026-06-12T13:00:00+00:00,8801.39,8834.39,8799.38,8833.39,890
2026-06-12T13:30:00+00:00,8833.39,8843.4,8805.88,8823.9,4896
2026-06-12T14:00:00+00:00,8823.9,8850.4,8823.38,8830.88,2147
2026-06-12T14:30:00+00:00,8830.88,8861.38,8820.89,8857.38,3794
2026-06-12T15:00:00+00:00,8857.38,8877.4,8853.9,8869.89,1857
2026-06-12T15:30:00+00:00,8869.89,8880.4,8849.39,8849.89,2328.6353837576657
2026-06-12T16:00:00+00:00,8849.89,8873.41,8842.89,8859.41,2662
2026-06-12T16:30:00+00:00,8859.41,8866.91,8856.91,8864.39,1328
2026-06-12T17:00:00+00:00,8864.39,8875.39,8864.39,8871.41,927
2026-06-12T17:30:00+00:00,8871.41,8871.9,8863.39,8864.91,757
2026-06-12T18:00:00+00:00,8864.91,8866.91,8857.89,8863.91,800
2026-06-12T18:30:00+00:00,8863.91,8870.89,8857.89,8858.91,590
2026-06-12T19:00:00+00:00,8858.91,8866.89,8858.39,8860.4,789
2026-06-12T19:30:00+00:00,8860.4,8861.91,8842.89,8851.9,1101
2026-06-12T20:00:00+00:00,8851.9,8853.91,8847.91,8848.91,155
2026-06-12T20:30:00+00:00,8848.91,8849.91,8846.89,8847.41,43.69489559164733
2026-06-14T23:30:00+00:00,8847.9,8889.42,8847.9,8879.41,329
2026-06-15T00:00:00+00:00,8879.41,8931.8,8876.82,8923.32,2463
2026-06-15T00:30:00+00:00,8923.32,8935.8,8922.8,8925.82,910
2026-06-15T01:00:00+00:00,8925.82,8930.82,8911.3,8929.81,920
2026-06-15T01:30:00+00:00,8929.81,8931.31,8917.8,8926.31,687
2026-06-15T02:00:00+00:00,8926.31,8926.82,8915.3,8926.3,445
2026-06-15T02:30:00+00:00,8926.3,8928.82,8915.81,8924.81,406
2026-06-15T03:00:00+00:00,8924.81,8927.32,8915.8,8921.8,488
2026-06-15T03:30:00+00:00,8921.8,8925.32,8917.8,8922.32,530
2026-06-15T04:00:00+00:00,8922.32,8928.31,8918.8,8920.81,433
2026-06-15T04:30:00+00:00,8920.81,8920.81,8910.81,8919.82,338
2026-06-15T05:00:00+00:00,8919.82,8927.82,8917.81,8925.81,326
2026-06-15T05:30:00+00:00,8925.81,8927.82,8910.81,8915.3,572
2026-06-15T06:00:00+00:00,8915.3,8920.72,8907.4,8920.72,842
2026-06-15T07:00:00+00:00,8920.72,8932.91,8914.92,8929.41,432
2026-06-15T07:30:00+00:00,8929.41,8930.92,8920.4,8921.42,720
2026-06-15T08:00:00+00:00,8921.42,8927.41,8914.9,8925.92,829
2026-06-15T08:30:00+00:00,8925.92,8926.92,8916.41,8918.42,577
2026-06-15T09:00:00+00:00,8918.42,8921.92,8912.9,8916.9,530
2026-06-15T09:30:00+00:00,8916.9,8921.42,8910.4,8918.42,370
2026-06-15T10:00:00+00:00,8918.42,8921.92,8912.4,8920.9,395
2026-06-15T10:30:00+00:00,8920.9,8922.42,8915.9,8920.42,306
2026-06-15T11:00:00+00:00,8920.42,8928.42,8917.4,8926.4,398
2026-06-15T11:30:00+00:00,8926.4,8927.41,8918.4,8921.4,523
2026-06-15T12:00:00+00:00,8921.4,8922.92,8914.4,8919.42,639
2026-06-15T12:30:00+00:00,8919.42,8923.91,8914.41,8914.9,452
2026-06-15T13:00:00+00:00,8914.9,8916.42,8907.41,8908.4,349
2026-06-15T13:30:00+00:00,8908.4,8910.91,8884.4,8888.92,1298
2026-06-15T14:00:00+00:00,8888.92,8894.41,8880.41,8881.9,1068
2026-06-15T14:30:00+00:00,8881.9,8883.91,8864.9,8866.41,803
2026-06-15T15:00:00+00:00,8866.41,8867.42,8851.4,8857.41,828
2026-06-15T15:30:00+00:00,8857.41,8858.92,8851.4,8852.91,737
2026-06-15T16:00:00+00:00,8852.91,8854.92,8837.4,8839.41,367
2026-06-15T16:30:00+00:00,8839.41,8839.92,8824.7,8830.92,291
2026-06-15T17:00:00+00:00,8830.92,8830.92,8813.71,8815.42,466
2026-06-15T17:30:00+00:00,8815.42,8816.42,8798.41,8805.41,274
2026-06-15T18:00:00+00:00,8805.41,8807.41,8776.91,8776.91,530
2026-06-15T18:30:00+00:00,8776.91,8789.42,8771.71,8776.4,499
2026-06-15T19:00:00+00:00,8776.4,8779.41,8768.4,8770.42,516
2026-06-15T19:30:00+00:00,8770.42,8789.42,8770.42,8789.42,777
2026-06-15T20:00:00+00:00,8789.42,8797.41,8786.42,8796.9,151
2026-06-15T20:30:00+00:00,8796.9,8822.72,8795.4,8822.72,189
2026-06-15T23:00:00+00:00,8809.51,8825.51,8808.51,8823.51,255.93448957219334
2026-06-15T23:30:00+00:00,8823.51,8853.59,8818.51,8852.88,769.7088697580956
2026-06-16T00:00:00+00:00,8852.88,8874.49,8835.99,8871.98,2496
2026-06-16T00:30:00+00:00,8871.98,8911.98,8869.48,8901.97,1779
2026-06-16T01:00:00+00:00,8901.97,8907.98,8870.89,8894.97,1792
2026-06-16T01:30:00+00:00,8894.97,8895.49,8880.88,8885.99,1254
2026-06-16T02:00:00+00:00,8885.99,8891.99,8873.47,8880.98,856
2026-06-16T02:30:00+00:00,8880.98,8889.49,8874.97,8881.48,584
2026-06-16T03:00:00+00:00,8881.48,8894.49,8881.48,8891.49,695
2026-06-16T03:30:00+00:00,8891.49,8896.99,8886.97,8891.99,500
2026-06-16T04:00:00+00:00,8891.99,8908.98,8889.99,8899.49,448
2026-06-16T04:30:00+00:00,8899.49,8926.97,8898.97,8920.99,886
2026-06-16T05:00:00+00:00,8920.99,8926.99,8914.99,8917.98,591
2026-06-16T05:30:00+00:00,8917.98,8927.99,8912.98,8923.97,966
2026-06-16T06:00:00+00:00,8923.97,8930.89,8920.58,8929.37,1059
2026-06-16T07:00:00+00:00,8920.2,8923.4,8910.9,8916.41,289
2026-06-16T07:30:00+00:00,8916.41,8925.41,8902.4,8924.4,569
2026-06-16T08:00:00+00:00,8924.4,8944.91,8921.41,8944.4,481
2026-06-16T08:30:00+00:00,8944.4,8951.4,8940.4,8948.41,297
2026-06-16T09:00:00+00:00,8948.41,8948.92,8933.9,8937.91,398
2026-06-16T09:30:00+00:00,8937.91,8940.42,8929.4,8933.92,362.5767405063291
2026-06-16T10:00:00+00:00,8933.92,8936.92,8925.91,8927.41,264
2026-06-16T10:30:00+00:00,8927.41,8932.42,8927.41,8930.91,381
2026-06-16T11:00:00+00:00,8930.91,8930.92,8917.9,8924.91,577
2026-06-16T11:30:00+00:00,8924.91,8931.92,8919.9,8931.42,258
2026-06-16T12:00:00+00:00,8931.42,8934.91,8915.9,8919.41,531
2026-06-16T12:30:00+00:00,8919.41,8925.4,8917.42,8923.41,509
2026-06-16T13:00:00+00:00,8923.41,8924.4,8915.4,8919.41,422
2026-06-16T13:30:00+00:00,8919.41,8929.42,8918.91,8924.9,913
2026-06-16T14:00:00+00:00,8924.9,8937.4,8910.91,8910.91,949
2026-06-16T14:30:00+00:00,8910.91,8917.92,8906.4,8910.9,1025
2026-06-16T15:00:00+00:00,8910.9,8917.91,8907.4,8915.9,834
2026-06-16T15:30:00+00:00,8915.9,8928.42,8910.9,8921.42,1268
2026-06-16T16:00:00+00:00,8921.42,8928.92,8920.91,8926.91,804
2026-06-16T16:30:00+00:00,8926.91,8927.92,8918.41,8920.9,622
2026-06-16T17:00:00+00:00,8920.9,8922.42,8916.4,8920.4,445
2026-06-16T17:30:00+00:00,8920.4,8926.92,8919.4,8926.4,478
2026-06-16T18:00:00+00:00,8926.4,8929.92,8925.91,8927.91,448
2026-06-16T18:30:00+00:00,8927.91,8928.9,8919.4,8920.9,365
2026-06-16T19:00:00+00:00,8920.9,8923.4,8909.4,8915.92,420
2026-06-16T19:30:00+00:00,8915.92,8917.41,8900.9,8903.92,557
2026-06-16T20:00:00+00:00,8903.92,8906.92,8894.4,8898.9,143
2026-06-16T20:30:00+00:00,8898.9,8899.4,8887.7,8889.71,101
2026-06-16T23:00:00+00:00,8895.61,8895.61,8871.61,8893.61,438.4428556432905
2026-06-16T23:30:00+00:00,8893.61,8906.61,8887.61,8889.350000000002,769.1331605261003
2026-06-17T00:00:00+00:00,8889.350000000002,8928.750000000002,8886.650000000001,8925.760000000002,1150
2026-06-17T00:30:00+00:00,8925.760000000002,8926.770000000002,8903.760000000002,8907.750000000002,717
2026-06-17T01:00:00+00:00,8907.750000000002,8937.770000000002,8899.750000000002,8935.270000000002,749
2026-06-17T01:30:00+00:00,8935.270000000002,8972.760000000002,8935.270000000002,8972.270000000002,596
2026-06-17T02:00:00+00:00,8972.270000000002,8980.770000000002,8963.770000000002,8969.250000000002,591
2026-06-17T02:30:00+00:00,8969.250000000002,8977.770000000002,8964.270000000002,8968.750000000002,379
2026-06-17T03:00:00+00:00,8968.750000000002,8970.260000000002,8953.750000000002,8956.770000000002,252
2026-06-17T03:30:00+00:00,8956.770000000002,8964.760000000002,8955.260000000002,8960.760000000002,297
2026-06-17T04:00:00+00:00,8960.760000000002,8974.270000000002,8960.760000000002,8961.760000000002,379
2026-06-17T04:30:00+00:00,8961.760000000002,8965.770000000002,8950.770000000002,8963.770000000002,533
2026-06-17T05:00:00+00:00,8963.770000000002,8972.760000000002,8961.760000000002,8969.750000000002,392
2026-06-17T05:30:00+00:00,8969.750000000002,8976.770000000002,8963.750000000002,8966.770000000002,502
2026-06-17T06:00:00+00:00,8966.770000000002,8975.37,8960.37,8969.150000000001,1045
2026-06-17T07:00:00+00:00,8961.25,8974.45,8960.95,8964.95,239
2026-06-17T07:30:00+00:00,8964.95,8968.47,8960.45,8960.46,271
2026-06-17T08:00:00+00:00,8960.46,8963.46,8953.45,8956.95,419
2026-06-17T08:30:00+00:00,8956.95,8958.97,8948.45,8956.95,260
2026-06-17T09:00:00+00:00,8956.95,8964.47,8956.45,8963.96,177
2026-06-17T09:30:00+00:00,8963.96,8966.97,8960.95,8963.45,227
2026-06-17T10:00:00+00:00,8963.45,8965.47,8955.46,8960.45,241
2026-06-17T10:30:00+00:00,8960.45,8966.45,8959.47,8959.96,244
2026-06-17T11:00:00+00:00,8959.96,8965.46,8959.96,8962.95,202
2026-06-17T11:30:00+00:00,8962.95,8962.96,8944.95,8949.47,242
2026-06-17T12:00:00+00:00,8949.47,8958.46,8948.96,8954.77,218.26247848537005
2026-06-17T12:30:00+00:00,8954.77,8964.46,8953.97,8954.97,384
2026-06-17T13:00:00+00:00,8954.97,8956.46,8944.47,8946.46,298
2026-06-17T13:30:00+00:00,8946.46,8961.47,8943.45,8956.46,551
2026-06-17T14:00:00+00:00,8956.46,8976.45,8953.95,8973.95,511
2026-06-17T14:30:00+00:00,8973.95,8975.46,8940.95,8958.95,904
2026-06-17T15:00:00+00:00,8958.95,8972.45,8956.45,8971.96,471
2026-06-17T15:30:00+00:00,8971.96,8977.47,8967.45,8973.47,457
2026-06-17T16:00:00+00:00,8973.47,8975.97,8969.45,8970.96,269.3986042692939
2026-06-17T16:30:00+00:00,8970.96,8972.97,8965.45,8971.45,323
2026-06-17T17:00:00+00:00,8971.45,8971.47,8961.47,8966.45,345
2026-06-17T17:30:00+00:00,8966.45,8976.47,8964.46,8976.47,342
2026-06-17T18:00:00+00:00,8976.47,8976.47,8913.95,8928.47,2246
2026-06-17T18:30:00+00:00,8928.47,8963.97,8916.96,8937.95,2414
2026-06-17T19:00:00+00:00,8937.95,8947.46,8893.95,8896.97,1840
2026-06-17T19:30:00+00:00,8896.97,8899.96,8880.96,8884.95,1648
2026-06-17T20:00:00+00:00,8884.95,8899.47,8884.45,8896.96,294.88498192573115
2026-06-17T20:30:00+00:00,8896.96,8899.96,8888.77,8895.26,218
2026-06-17T23:00:00+00:00,8906.71,8921.71,8901.71,8903.71,463.7750323217342
2026-06-17T23:30:00+00:00,8903.71,8956.019999999999,8896.71,8947.499999999998,1329.1077220863865
2026-06-18T00:00:00+00:00,8947.499999999998,8995.419999999998,8936.419999999998,8983.419999999998,2428
2026-06-18T00:30:00+00:00,8983.419999999998,8993.4,8942.909999999998,8944.4,1661
2026-06-18T01:00:00+00:00,8944.4,8957.409999999998,8937.4,8945.419999999998,1401
2026-06-18T01:30:00+00:00,8945.419999999998,8948.919999999998,8928.9,8934.919999999998,968
2026-06-18T02:00:00+00:00,8934.919999999998,8940.919999999998,8931.909999999998,8938.919999999998,552
2026-06-18T02:30:00+00:00,8938.919999999998,8941.409999999998,8923.909999999998,8927.919999999998,620
2026-06-18T03:00:00+00:00,8927.919999999998,8936.419999999998,8919.919999999998,8934.409999999998,511
2026-06-18T03:30:00+00:00,8934.409999999998,8936.409999999998,8922.409999999998,8927.909999999998,491
2026-06-18T04:00:00+00:00,8927.909999999998,8938.419999999998,8927.4,8932.9,543
2026-06-18T04:30:00+00:00,8932.9,8932.9,8925.4,8925.4,546
2026-06-18T05:00:00+00:00,8925.4,8944.409999999998,8919.419999999998,8941.9,650
2026-06-18T05:30:00+00:00,8941.9,8945.909999999998,8928.4,8930.419999999998,551
2026-06-18T06:00:00+00:00,8930.419999999998,8930.419999999998,8912.999999999998,8924.8,1027
2026-06-18T07:00:00+00:00,8913.85,8936.06,8913.85,8935.57,391
2026-06-18T07:30:00+00:00,8935.57,8935.57,8920.05,8923.07,558
2026-06-18T08:00:00+00:00,8923.07,8929.57,8900.05,8900.05,588
2026-06-18T08:30:00+00:00,8900.05,8905.57,8887.55,8887.55,532
2026-06-18T09:00:00+00:00,8887.55,8899.07,8881.06,8897.06,503
2026-06-18T09:30:00+00:00,8897.06,8903.07,8890.05,8901.05,410
2026-06-18T10:00:00+00:00,8901.05,8902.06,8892.55,8894.07,417
2026-06-18T10:30:00+00:00,8894.07,8896.07,8882.55,8885.05,391
2026-06-18T11:00:00+00:00,8885.05,8885.57,8869.05,8876.57,826
2026-06-18T11:30:00+00:00,8876.57,8879.06,8863.55,8871.57,577
2026-06-18T12:00:00+00:00,8871.57,8884.07,8868.55,8883.06,504
2026-06-18T12:30:00+00:00,8883.06,8890.56,8881.55,8888.05,531
2026-06-18T13:00:00+00:00,8888.05,8893.06,8881.55,8888.05,677
2026-06-18T13:30:00+00:00,8888.05,8896.05,8868.55,8876.06,1467
2026-06-18T14:00:00+00:00,8876.06,8892.07,8870.06,8890.07,1262
2026-06-18T14:30:00+00:00,8890.07,8892.07,8877.05,8888.07,967
2026-06-18T15:00:00+00:00,8888.07,8889.07,8873.05,8874.55,980
2026-06-18T15:30:00+00:00,8874.55,8880.05,8865.05,8872.55,1103
2026-06-18T16:00:00+00:00,8872.55,8876.06,8869.07,8870.05,575
2026-06-18T16:30:00+00:00,8870.05,8874.07,8865.05,8867.57,421
2026-06-18T17:00:00+00:00,8867.57,8878.05,8866.07,8874.06,337
2026-06-18T17:30:00+00:00,8874.06,8877.07,8872.55,8874.56,224
2026-06-18T18:00:00+00:00,8874.56,8876.07,8870.05,8871.56,338
2026-06-18T18:30:00+00:00,8871.56,8872.07,8867.55,8869.55,283
2026-06-18T19:00:00+00:00,8869.55,8869.55,8854.56,8866.07,481
2026-06-18T19:30:00+00:00,8866.07,8876.07,8860.05,8865.55,732
2026-06-18T20:00:00+00:00,8865.55,8870.07,8860.06,8868.56,140.90505129197388
2026-06-18T20:30:00+00:00,8868.56,8870.07,8854.36,8854.36,108.62436177972283
2026-06-18T23:00:00+00:00,8857.71,8866.71,8853.71,8855.71,299.13294371903817
2026-06-18T23:30:00+00:00,8855.71,8877.939999999999,8850.71,8867.419999999998,708.7266100993074
2026-06-19T00:00:00+00:00,8867.419999999998,8870.339999999998,8829.329999999998,8834.839999999998,2604
2026-06-19T00:30:00+00:00,8834.839999999998,8847.339999999998,8827.829999999998,8841.319999999998,916
2026-06-19T01:00:00+00:00,8841.319999999998,8843.339999999998,8823.819999999998,8839.839999999998,717
2026-06-19T01:30:00+00:00,8839.839999999998,8842.329999999998,8824.329999999998,8835.319999999998,701
2026-06-19T02:00:00+00:00,8835.319999999998,8842.339999999998,8828.339999999998,8842.329999999998,568
2026-06-19T02:30:00+00:00,8842.329999999998,8848.829999999998,8831.329999999998,8833.839999999998,446
2026-06-19T03:00:00+00:00,8833.839999999998,8834.839999999998,8821.319999999998,8826.329999999998,521
2026-06-19T03:30:00+00:00,8826.329999999998,8836.829999999998,8823.319999999998,8829.829999999998,803
2026-06-19T04:00:00+00:00,8829.829999999998,8830.839999999998,8819.319999999998,8826.839999999998,578.6129234629861
2026-06-19T04:30:00+00:00,8826.839999999998,8827.339999999998,8816.319999999998,8819.339999999998,406
2026-06-19T05:00:00+00:00,8819.339999999998,8831.339999999998,8817.319999999998,8831.319999999998,614
2026-06-19T05:30:00+00:00,8831.319999999998,8838.339999999998,8824.329999999998,8837.319999999998,596
2026-06-19T06:00:00+00:00,8837.319999999998,8855.239999999998,8830.419999999998,8853.72,1303
2026-06-19T07:00:00+00:00,8838.87,8846.57,8838.87,8843.09,241
2026-06-19T07:30:00+00:00,8843.09,8855.08,8842.57,8852.57,286
2026-06-19T08:00:00+00:00,8852.57,8855.57,8846.07,8855.09,288.9225289403384
2026-06-19T08:30:00+00:00,8855.09,8861.57,8853.09,8859.09,240
2026-06-19T09:00:00+00:00,8859.09,8863.09,8841.59,8841.59,361
2026-06-19T09:30:00+00:00,8841.59,8847.58,8839.58,8843.07,382
2026-06-19T10:00:00+00:00,8843.07,8844.08,8836.57,8837.09,228
2026-06-19T10:30:00+00:00,8837.09,8838.59,8827.07,8835.08,384
2026-06-19T11:00:00+00:00,8835.08,8838.07,8826.09,8829.07,314
2026-06-19T11:30:00+00:00,8829.07,8835.07,8827.57,8834.58,219
2026-06-19T12:00:00+00:00,8834.58,8836.58,8828.57,8831.08,211
2026-06-19T12:30:00+00:00,8831.08,8851.09,8823.09,8849.58,625
2026-06-19T13:00:00+00:00,8849.58,8852.09,8842.07,8846.58,505
2026-06-19T13:30:00+00:00,8846.58,8847.58,8827.58,8831.08,721.8771929824561
2026-06-19T14:00:00+00:00,8831.08,8833.58,8824.57,8828.09,309
2026-06-19T14:30:00+00:00,8828.09,8831.09,8817.07,8819.59,385
2026-06-19T15:00:00+00:00,8819.59,8832.09,8819.59,8826.07,384
2026-06-19T15:30:00+00:00,8826.07,8827.09,8821.07,8826.07,519
2026-06-19T16:00:00+00:00,8826.07,8828.59,8822.58,8828.58,138.765371811288
2026-06-19T16:30:00+00:00,8828.58,8829.59,8816.57,8817.59,149.20624593363695
2026-06-19T17:00:00+00:00,8817.59,8821.09,8817.57,8821.07,60.97997412650813
2026-06-19T17:30:00+00:00,8821.07,8824.59,8821.07,8824.58,71.74111762646126
2026-06-19T18:00:00+00:00,8824.58,8826.59,8823.57,8823.57,59.269722968562434
2026-06-19T18:30:00+00:00,8823.57,8823.59,8822.07,8822.08,74.02836131649106
2026-06-19T19:00:00+00:00,8822.08,8822.09,8822.07,8822.07,113.87606559856125
2026-06-19T19:30:00+00:00,8822.07,8822.07,8816.08,8816.08,95.20621609437208
2026-06-19T20:00:00+00:00,8816.08,8818.09,8816.07,8818.08,118.30497519896684
2026-06-19T20:30:00+00:00,8818.08,8818.09,8817.09,8817.59,55.75636932042729
2026-06-21T23:30:00+00:00,8818.09,8818.09,8789.1,8802.09,243
2026-06-22T00:00:00+00:00,8802.09,8828.01,8793.99,8827.49,1875
2026-06-22T00:30:00+00:00,8827.49,8843.01,8815.5,8838.5,800
2026-06-22T01:00:00+00:00,8838.5,8849.99,8831.49,8844.99,1048
2026-06-22T01:30:00+00:00,8844.99,8852.99,8827.49,8832.5,611
2026-06-22T02:00:00+00:00,8832.5,8840.49,8829.01,8835.49,548
2026-06-22T02:30:00+00:00,8835.49,8842.01,8825.51,8829.49,526
2026-06-22T03:00:00+00:00,8829.49,8829.49,8817.49,8825.49,532
2026-06-22T03:30:00+00:00,8825.49,8827.51,8818.49,8821.51,458
2026-06-22T04:00:00+00:00,8821.51,8829.5,8818.49,8821,419
2026-06-22T04:30:00+00:00,8821,8822.01,8813.5,8819.5,546
2026-06-22T05:00:00+00:00,8819.5,8827,8817.49,8826.49,430
2026-06-22T05:30:00+00:00,8826.49,8827.51,8822.5,8824.5,386
2026-06-22T06:00:00+00:00,8824.5,8825.6,8809.1,8824.91,772
2026-06-22T07:00:00+00:00,8824.91,8827.61,8816.09,8827.59,292
2026-06-22T07:30:00+00:00,8827.59,8828.11,8810.41,8811.59,315
2026-06-22T08:00:00+00:00,8811.59,8815.6,8804.09,8814.59,420
2026-06-22T08:30:00+00:00,8814.59,8819.11,8810.09,8818.11,317
2026-06-22T09:00:00+00:00,8818.11,8838.09,8814.09,8831.6,375
2026-06-22T09:30:00+00:00,8831.6,8836.11,8825.1,8825.61,439
2026-06-22T10:00:00+00:00,8825.61,8839.11,8825.59,8838.61,484
2026-06-22T10:30:00+00:00,8838.61,8840.1,8833.09,8836.1,352
2026-06-22T11:00:00+00:00,8836.1,8851.09,8834.09,8839.61,810
2026-06-22T11:30:00+00:00,8839.61,8847.1,8839.09,8846.6,424
2026-06-22T12:00:00+00:00,8846.6,8854.11,8843.09,8850.6,459
2026-06-22T12:30:00+00:00,8850.6,8853.1,8845.09,8846.11,392
2026-06-22T13:00:00+00:00,8846.11,8858.11,8844.09,8854.61,940
2026-06-22T13:30:00+00:00,8854.61,8874.11,8853.09,8869.11,1168
2026-06-22T14:00:00+00:00,8869.11,8869.11,8840.59,8846.1,1016
2026-06-22T14:30:00+00:00,8846.1,8851.61,8840.6,8847.11,1534
2026-06-22T15:00:00+00:00,8847.11,8855.09,8838.1,8846.09,1108
2026-06-22T15:30:00+00:00,8846.09,8850.11,8837.6,8841.6,1001
2026-06-22T16:00:00+00:00,8841.6,8847.11,8835.1,8842.59,885
2026-06-22T16:30:00+00:00,8842.59,8848.11,8839.1,8846.09,634
2026-06-22T17:00:00+00:00,8846.09,8847.6,8840.59,8840.59,403
2026-06-22T17:30:00+00:00,8840.59,8851.11,8834.09,8847.6,446
2026-06-22T18:00:00+00:00,8847.6,8854.11,8845.59,8849.59,326
2026-06-22T18:30:00+00:00,8849.59,8853.1,8843.11,8845.11,459.73033216783216
2026-06-22T19:00:00+00:00,8845.11,8846.11,8839.09,8840.1,425
2026-06-22T19:30:00+00:00,8840.1,8846.1,8835.59,8845.11,504
2026-06-22T20:00:00+00:00,8845.11,8847.61,8843.09,8843.61,112
2026-06-22T20:30:00+00:00,8843.61,8844.11,8842.41,8842.41,45
2026-06-22T23:00:00+00:00,8825.71,8835.71,8818.71,8833.71,325.94911564099914
2026-06-22T23:30:00+00:00,8833.71,8842.71,8814.019999999999,8818.529999999999,677.4146989646309
2026-06-23T00:00:00+00:00,8818.529999999999,8838.929999999998,8783.92,8807.939999999999,2047
2026-06-23T00:30:00+00:00,8807.939999999999,8827.939999999999,8799.42,8817.939999999999,1151
2026-06-23T01:00:00+00:00,8817.939999999999,8822.929999999998,8802.92,8811.92,1148
2026-06-23T01:30:00+00:00,8811.92,8812.929999999998,8795.92,8809.439999999999,1139
2026-06-23T02:00:00+00:00,8809.439999999999,8815.939999999999,8798.92,8804.929999999998,1203
2026-06-23T02:30:00+00:00,8804.929999999998,8820.939999999999,8799.92,8812.92,733
2026-06-23T03:00:00+00:00,8812.92,8813.939999999999,8796.92,8799.42,833
2026-06-23T03:30:00+00:00,8799.42,8810.429999999998,8786.439999999999,8810.429999999998,839
2026-06-23T04:00:00+00:00,8810.429999999998,8818.939999999999,8787.429999999998,8788.42,709
2026-06-23T04:30:00+00:00,8788.42,8790.929999999998,8772.42,8774.929999999998,675
2026-06-23T05:00:00+00:00,8774.929999999998,8783.939999999999,8770.92,8771.939999999999,947
2026-06-23T05:30:00+00:00,8771.939999999999,8773.939999999999,8764.92,8772.939999999999,792
2026-06-23T06:00:00+00:00,8772.939999999999,8783.039999999999,8750.82,8753.33,1352
2026-06-23T07:00:00+00:00,8768.03,8774.24,8756.22,8764.24,621
2026-06-23T07:30:00+00:00,8764.24,8767.23,8745.22,8747.24,1085
2026-06-23T08:00:00+00:00,8747.24,8747.24,8731.22,8733.22,1669
2026-06-23T08:30:00+00:00,8733.22,8748.72,8732.22,8739.22,1212
2026-06-23T09:00:00+00:00,8739.22,8762.24,8739.22,8761.24,866
2026-06-23T09:30:00+00:00,8761.24,8763.24,8753.73,8762.24,623
2026-06-23T10:00:00+00:00,8762.24,8772.24,8758.22,8764.74,702
2026-06-23T10:30:00+00:00,8764.74,8765.24,8752.72,8755.72,929
2026-06-23T11:00:00+00:00,8755.72,8774.24,8754.22,8765.73,936
2026-06-23T11:30:00+00:00,8765.73,8780.24,8759.22,8776.22,770
2026-06-23T12:00:00+00:00,8776.22,8780.24,8766.73,8772.22,761
2026-06-23T12:30:00+00:00,8772.22,8781.22,8766.22,8773.24,881
2026-06-23T13:00:00+00:00,8773.24,8777.23,8767.24,8776.22,721
2026-06-23T13:30:00+00:00,8776.22,8814.74,8771.22,8814.72,2767
2026-06-23T14:00:00+00:00,8814.72,8833.24,8812.22,8826.73,1474
2026-06-23T14:30:00+00:00,8826.73,8828.24,8807.22,8818.23,1767
2026-06-23T15:00:00+00:00,8818.23,8824.23,8806.22,8807.74,1465
2026-06-23T15:30:00+00:00,8807.74,8819.24,8802.22,8819.24,1247
2026-06-23T16:00:00+00:00,8819.24,8830.24,8818.22,8827.24,848
2026-06-23T16:30:00+00:00,8827.24,8833.24,8824.23,8827.23,679
2026-06-23T17:00:00+00:00,8827.23,8834.24,8822.74,8831.22,744
2026-06-23T17:30:00+00:00,8831.22,8835.23,8819.72,8820.24,678
2026-06-23T18:00:00+00:00,8820.24,8825.74,8813.24,8815.23,741
2026-06-23T18:30:00+00:00,8815.23,8816.24,8803.22,8808.24,737
2026-06-23T19:00:00+00:00,8808.24,8817.24,8801.22,8812.74,1135
2026-06-23T19:30:00+00:00,8812.74,8813.74,8798.72,8798.72,1176
2026-06-23T20:00:00+00:00,8798.72,8802.74,8795.72,8801.24,241
2026-06-23T20:30:00+00:00,8801.24,8804.24,8798.73,8800.03,125
2026-06-23T23:00:00+00:00,8793.26,8805.26,8778.26,8799.26,640.2296838606334
2026-06-23T23:30:00+00:00,8799.26,8819.26,8783.26,8794.5,1457.104872496495
2026-06-24T00:00:00+00:00,8794.5,8811.9,8784.88,8788.39,2841
2026-06-24T00:30:00+00:00,8788.39,8797.89,8781.4,8790.38,1599
2026-06-24T01:00:00+00:00,8790.38,8809.4,8783.89,8803.39,1722
2026-06-24T01:30:00+00:00,8803.39,8823.38,8797.38,8816.4,1008
2026-06-24T02:00:00+00:00,8816.4,8818.4,8807.39,8815.9,708
2026-06-24T02:30:00+00:00,8815.9,8818.39,8785.9,8786.88,1047
2026-06-24T03:00:00+00:00,8786.88,8802.4,8783.4,8799.38,1287
2026-06-24T03:30:00+00:00,8799.38,8806.4,8794.38,8802.4,1127
2026-06-24T04:00:00+00:00,8802.4,8802.9,8781.88,8783.4,815
2026-06-24T04:30:00+00:00,8783.4,8799.39,8783.39,8794.39,837
2026-06-24T05:00:00+00:00,8794.39,8807.4,8790.39,8805.38,682
2026-06-24T05:30:00+00:00,8805.38,8810.4,8798.38,8802.4,585
2026-06-24T06:00:00+00:00,8802.4,8810,8794.99,8803.789999999999,661
2026-06-24T07:00:00+00:00,8810.56,8824.75,8806.06,8813.76,576
2026-06-24T07:30:00+00:00,8813.76,8822.27,8801.06,8811.76,785
2026-06-24T08:00:00+00:00,8811.76,8822.27,8810.76,8817.25,937
2026-06-24T08:30:00+00:00,8817.25,8821.26,8811.27,8814.77,615
2026-06-24T09:00:00+00:00,8814.77,8819.27,8809.25,8812.77,765
2026-06-24T09:30:00+00:00,8812.77,8813.27,8799.27,8808.26,714
2026-06-24T10:00:00+00:00,8808.26,8810.77,8799.75,8810.77,710
2026-06-24T10:30:00+00:00,8810.77,8811.26,8800.75,8800.76,644
2026-06-24T11:00:00+00:00,8800.76,8808.76,8790.27,8796.26,572
2026-06-24T11:30:00+00:00,8796.26,8809.77,8794.25,8807.75,891
2026-06-24T12:00:00+00:00,8807.75,8815.77,8803.25,8811.25,798
2026-06-24T12:30:00+00:00,8811.25,8813.26,8796.76,8797.77,734
2026-06-24T13:00:00+00:00,8797.77,8802.75,8784.26,8795.25,1113
2026-06-24T13:30:00+00:00,8795.25,8812.77,8778.26,8806.77,3157
2026-06-24T14:00:00+00:00,8806.77,8810.27,8788.76,8803.26,2291
2026-06-24T14:30:00+00:00,8803.26,8816.77,8803.26,8816.77,1452
2026-06-24T15:00:00+00:00,8816.77,8816.77,8797.76,8813.27,1253
2026-06-24T15:30:00+00:00,8813.27,8815.77,8805.77,8809.27,1227
2026-06-24T16:00:00+00:00,8809.27,8817.24,8807.74,8813.75,950.8590925857617
2026-06-24T16:30:00+00:00,8813.75,8815.25,8794.74,8797.25,1072
2026-06-24T17:00:00+00:00,8797.25,8802.26,8776.24,8777.74,1364
2026-06-24T17:30:00+00:00,8777.74,8783.26,8771.74,8772.74,1652
2026-06-24T18:00:00+00:00,8772.74,8790.74,8771.74,8789.26,1615
2026-06-24T18:30:00+00:00,8789.26,8791.76,8772.26,8775.74,1411
2026-06-24T19:00:00+00:00,8775.74,8782.25,8767.25,8778.25,1461
2026-06-24T19:30:00+00:00,8778.25,8801.25,8774.74,8790.24,1609
2026-06-24T20:00:00+00:00,8790.24,8820.76,8785.74,8820.25,882
2026-06-24T20:30:00+00:00,8820.25,8831.26,8819.75,8821.539999999999,324
2026-06-24T23:00:00+00:00,8820.56,8825.56,8809.56,8816.56,648.2165181638861
2026-06-24T23:30:00+00:00,8816.56,8828.56,8789.89,8793.39,1686.5578657873443
2026-06-25T00:00:00+00:00,8793.39,8801.79,8759.27,8774.28,2477
2026-06-25T00:30:00+00:00,8774.28,8778.29,8749.78,8757.79,1284
2026-06-25T01:00:00+00:00,8757.79,8774.28,8753.77,8771.79,1577
2026-06-25T01:30:00+00:00,8771.79,8793.29,8764.27,8775.78,1201
2026-06-25T02:00:00+00:00,8775.78,8778.78,8763.27,8769.27,999
2026-06-25T02:30:00+00:00,8769.27,8776.29,8762.28,8772.29,559
2026-06-25T03:00:00+00:00,8772.29,8777.28,8767.77,8771.27,632
2026-06-25T03:30:00+00:00,8771.27,8778.29,8760.27,8768.28,631
2026-06-25T04:00:00+00:00,8768.28,8770.28,8754.27,8754.79,472
2026-06-25T04:30:00+00:00,8754.79,8757.79,8750.79,8754.29,467
2026-06-25T05:00:00+00:00,8754.29,8778.28,8753.27,8777.29,510
2026-06-25T05:30:00+00:00,8777.29,8778.27,8741.27,8747.79,881
2026-06-25T06:00:00+00:00,8747.79,8758.89,8745.37,8754.69,934
2026-06-25T07:00:00+00:00,8764.68,8780.36,8759.86,8777.88,355
2026-06-25T07:30:00+00:00,8777.88,8783.88,8777.86,8782.88,417
2026-06-25T08:00:00+00:00,8782.88,8793.88,8778.87,8792.87,517
2026-06-25T08:30:00+00:00,8792.87,8801.38,8789.87,8790.87,324
2026-06-25T09:00:00+00:00,8790.87,8803.38,8790.87,8795.86,369
2026-06-25T09:30:00+00:00,8795.86,8797.87,8791.36,8794.86,258
2026-06-25T10:00:00+00:00,8794.86,8795.88,8789.86,8793.86,348
2026-06-25T10:30:00+00:00,8793.86,8795.36,8789.36,8793.87,391
2026-06-25T11:00:00+00:00,8793.87,8797.37,8784.86,8786.36,387
2026-06-25T11:30:00+00:00,8786.36,8789.87,8781.36,8783.86,358
2026-06-25T12:00:00+00:00,8783.86,8791.88,8782.86,8785.86,435
2026-06-25T12:30:00+00:00,8785.86,8807.87,8785.86,8799.86,1711
2026-06-25T13:00:00+00:00,8799.86,8804.88,8794.36,8800.87,706
2026-06-25T13:30:00+00:00,8800.87,8808.38,8759.38,8761.88,4279
2026-06-25T14:00:00+00:00,8761.88,8807.38,8761.37,8800.86,4584
2026-06-25T14:30:00+00:00,8800.86,8810.36,8791.86,8797.37,2799
2026-06-25T15:00:00+00:00,8797.37,8804.88,8773.36,8792.36,2887
2026-06-25T15:30:00+00:00,8792.36,8799.88,8787.88,8789.88,2331
2026-06-25T16:00:00+00:00,8789.88,8807.88,8787.86,8797.87,1710
2026-06-25T16:30:00+00:00,8797.87,8797.87,8779.37,8785.36,1366
2026-06-25T17:00:00+00:00,8785.36,8793.86,8778.86,8786.38,1389
2026-06-25T17:30:00+00:00,8786.38,8788.36,8774.86,8783.37,1630
2026-06-25T18:00:00+00:00,8783.37,8787.88,8767.87,8787.37,1613
2026-06-25T18:30:00+00:00,8787.37,8787.37,8765.86,8775.88,1431
2026-06-25T19:00:00+00:00,8775.88,8776.37,8767.86,8772.86,1250
2026-06-25T19:30:00+00:00,8772.86,8776.87,8766.38,8774.87,1474
2026-06-25T20:00:00+00:00,8774.87,8783.86,8773.36,8779.37,544.417882054534
2026-06-25T20:30:00+00:00,8779.37,8779.87,8768.86,8771.67,133.84024087849804
2026-06-25T23:00:00+00:00,8763.61,8796.35,8760.61,8781.35,1218.771823955019
2026-06-25T23:30:00+00:00,8781.35,8782.35,8734.980000000001,8746.49,2093.4529053607816
2026-06-26T00:00:00+00:00,8746.49,8766.890000000001,8740.87,8756.87,3005
2026-06-26T00:30:00+00:00,8756.87,8759.390000000001,8733.37,8741.380000000001,2290
2026-06-26T01:00:00+00:00,8741.380000000001,8764.87,8729.87,8748.87,2450
2026-06-26T01:30:00+00:00,8748.87,8755.890000000001,8734.87,8755.37,1984
2026-06-26T02:00:00+00:00,8755.37,8765.880000000001,8743.87,8743.880000000001,1374
2026-06-26T02:30:00+00:00,8743.880000000001,8743.890000000001,8716.37,8723.390000000001,1161
2026-06-26T03:00:00+00:00,8723.390000000001,8723.890000000001,8702.37,8703.880000000001,834
2026-06-26T03:30:00+00:00,8703.880000000001,8736.880000000001,8698.87,8736.380000000001,1854
2026-06-26T04:00:00+00:00,8736.380000000001,8745.890000000001,8730.87,8741.880000000001,1509
2026-06-26T04:30:00+00:00,8741.880000000001,8745.880000000001,8736.87,8744.87,746
2026-06-26T05:00:00+00:00,8744.87,8758.890000000001,8744.87,8756.890000000001,826
2026-06-26T05:30:00+00:00,8756.890000000001,8761.880000000001,8739.87,8753.390000000001,920
2026-06-26T06:00:00+00:00,8753.390000000001,8763.29,8746.970000000001,8763.29,1087
2026-06-26T07:00:00+00:00,8778.35,8797.53,8778.35,8795.54,488
2026-06-26T07:30:00+00:00,8795.54,8804.54,8795.53,8803.03,544
2026-06-26T08:00:00+00:00,8803.03,8810.05,8797.05,8808.55,925
2026-06-26T08:30:00+00:00,8808.55,8808.55,8771.85,8779.53,860
2026-06-26T09:00:00+00:00,8779.53,8783.55,8770.05,8776.04,1199
2026-06-26T09:30:00+00:00,8776.04,8789.05,8770.53,8781.55,861
2026-06-26T10:00:00+00:00,8781.55,8784.55,8771.54,8782.53,876
2026-06-26T10:30:00+00:00,8782.53,8786.55,8777.03,8784.55,836
2026-06-26T11:00:00+00:00,8784.55,8789.55,8776.53,8781.05,1046
2026-06-26T11:30:00+00:00,8781.05,8781.05,8766.54,8772.54,803
2026-06-26T12:00:00+00:00,8772.54,8787.04,8770.54,8775.54,996
2026-06-26T12:30:00+00:00,8775.54,8779.03,8761.03,8768.53,1033
2026-06-26T13:00:00+00:00,8768.53,8770.53,8745.53,8765.54,1951
2026-06-26T13:30:00+00:00,8765.54,8795.55,8760.04,8795.05,3241
2026-06-26T14:00:00+00:00,8795.05,8814.55,8789.04,8808.04,2397
2026-06-26T14:30:00+00:00,8808.04,8810.55,8795.53,8800.53,1851
2026-06-26T15:00:00+00:00,8800.53,8816.54,8791.53,8816.53,1576
2026-06-26T15:30:00+00:00,8816.53,8830.84,8810.05,8824.03,1713.935051943055
2026-06-26T16:00:00+00:00,8824.03,8826.53,8803.03,8813.04,1539
2026-06-26T16:30:00+00:00,8813.04,8822.05,8813.03,8816.53,999
2026-06-26T17:00:00+00:00,8816.53,8828.05,8815.03,8820.55,787
2026-06-26T17:30:00+00:00,8820.55,8825.03,8811.03,8812.53,895
2026-06-26T18:00:00+00:00,8812.53,8818.05,8808.03,8809.03,906
2026-06-26T18:30:00+00:00,8809.03,8813.05,8802.03,8804.54,740
2026-06-26T19:00:00+00:00,8804.54,8816.05,8801.04,8802.03,1056
2026-06-26T19:30:00+00:00,8802.03,8808.55,8794.53,8795.04,1346
2026-06-26T20:00:00+00:00,8795.04,8808.05,8795.04,8803.55,901
2026-06-26T20:30:00+00:00,8803.55,8804.55,8791.03,8794.54,317
2026-06-28T23:30:00+00:00,8795.04,8817.96,8786.46,8786.46,254
2026-06-29T00:00:00+00:00,8786.46,8834.34,8786.46,8816.84,3373
2026-06-29T00:30:00+00:00,8816.84,8818.36,8778.34,8804.84,2852
2026-06-29T01:00:00+00:00,8804.84,8807.34,8788.34,8789.84,2194
2026-06-29T01:30:00+00:00,8789.84,8799.35,8776.86,8786.84,2119
2026-06-29T02:00:00+00:00,8786.84,8789.34,8772.84,8787.36,1198
2026-06-29T02:30:00+00:00,8787.36,8793.36,8784.34,8789.35,759
2026-06-29T03:00:00+00:00,8789.35,8796.34,8787.34,8794.36,570
2026-06-29T03:30:00+00:00,8794.36,8804.36,8787.34,8803.35,747
2026-06-29T04:00:00+00:00,8803.35,8808.85,8800.34,8804.34,432
2026-06-29T04:30:00+00:00,8804.34,8806.36,8797.34,8799.85,374
2026-06-29T05:00:00+00:00,8799.85,8805.85,8798.84,8802.86,556
2026-06-29T05:30:00+00:00,8802.86,8822.36,8801.35,8820.35,418
2026-06-29T06:00:00+00:00,8820.35,8837.96,8817.94,8834.24,797
2026-06-29T07:00:00+00:00,8834.24,8849.96,8822.45,8848.95,445
2026-06-29T07:30:00+00:00,8848.95,8854.45,8840.96,8845.95,581
2026-06-29T08:00:00+00:00,8845.95,8851.95,8830.94,8831.46,834
2026-06-29T08:30:00+00:00,8831.46,8832.96,8813.44,8814.94,684
2026-06-29T09:00:00+00:00,8814.94,8823.96,8813.44,8822.44,682
2026-06-29T09:30:00+00:00,8822.44,8824.44,8811.44,8817.94,706
2026-06-29T10:00:00+00:00,8817.94,8822.94,8811.94,8818.96,475
2026-06-29T10:30:00+00:00,8818.96,8828.96,8815.44,8827.94,549
2026-06-29T11:00:00+00:00,8827.94,8834.46,8820.44,8820.96,535
2026-06-29T11:30:00+00:00,8820.96,8833.96,8819.95,8830.96,688
2026-06-29T12:00:00+00:00,8830.96,8834.96,8823.45,8824.45,636
2026-06-29T12:30:00+00:00,8824.45,8833.95,8818.44,8830.96,589
2026-06-29T13:00:00+00:00,8830.96,8839.96,8829.95,8832.95,527
2026-06-29T13:30:00+00:00,8832.95,8843.94,8817.94,8821.95,2310
2026-06-29T14:00:00+00:00,8821.95,8825.95,8788.45,8820.96,3144
2026-06-29T14:30:00+00:00,8820.96,8823.96,8806.94,8816.96,2143
2026-06-29T15:00:00+00:00,8816.96,8819.95,8806.94,8817.95,1501
2026-06-29T15:30:00+00:00,8817.95,8832.95,8816.94,8832.95,659
2026-06-29T16:00:00+00:00,8832.95,8836.46,8829.96,8833.46,337
2026-06-29T16:30:00+00:00,8833.46,8840.96,8829.96,8837.44,232
2026-06-29T17:00:00+00:00,8837.44,8846.94,8837.44,8842.96,333
2026-06-29T17:30:00+00:00,8842.96,8843.46,8838.94,8841.96,285.2950690335306
2026-06-29T18:00:00+00:00,8841.96,8846.94,8838.94,8840.45,263
2026-06-29T18:30:00+00:00,8840.45,8844.96,8838.94,8843.96,217
2026-06-29T19:00:00+00:00,8843.96,8845.45,8841.44,8841.96,179
2026-06-29T19:30:00+00:00,8841.96,8842.96,8827.94,8838.94,463
2026-06-29T20:00:00+00:00,8838.94,8839.45,8831.44,8835.96,160
2026-06-29T20:30:00+00:00,8835.96,8837.75,8833.45,8836.24,78
2026-06-29T23:00:00+00:00,8825.09,8831.09,8824.09,8827.09,226.02494817211976
2026-06-29T23:30:00+00:00,8827.09,8839.09,8814.380000000001,8824.380000000001,827.5379426178647
2026-06-30T00:00:00+00:00,8824.380000000001,8828.78,8811.77,8814.28,1838
2026-06-30T00:30:00+00:00,8814.28,8820.78,8808.26,8820.76,1301
2026-06-30T01:00:00+00:00,8820.76,8829.77,8808.76,8829.26,1076
2026-06-30T01:30:00+00:00,8829.26,8829.78,8816.76,8826.26,746
2026-06-30T02:00:00+00:00,8826.26,8827.78,8808.76,8812.26,525
2026-06-30T02:30:00+00:00,8812.26,8823.77,8808.77,8815.27,499
2026-06-30T03:00:00+00:00,8815.27,8816.78,8808.26,8816.27,381
2026-06-30T03:30:00+00:00,8816.27,8821.78,8813.77,8816.78,398
2026-06-30T04:00:00+00:00,8816.78,8820.78,8812.76,8817.76,323
2026-06-30T04:30:00+00:00,8817.76,8817.76,8798.76,8799.76,332
2026-06-30T05:00:00+00:00,8799.76,8804.77,8792.76,8793.78,401
2026-06-30T05:30:00+00:00,8793.78,8793.78,8781.78,8782.28,353
2026-06-30T06:00:00+00:00,8782.28,8784.880000000001,8763.37,8774.68,810
2026-06-30T07:00:00+00:00,8788.83,8794.53,8784.03,8793.02,397
2026-06-30T07:30:00+00:00,8793.02,8805.03,8793.02,8796.03,286
2026-06-30T08:00:00+00:00,8796.03,8803.02,8789.01,8797.52,676
2026-06-30T08:30:00+00:00,8797.52,8798.53,8778.51,8786.01,497
2026-06-30T09:00:00+00:00,8786.01,8796.53,8784.53,8796.52,441
2026-06-30T09:30:00+00:00,8796.52,8803.02,8791.51,8801.52,359
2026-06-30T10:00:00+00:00,8801.52,8807.53,8800.51,8805.53,338
2026-06-30T10:30:00+00:00,8805.53,8811.52,8801.53,8808.02,238
2026-06-30T11:00:00+00:00,8808.02,8809.53,8802.02,8803.53,270
2026-06-30T11:30:00+00:00,8803.53,8808.02,8800.01,8800.53,308
2026-06-30T12:00:00+00:00,8800.53,8800.53,8780.02,8782.02,420
2026-06-30T12:30:00+00:00,8782.02,8790.03,8777.53,8784.53,464
2026-06-30T13:00:00+00:00,8784.53,8787.53,8776.53,8787.52,391.07715582450834
2026-06-30T13:30:00+00:00,8787.52,8801.03,8777.02,8801.02,1045
2026-06-30T14:00:00+00:00,8801.02,8818.52,8796.01,8815.02,774
2026-06-30T14:30:00+00:00,8815.02,8816.53,8784.51,8786.53,589
2026-06-30T15:00:00+00:00,8786.53,8807.02,8785.03,8794.53,667
2026-06-30T15:30:00+00:00,8794.53,8802.01,8790.51,8794.52,583
2026-06-30T16:00:00+00:00,8794.52,8796.53,8790.52,8794.52,243.18829418559875
2026-06-30T16:30:00+00:00,8794.52,8795.53,8791.51,8791.52,190
2026-06-30T17:00:00+00:00,8791.52,8793.53,8785.51,8790.53,174
2026-06-30T17:30:00+00:00,8790.53,8797.53,8789.51,8795.51,155.56230031948883
2026-06-30T18:00:00+00:00,8795.51,8797.53,8793.02,8794.51,157.12624330527927
2026-06-30T18:30:00+00:00,8794.51,8799.53,8792.02,8799.02,142
2026-06-30T19:00:00+00:00,8799.02,8802.53,8795.51,8799.02,124
2026-06-30T19:30:00+00:00,8799.02,8803.53,8794.53,8801.51,604
2026-06-30T20:00:00+00:00,8801.51,8801.53,8793.01,8794.52,199.8778195488722
2026-06-30T20:30:00+00:00,8794.52,8798.31,8792.51,8798.31,583
2026-06-30T23:00:00+00:00,8797.01,8800.01,8795.01,8799.01,195.0656881509032
2026-06-30T23:30:00+00:00,8799.01,8806.01,8776.539999999999,8794.06,684.0789233910928
2026-07-01T00:00:00+00:00,8794.06,8796.46,8733.949999999999,8736.949999999999,2081
2026-07-01T00:30:00+00:00,8736.949999999999,8766.46,8725.96,8758.96,1242
2026-07-01T01:00:00+00:00,8758.96,8769.96,8746.44,8769.96,1397
2026-07-01T01:30:00+00:00,8769.96,8772.949999999999,8741.449999999999,8745.46,1078
2026-07-01T02:00:00+00:00,8745.46,8753.949999999999,8727.44,8728.46,1053
2026-07-01T02:30:00+00:00,8728.46,8746.96,8722.44,8736.949999999999,792
2026-07-01T03:00:00+00:00,8736.949999999999,8745.96,8733.94,8733.94,546
2026-07-01T03:30:00+00:00,8733.94,8736.96,8727.94,8731.949999999999,486
2026-07-01T04:00:00+00:00,8731.949999999999,8733.949999999999,8714.949999999999,8725.96,562
2026-07-01T04:30:00+00:00,8725.96,8734.96,8721.949999999999,8730.46,420
2026-07-01T05:00:00+00:00,8730.46,8735.96,8725.94,8732.46,472
2026-07-01T05:30:00+00:00,8732.46,8732.949999999999,8718.94,8728.46,499
2026-07-01T06:00:00+00:00,8728.46,8728.46,8711.55,8720.34,634
2026-07-01T07:00:00+00:00,8724.52,8724.52,8698.72,8711.74,483
2026-07-01T07:30:00+00:00,8711.74,8720.74,8710.22,8715.72,380
2026-07-01T08:00:00+00:00,8715.72,8721.74,8711.24,8715.22,384
2026-07-01T08:30:00+00:00,8715.22,8723.73,8714.72,8719.74,409
2026-07-01T09:00:00+00:00,8719.74,8722.23,8712.23,8717.74,338.22277777777776
2026-07-01T09:30:00+00:00,8717.74,8718.74,8711.22,8712.73,264
2026-07-01T10:00:00+00:00,8712.73,8713.73,8702.74,8707.74,247
2026-07-01T10:30:00+00:00,8707.74,8708.73,8700.23,8704.74,263
2026-07-01T11:00:00+00:00,8704.74,8710.74,8703.72,8705.22,339.2256244963739
2026-07-01T11:30:00+00:00,8705.22,8709.22,8696.73,8697.73,270
2026-07-01T12:00:00+00:00,8697.73,8699.24,8686.24,8693.22,490
2026-07-01T12:30:00+00:00,8693.22,8694.74,8681.72,8688.74,693
2026-07-01T13:00:00+00:00,8688.74,8695.24,8679.24,8694.23,888
2026-07-01T13:30:00+00:00,8694.23,8718.24,8686.23,8709.72,2010
2026-07-01T14:00:00+00:00,8709.72,8732.24,8706.72,8721.74,731
2026-07-01T14:30:00+00:00,8721.74,8723.24,8705.72,8708.72,821
2026-07-01T15:00:00+00:00,8708.72,8716.24,8702.73,8716.24,577
2026-07-01T15:30:00+00:00,8716.24,8721.74,8709.72,8720.74,533
2026-07-01T16:00:00+00:00,8720.74,8726.74,8719.23,8725.72,307
2026-07-01T16:30:00+00:00,8725.72,8730.23,8711.72,8712.72,312
2026-07-01T17:00:00+00:00,8712.72,8718.73,8709.72,8715.73,310
2026-07-01T17:30:00+00:00,8715.73,8718.73,8705.22,8705.22,314
2026-07-01T18:00:00+00:00,8705.22,8706.73,8693.72,8698.24,325
2026-07-01T18:30:00+00:00,8698.24,8704.72,8692.72,8703.72,264.67897727272725
2026-07-01T19:00:00+00:00,8703.72,8713.24,8703.72,8710.24,214
2026-07-01T19:30:00+00:00,8710.24,8715.72,8705.22,8708.74,347
2026-07-01T20:00:00+00:00,8708.74,8708.74,8701.73,8703.24,233.3376216641424
2026-07-01T20:30:00+00:00,8703.24,8703.24,8698.73,8700.24,89.44785622695107
2026-07-01T23:00:00+00:00,8710.21,8712.21,8703.21,8709.21,165.56548648735668
2026-07-01T23:30:00+00:00,8709.21,8722.4,8688.21,8717.38,725.2263910432307
2026-07-02T00:00:00+00:00,8717.38,8721.289999999999,8671.789999999999,8695.789999999999,2892
2026-07-02T00:30:00+00:00,8695.789999999999,8717.8,8686.289999999999,8713.779999999999,1452
2026-07-02T01:00:00+00:00,8713.779999999999,8741.779999999999,8710.779999999999,8731.8,1355
2026-07-02T01:30:00+00:00,8731.8,8738.789999999999,8717.8,8726.8,980
2026-07-02T02:00:00+00:00,8726.8,8731.8,8715.779999999999,8726.3,644
2026-07-02T02:30:00+00:00,8726.3,8726.3,8717.8,8720.789999999999,429
2026-07-02T03:00:00+00:00,8720.789999999999,8728.789999999999,8716.779999999999,8726.289999999999,480
2026-07-02T03:30:00+00:00,8726.289999999999,8733.779999999999,8725.779999999999,8731.279999999999,512
2026-07-02T04:00:00+00:00,8731.279999999999,8733.8,8718.779999999999,8723.789999999999,535
2026-07-02T04:30:00+00:00,8723.789999999999,8728.789999999999,8715.779999999999,8725.789999999999,529
2026-07-02T05:00:00+00:00,8725.789999999999,8733.789999999999,8720.8,8730.8,405
2026-07-02T05:30:00+00:00,8730.8,8730.8,8721.289999999999,8721.789999999999,509
2026-07-02T06:00:00+00:00,8721.789999999999,8731.38,8720.9,8729.179999999998,821
2026-07-02T07:00:00+00:00,8725.21,8729.93,8714.92,8725.91,405
2026-07-02T07:30:00+00:00,8725.91,8746.93,8723.42,8744.91,499
2026-07-02T08:00:00+00:00,8744.91,8760.43,8742.91,8758.41,761
2026-07-02T08:30:00+00:00,8758.41,8771.43,8757.42,8765.92,342
2026-07-02T09:00:00+00:00,8765.92,8765.92,8758.41,8763.43,253
2026-07-02T09:30:00+00:00,8763.43,8765.43,8760.41,8761.41,250
2026-07-02T10:00:00+00:00,8761.41,8763.43,8756.41,8760.91,278
2026-07-02T10:30:00+00:00,8760.91,8770.43,8760.91,8766.93,215
2026-07-02T11:00:00+00:00,8766.93,8772.93,8760.91,8763.92,239
2026-07-02T11:30:00+00:00,8763.92,8765.93,8757.43,8757.43,208.4204630321135
2026-07-02T12:00:00+00:00,8757.43,8768.93,8754.42,8763.71,314
2026-07-02T12:30:00+00:00,8763.71,8799.43,8763.71,8783.93,1381
2026-07-02T13:00:00+00:00,8783.93,8791.43,8778.42,8789.92,708
2026-07-02T13:30:00+00:00,8789.92,8825.43,8788.41,8817.43,1703
2026-07-02T14:00:00+00:00,8817.43,8817.93,8785.91,8790.43,1613
2026-07-02T14:30:00+00:00,8790.43,8800.43,8782.41,8795.42,2590
2026-07-02T15:00:00+00:00,8795.42,8798.43,8769.41,8770.92,2624
2026-07-02T15:30:00+00:00,8770.92,8783.93,8764.92,8768.43,1847
2026-07-02T16:00:00+00:00,8768.43,8773.42,8756.91,8757.43,1032
2026-07-02T16:30:00+00:00,8757.43,8759.42,8746.91,8752.41,1057
2026-07-02T17:00:00+00:00,8752.41,8753.43,8739.42,8739.42,1099
2026-07-02T17:30:00+00:00,8739.42,8745.42,8725.41,8727.41,836
2026-07-02T18:00:00+00:00,8727.41,8744.43,8724.43,8741.93,780
2026-07-02T18:30:00+00:00,8741.93,8756.42,8741.41,8754.42,585
2026-07-02T19:00:00+00:00,8754.42,8755.43,8740.41,8746.43,682
2026-07-02T19:30:00+00:00,8746.43,8779.43,8745.91,8776.43,840
2026-07-02T20:00:00+00:00,8776.43,8776.43,8766.92,8769.92,213.90332072299285
2026-07-02T20:30:00+00:00,8769.92,8775.93,8768.42,8769.21,88.58717524538613
2026-07-02T23:00:00+00:00,8775.71,8796.52,8770.71,8788.21,484.7004328242706
2026-07-02T23:30:00+00:00,8788.21,8795.990000000002,8772.84,8787.990000000002,1301.4272151970458
2026-07-03T00:00:00+00:00,8787.990000000002,8799.37,8775.37,8792.880000000001,2359
2026-07-03T00:30:00+00:00,8792.880000000001,8812.880000000001,8788.380000000001,8810.390000000001,1056
2026-07-03T01:00:00+00:00,8810.390000000001,8862.37,8809.37,8857.880000000001,1250
2026-07-03T01:30:00+00:00,8857.880000000001,8861.390000000001,8831.380000000001,8831.880000000001,824
2026-07-03T02:00:00+00:00,8831.880000000001,8854.380000000001,8831.880000000001,8852.380000000001,616
2026-07-03T02:30:00+00:00,8852.380000000001,8865.380000000001,8851.37,8864.390000000001,322
2026-07-03T03:00:00+00:00,8864.390000000001,8868.390000000001,8855.380000000001,8859.390000000001,353
2026-07-03T03:30:00+00:00,8859.390000000001,8868.390000000001,8856.37,8866.380000000001,411
2026-07-03T04:00:00+00:00,8866.380000000001,8872.390000000001,8865.37,8869.390000000001,271
2026-07-03T04:30:00+00:00,8869.390000000001,8875.380000000001,8866.37,8872.880000000001,252
2026-07-03T05:00:00+00:00,8872.880000000001,8878.390000000001,8863.87,8868.380000000001,320
2026-07-03T05:30:00+00:00,8868.380000000001,8870.390000000001,8861.890000000001,8863.37,264
2026-07-03T06:00:00+00:00,8863.37,8874.490000000002,8859.970000000001,8864.28,682
2026-07-03T07:00:00+00:00,8845.65,8848.86,8840.36,8845.34,293
2026-07-03T07:30:00+00:00,8845.34,8846.36,8830.34,8830.35,361
2026-07-03T08:00:00+00:00,8830.35,8830.86,8821.34,8821.34,321
2026-07-03T08:30:00+00:00,8821.34,8822.36,8800.34,8802.34,376
2026-07-03T09:00:00+00:00,8802.34,8805.35,8796.35,8796.35,361
2026-07-03T09:30:00+00:00,8796.35,8801.86,8794.34,8797.86,356
2026-07-03T10:00:00+00:00,8797.86,8804.86,8796.36,8802.36,153
2026-07-03T10:30:00+00:00,8802.36,8805.86,8800.84,8805.86,158.5534009533311
2026-07-03T11:00:00+00:00,8805.86,8806.86,8799.35,8801.34,272.7519379844961
2026-07-03T11:30:00+00:00,8801.34,8809.36,8799.84,8809.36,213
2026-07-03T12:00:00+00:00,8809.36,8817.36,8808.86,8815.34,195.10445049954586
2026-07-03T12:30:00+00:00,8815.34,8819.86,8813.35,8819.84,166.74431586375715
2026-07-03T13:00:00+00:00,8819.84,8820.86,8813.34,8817.36,151
2026-07-03T13:30:00+00:00,8817.36,8831.86,8816.85,8827.34,225
2026-07-03T14:00:00+00:00,8827.34,8832.85,8824.84,8828.36,166
2026-07-03T14:30:00+00:00,8828.36,8835.85,8826.84,8833.84,304.46663783661825
2026-07-03T15:00:00+00:00,8833.84,8835.35,8828.35,8828.84,222.4356705510567
2026-07-03T15:30:00+00:00,8828.84,8829.85,8823.85,8827.34,179.8913043478261
2026-07-03T16:00:00+00:00,8827.34,8828.85,8822.85,8823.85,88.43668428662619
2026-07-03T16:30:00+00:00,8823.85,8824.86,8820.84,8823.36,75.60124156284141
2026-07-03T17:00:00+00:00,8823.36,8823.85,8821.34,8821.35,55.346492126820294
2026-07-03T17:30:00+00:00,8821.35,8821.36,8821.34,8821.36,61.94375708241055
2026-07-03T18:00:00+00:00,8821.36,8821.86,8821.36,8821.86,67.76107347800098
2026-07-03T18:30:00+00:00,8821.86,8821.86,8819.35,8819.86,102.06499705732276
2026-07-03T19:00:00+00:00,8819.86,8820.86,8817.34,8817.34,100.17476452647222
2026-07-03T19:30:00+00:00,8817.34,8819.85,8814.34,8814.34,95.46905141786016
2026-07-03T20:00:00+00:00,8814.34,8814.36,8807.84,8810.35,118.6205403842858
2026-07-03T20:30:00+00:00,8810.35,8812.85,8810.35,8811.35,38.27634963902487
2026-07-05T23:30:00+00:00,8807.85,8830.38,8807.85,8827.36,208
2026-07-06T00:00:00+00:00,8827.36,8844.28,8821.76,8841.76,1231
2026-07-06T00:30:00+00:00,8841.76,8862.78,8840.26,8855.76,799
2026-07-06T01:00:00+00:00,8855.76,8863.78,8847.27,8852.27,777
2026-07-06T01:30:00+00:00,8852.27,8863.77,8846.76,8853.77,563
2026-07-06T02:00:00+00:00,8853.77,8859.27,8845.78,8849.76,543
2026-07-06T02:30:00+00:00,8849.76,8849.78,8833.27,8834.76,528
2026-07-06T03:00:00+00:00,8834.76,8837.78,8828.76,8830.28,380
2026-07-06T03:30:00+00:00,8830.28,8836.78,8824.26,8828.26,376
2026-07-06T04:00:00+00:00,8828.26,8837.76,8825.76,8834.77,254
2026-07-06T04:30:00+00:00,8834.77,8840.78,8832.28,8839.27,234
2026-07-06T05:00:00+00:00,8839.27,8840.27,8829.76,8832.78,321
2026-07-06T05:30:00+00:00,8832.78,8832.78,8825.76,8827.27,335
2026-07-06T06:00:00+00:00,8827.27,8834.38,8819.37,8829.17,652
2026-07-06T07:00:00+00:00,8829.17,8853.88,8829.17,8846.87,215
2026-07-06T07:30:00+00:00,8846.87,8864.37,8845.36,8863.37,286
2026-07-06T08:00:00+00:00,8863.37,8866.88,8855.86,8859.38,384.6304023845007
2026-07-06T08:30:00+00:00,8859.38,8860.88,8848.38,8849.87,250.3707794531221
2026-07-06T09:00:00+00:00,8849.87,8849.87,8839.36,8843.86,237.35990888382688
2026-07-06T09:30:00+00:00,8843.86,8844.38,8836.36,8839.38,210.35532994923858
2026-07-06T10:00:00+00:00,8839.38,8844.88,8834.37,8838.36,231.0457343887423
2026-07-06T10:30:00+00:00,8838.36,8840.38,8834.36,8835.37,180
2026-07-06T11:00:00+00:00,8835.37,8835.37,8828.87,8830.36,235
2026-07-06T11:30:00+00:00,8830.36,8832.88,8820.38,8821.36,161
2026-07-06T12:00:00+00:00,8821.36,8825.86,8819.86,8821.86,267
2026-07-06T12:30:00+00:00,8821.86,8830.38,8820.36,8823.36,235.3171456888008
2026-07-06T13:00:00+00:00,8823.36,8824.37,8815.87,8824.37,257
2026-07-06T13:30:00+00:00,8824.37,8831.88,8813.87,8816.38,770
2026-07-06T14:00:00+00:00,8816.38,8832.37,8811.36,8831.38,581
2026-07-06T14:30:00+00:00,8831.38,8831.38,8815.88,8824.36,450
2026-07-06T15:00:00+00:00,8824.36,8824.38,8816.38,8824.38,268
2026-07-06T15:30:00+00:00,8824.38,8826.38,8821.36,8821.86,220.4421768707483
2026-07-06T16:00:00+00:00,8821.86,8822.36,8816.36,8820.38,181.3293172690763
2026-07-06T16:30:00+00:00,8820.38,8822.87,8815.37,8815.88,153.89324120611616
2026-07-06T17:00:00+00:00,8815.88,8822.87,8812.87,8818.86,154
2026-07-06T17:30:00+00:00,8818.86,8818.87,8809.86,8812.37,185.84615384615384
2026-07-06T18:00:00+00:00,8812.37,8820.37,8812.36,8818.38,120.04265331429511
2026-07-06T18:30:00+00:00,8818.38,8822.38,8815.37,8820.37,133.6854646544877
2026-07-06T19:00:00+00:00,8820.37,8822.38,8814.37,8817.86,185.2555464256368
2026-07-06T19:30:00+00:00,8817.86,8824.38,8816.36,8820.88,241
2026-07-06T20:00:00+00:00,8820.88,8827.38,8820.36,8825.36,93
2026-07-06T20:30:00+00:00,8825.36,8831.67,8825.36,8831.67,45
2026-07-06T23:00:00+00:00,8813.41,8821.41,8812.41,8812.41,144.39190797983474
2026-07-06T23:30:00+00:00,8812.41,8819.41,8791.039999999999,8802.36,469.40885694634164
2026-07-07T00:00:00+00:00,8802.36,8813.24,8788.24,8790.26,1263
2026-07-07T00:30:00+00:00,8790.26,8793.26,8770.25,8781.76,624
2026-07-07T01:00:00+00:00,8781.76,8815.75,8780.74,8808.24,902
2026-07-07T01:30:00+00:00,8808.24,8828.26,8805.24,8814.75,587
2026-07-07T02:00:00+00:00,8814.75,8819.26,8803.26,8805.74,406
2026-07-07T02:30:00+00:00,8805.74,8806.24,8794.76,8795.24,371
2026-07-07T03:00:00+00:00,8795.24,8800.26,8778.25,8779.26,523
2026-07-07T03:30:00+00:00,8779.26,8792.26,8776.74,8788.26,513
2026-07-07T04:00:00+00:00,8788.26,8790.26,8777.24,8779.25,354
2026-07-07T04:30:00+00:00,8779.25,8783.26,8771.25,8773.76,297.17144177449165
2026-07-07T05:00:00+00:00,8773.76,8777.24,8767.24,8772.25,367
2026-07-07T05:30:00+00:00,8772.25,8789.24,8771.24,8786.76,706
2026-07-07T06:00:00+00:00,8786.76,8786.85,8773.84,8782.66,606
2026-07-07T07:00:00+00:00,8802.42,8817.11,8802.42,8814.62,146
2026-07-07T07:30:00+00:00,8814.62,8817.61,8811.1,8815.6,152.21086675291073
2026-07-07T08:00:00+00:00,8815.6,8833.11,8814.61,8826.1,290
2026-07-07T08:30:00+00:00,8826.1,8827.62,8816.62,8818.62,235
2026-07-07T09:00:00+00:00,8818.62,8823.62,8814.61,8820.6,186
2026-07-07T09:30:00+00:00,8820.6,8824.62,8816.62,8822.61,250
2026-07-07T10:00:00+00:00,8822.61,8829.62,8819.61,8822.1,219.38911128903123
2026-07-07T10:30:00+00:00,8822.1,8822.62,8815.61,8819.1,174
2026-07-07T11:00:00+00:00,8819.1,8820.62,8814.12,8816.61,205
2026-07-07T11:30:00+00:00,8816.61,8820.61,8810.61,8819.62,303
2026-07-07T12:00:00+00:00,8819.62,8832.62,8818.6,8831.12,314
2026-07-07T12:30:00+00:00,8831.12,8836.61,8827.12,8828.6,389
2026-07-07T13:00:00+00:00,8828.6,8833.6,8822.6,8833.6,264
2026-07-07T13:30:00+00:00,8833.6,8838.62,8804.1,8810.61,980
2026-07-07T14:00:00+00:00,8810.61,8815.6,8785.11,8794.61,1347
2026-07-07T14:30:00+00:00,8794.61,8795.61,8778.6,8788.61,1331
2026-07-07T15:00:00+00:00,8788.61,8791.62,8775.1,8781.62,716
2026-07-07T15:30:00+00:00,8781.62,8783.61,8774.6,8778.61,770.6226474278544
2026-07-07T16:00:00+00:00,8778.61,8796.61,8778.11,8792.6,424
2026-07-07T16:30:00+00:00,8792.6,8795.61,8789.12,8794.11,294
2026-07-07T17:00:00+00:00,8794.11,8797.6,8789.1,8794.62,342
2026-07-07T17:30:00+00:00,8794.62,8801.11,8794.6,8799.1,265
2026-07-07T18:00:00+00:00,8799.1,8800.1,8795.1,8796.61,240.24582104228122
2026-07-07T18:30:00+00:00,8796.61,8798.62,8782.61,8784.1,737
2026-07-07T19:00:00+00:00,8784.1,8785.12,8763.6,8772.12,1013
2026-07-07T19:30:00+00:00,8772.12,8779.62,8765.6,8773.62,1129
2026-07-07T20:00:00+00:00,8773.62,8773.62,8764.62,8771.1,143
2026-07-07T20:30:00+00:00,8771.1,8771.1,8760.9,8763.9,68
2026-07-07T23:00:00+00:00,8755.51,8770.51,8753.51,8764.51,347.5062516958608
2026-07-07T23:30:00+00:00,8764.51,8771.51,8723.5,8725.51,1225.924862426363
2026-07-08T00:00:00+00:00,8725.51,8733.42,8666.42,8676.91,2675
2026-07-08T00:30:00+00:00,8676.91,8707.91,8669.92,8703.41,1276
2026-07-08T01:00:00+00:00,8703.41,8704.92,8687.400000000001,8697.42,1195
2026-07-08T01:30:00+00:00,8697.42,8719.92,8685.900000000001,8718.400000000001,1090
2026-07-08T02:00:00+00:00,8718.400000000001,8718.400000000001,8688.91,8697.900000000001,981
2026-07-08T02:30:00+00:00,8697.900000000001,8719.91,8687.900000000001,8710.41,676
2026-07-08T03:00:00+00:00,8710.41,8742.92,8710.41,8741.400000000001,484
2026-07-08T03:30:00+00:00,8741.400000000001,8747.42,8729.900000000001,8729.92,437
2026-07-08T04:00:00+00:00,8729.92,8744.92,8727.900000000001,8744.92,503
2026-07-08T04:30:00+00:00,8744.92,8757.91,8743.92,8753.900000000001,553
2026-07-08T05:00:00+00:00,8753.900000000001,8762.91,8748.91,8757.91,594
2026-07-08T05:30:00+00:00,8757.91,8759.92,8749.900000000001,8757.92,547
2026-07-08T06:00:00+00:00,8757.92,8778.51,8752.5,8771.310000000001,1048
2026-07-08T07:00:00+00:00,8775.7,8775.7,8731.39,8739.91,603
2026-07-08T07:30:00+00:00,8739.91,8745.9,8737.91,8740.9,565
2026-07-08T08:00:00+00:00,8740.9,8747.41,8684.89,8686.4,3011
2026-07-08T08:30:00+00:00,8686.4,8687.41,8648.39,8648.91,2281
2026-07-08T09:00:00+00:00,8648.91,8651.41,8629.39,8647.9,1579
2026-07-08T09:30:00+00:00,8647.9,8660.89,8642.39,8643.4,1064
2026-07-08T10:00:00+00:00,8643.4,8661.91,8642.89,8657.89,973
2026-07-08T10:30:00+00:00,8657.89,8673.41,8655.39,8666.4,887
2026-07-08T11:00:00+00:00,8666.4,8667.91,8658.39,8663.89,612
2026-07-08T11:30:00+00:00,8663.89,8697.4,8660.89,8686.89,1726
2026-07-08T12:00:00+00:00,8686.89,8709.91,8680.9,8704.91,1032
2026-07-08T12:30:00+00:00,8704.91,8719.91,8702.89,8703.9,945
2026-07-08T13:00:00+00:00,8703.9,8713.9,8699.39,8700.39,1079
2026-07-08T13:30:00+00:00,8700.39,8730.41,8699.89,8723.4,1853
2026-07-08T14:00:00+00:00,8723.4,8726.91,8706.9,8716.9,1922
2026-07-08T14:30:00+00:00,8716.9,8718.91,8686.9,8693.89,1590
2026-07-08T15:00:00+00:00,8693.89,8694.41,8664.9,8673.41,1126
2026-07-08T15:30:00+00:00,8673.41,8684.91,8667.9,8678.91,1214
2026-07-08T16:00:00+00:00,8678.91,8702.41,8678.9,8699.4,912
2026-07-08T16:30:00+00:00,8699.4,8723.4,8695.39,8722.4,1321
2026-07-08T17:00:00+00:00,8722.4,8728.9,8716.89,8727.4,580
2026-07-08T17:30:00+00:00,8727.4,8729.91,8718.39,8720.9,349
2026-07-08T18:00:00+00:00,8720.9,8731.4,8717.4,8725.89,724
2026-07-08T18:30:00+00:00,8725.89,8730.9,8721.89,8728.9,417
2026-07-08T19:00:00+00:00,8728.9,8733.89,8727.89,8730.4,348
2026-07-08T19:30:00+00:00,8730.4,8739.91,8722.89,8731.9,742
2026-07-08T20:00:00+00:00,8731.9,8731.9,8723.41,8723.41,120.95667195730684
2026-07-08T20:30:00+00:00,8723.41,8726.41,8718.41,8725.69,114.72714870395635
2026-07-08T23:00:00+00:00,8723.31,8725.31,8705.31,8710.31,292.5221181624289
2026-07-08T23:30:00+00:00,8710.31,8733.31,8694.39,8699.4,994.7355172132629
2026-07-09T00:00:00+00:00,8699.4,8711.789999999999,8687.289999999999,8701.3,1327
2026-07-09T00:30:00+00:00,8701.3,8715.31,8687.789999999999,8710.789999999999,726
2026-07-09T01:00:00+00:00,8710.789999999999,8722.31,8701.3,8713.8,733
2026-07-09T01:30:00+00:00,8713.8,8725.81,8707.789999999999,8712.289999999999,767
2026-07-09T02:00:00+00:00,8712.289999999999,8734.31,8709.3,8729.81,845
2026-07-09T02:30:00+00:00,8729.81,8733.3,8704.289999999999,8704.789999999999,609
2026-07-09T03:00:00+00:00,8704.789999999999,8710.31,8700.3,8708.789999999999,646
2026-07-09T03:30:00+00:00,8708.789999999999,8728.3,8708.789999999999,8723.81,518
2026-07-09T04:00:00+00:00,8723.81,8735.3,8722.289999999999,8728.81,411
2026-07-09T04:30:00+00:00,8728.81,8737.31,8728.31,8730.789999999999,371
2026-07-09T05:00:00+00:00,8730.789999999999,8739.3,8724.289999999999,8729.789999999999,699
2026-07-09T05:30:00+00:00,8729.789999999999,8746.31,8726.289999999999,8746.289999999999,543
2026-07-09T06:00:00+00:00,8746.289999999999,8750.4,8738.9,8747.199999999999,623
2026-07-09T07:00:00+00:00,8760.71,8760.9,8751.4,8753.92,272
2026-07-09T07:30:00+00:00,8753.92,8763.41,8750.4,8755.41,431
2026-07-09T08:00:00+00:00,8755.41,8760.42,8749.92,8757.41,504
2026-07-09T08:30:00+00:00,8757.41,8760.91,8738.4,8742.41,441
2026-07-09T09:00:00+00:00,8742.41,8744.42,8735.4,8736.42,444
2026-07-09T09:30:00+00:00,8736.42,8736.42,8720.41,8729.4,535
2026-07-09T10:00:00+00:00,8729.4,8733.92,8725.92,8728.42,405
2026-07-09T10:30:00+00:00,8728.42,8729.42,8712.4,8722.4,691
2026-07-09T11:00:00+00:00,8722.4,8727.92,8714.92,8716.91,478
2026-07-09T11:30:00+00:00,8716.91,8733.91,8715.42,8729.9,620
2026-07-09T12:00:00+00:00,8729.9,8735.42,8726.92,8734.41,483.9422792303898
2026-07-09T12:30:00+00:00,8734.41,8746.41,8732.92,8735.92,472
2026-07-09T13:00:00+00:00,8735.92,8754.92,8735.92,8753.9,467
2026-07-09T13:30:00+00:00,8753.9,8765.9,8748.91,8755.42,876
2026-07-09T14:00:00+00:00,8755.42,8762.42,8747.9,8759.42,1088
2026-07-09T14:30:00+00:00,8759.42,8771.91,8756.42,8771.4,960
2026-07-09T15:00:00+00:00,8771.4,8775.92,8762.4,8768.92,349
2026-07-09T15:30:00+00:00,8768.92,8769.41,8761.41,8764.9,437
2026-07-09T16:00:00+00:00,8764.9,8772.4,8764.9,8768.41,208
2026-07-09T16:30:00+00:00,8768.41,8770.92,8766.4,8767.91,174.1485510638796
2026-07-09T17:00:00+00:00,8767.91,8774.42,8767.91,8774.42,141.96385542168673
2026-07-09T17:30:00+00:00,8774.42,8777.42,8772.4,8774.92,135
2026-07-09T18:00:00+00:00,8774.92,8775.42,8768.4,8769.41,251
2026-07-09T18:30:00+00:00,8769.41,8771.42,8767.92,8769.42,195.01445244825385
2026-07-09T19:00:00+00:00,8769.42,8770.42,8762.9,8763.42,152
2026-07-09T19:30:00+00:00,8763.42,8766.92,8758.4,8764.4,301.8196721311475
2026-07-09T20:00:00+00:00,8764.4,8766.42,8761.4,8762.41,105.8028946361887
2026-07-09T20:30:00+00:00,8762.41,8766.22,8759.4,8766.2,93.24662974424365
2026-07-09T23:00:00+00:00,8758.01,8767.01,8754.01,8758.01,189.85766645652225
2026-07-09T23:30:00+00:00,8758.01,8767.01,8740.119999999999,8748.13,468.7560684131672
2026-07-10T00:00:00+00:00,8748.13,8753.029999999999,8737.019999999999,8745.019999999999,1292
2026-07-10T00:30:00+00:00,8745.019999999999,8761.039999999999,8737.519999999999,8758.519999999999,465
2026-07-10T01:00:00+00:00,8758.519999999999,8774.539999999999,8758.519999999999,8773.539999999999,376
2026-07-10T01:30:00+00:00,8773.539999999999,8796.039999999999,8771.529999999999,8794.019999999999,280
2026-07-10T02:00:00+00:00,8794.019999999999,8809.539999999999,8793.519999999999,8801.039999999999,193
2026-07-10T02:30:00+00:00,8801.039999999999,8812.039999999999,8800.519999999999,8810.019999999999,178.0997200839748
2026-07-10T03:00:00+00:00,8810.019999999999,8810.019999999999,8794.519999999999,8797.519999999999,174.0852390852391
2026-07-10T03:30:00+00:00,8797.519999999999,8801.529999999999,8794.019999999999,8796.529999999999,171
2026-07-10T04:00:00+00:00,8796.529999999999,8797.039999999999,8784.029999999999,8784.029999999999,160
2026-07-10T04:30:00+00:00,8784.029999999999,8787.039999999999,8777.019999999999,8778.529999999999,201.29650092081033
2026-07-10T05:00:00+00:00,8778.529999999999,8784.039999999999,8776.039999999999,8778.539999999999,248.0151515151515
2026-07-10T05:30:00+00:00,8778.539999999999,8785.039999999999,8776.019999999999,8784.019999999999,206.8443553774215
2026-07-10T06:00:00+00:00,8784.019999999999,8794.14,8780.63,8783.43,513
2026-07-10T07:00:00+00:00,8795.12,8803.33,8788.63,8801.33,327
2026-07-10T07:30:00+00:00,8801.33,8806.83,8796.32,8801.32,336
2026-07-10T08:00:00+00:00,8801.32,8809.83,8797.33,8798.32,570
2026-07-10T08:30:00+00:00,8798.32,8798.32,8791.32,8796.82,343
2026-07-10T09:00:00+00:00,8796.82,8810.31,8794.32,8805.33,367
2026-07-10T09:30:00+00:00,8805.33,8812.83,8803.31,8810.32,251.07890547910262
2026-07-10T10:00:00+00:00,8810.32,8817.33,8810.31,8816.82,221
2026-07-10T10:30:00+00:00,8816.82,8819.33,8813.31,8817.33,170
2026-07-10T11:00:00+00:00,8817.33,8820.33,8811.31,8811.31,283
2026-07-10T11:30:00+00:00,8811.31,8812.83,8803.33,8805.82,392
2026-07-10T12:00:00+00:00,8805.82,8824.83,8798.82,8813.81,903
2026-07-10T12:30:00+00:00,8813.81,8817.33,8808.31,8816.32,417
2026-07-10T13:00:00+00:00,8816.32,8818.83,8812.31,8812.33,268.7063870055513
2026-07-10T13:30:00+00:00,8812.33,8828.83,8809.31,8817.33,808
2026-07-10T14:00:00+00:00,8817.33,8825.33,8816.31,8820.33,539
2026-07-10T14:30:00+00:00,8820.33,8823.33,8782.81,8808.31,2112
2026-07-10T15:00:00+00:00,8808.31,8825.33,8806.32,8824.32,777
2026-07-10T15:30:00+00:00,8824.32,8832.33,8821.31,8832.33,655.2308552263835
2026-07-10T16:00:00+00:00,8832.33,8834.33,8826.31,8826.33,343
2026-07-10T16:30:00+00:00,8826.33,8834.82,8823.31,8834.31,197
2026-07-10T17:00:00+00:00,8834.31,8835.33,8830.31,8833.31,196
2026-07-10T17:30:00+00:00,8833.31,8836.33,8831.33,8832.33,241.55889636392283
2026-07-10T18:00:00+00:00,8832.33,8834.32,8827.31,8830.83,209
2026-07-10T18:30:00+00:00,8830.83,8834.31,8829.32,8830.31,196.37254901960785
2026-07-10T19:00:00+00:00,8830.31,8834.82,8829.83,8831.33,193.30655310783698
2026-07-10T19:30:00+00:00,8831.33,8831.33,8825.81,8828.32,163
2026-07-10T20:00:00+00:00,8828.32,8832.32,8827.31,8831.31,93.20504765741563
2026-07-10T20:30:00+00:00,8831.31,8831.83,8828.81,8829.83,32.32411628020531
2026-07-12T23:30:00+00:00,8830.83,8830.83,8799.63,8805.64,295
2026-07-13T00:00:00+00:00,8805.64,8828.54,8799.02,8802.54,1429
2026-07-13T00:30:00+00:00,8802.54,8805.54,8785.53,8798.02,825
2026-07-13T01:00:00+00:00,8798.02,8803.54,8785.53,8788.03,932
2026-07-13T01:30:00+00:00,8788.03,8791.54,8777.52,8784.04,916
2026-07-13T02:00:00+00:00,8784.04,8787.54,8774.02,8784.52,624
2026-07-13T02:30:00+00:00,8784.52,8784.53,8775.02,8775.02,382
2026-07-13T03:00:00+00:00,8775.02,8783.54,8771.52,8782.53,364.0665380906461
2026-07-13T03:30:00+00:00,8782.53,8792.54,8781.53,8792.02,536
2026-07-13T04:00:00+00:00,8792.02,8797.66,8787.66,8796.67,427
2026-07-13T04:30:00+00:00,8796.67,8798.68,8792.66,8797.67,214
2026-07-13T05:00:00+00:00,8797.67,8812.67,8795.67,8797.16,631
2026-07-13T05:30:00+00:00,8797.16,8806.68,8791.66,8805.68,1079
2026-07-13T06:00:00+00:00,8805.68,8813.27,8800.26,8809.06,749
2026-07-13T07:00:00+00:00,8810.06,8828.76,8810.06,8822.27,400
2026-07-13T07:30:00+00:00,8822.27,8832.78,8818.76,8832.27,456
2026-07-13T08:00:00+00:00,8832.27,8853.28,8832.27,8849.27,705
2026-07-13T08:30:00+00:00,8849.27,8860.28,8849.26,8860.28,303
2026-07-13T09:00:00+00:00,8860.28,8860.28,8850.76,8853.78,296
2026-07-13T09:30:00+00:00,8853.78,8855.78,8850.27,8851.27,302
2026-07-13T10:00:00+00:00,8851.27,8852.28,8836.26,8836.28,305
2026-07-13T10:30:00+00:00,8836.28,8840.78,8834.26,8839.26,304
2026-07-13T11:00:00+00:00,8839.26,8845.27,8830.77,8840.26,505
2026-07-13T11:30:00+00:00,8840.26,8845.27,8830.26,8831.26,392
2026-07-13T12:00:00+00:00,8831.26,8832.78,8820.28,8824.77,694
2026-07-13T12:30:00+00:00,8824.77,8836.78,8819.27,8836.26,458
2026-07-13T13:00:00+00:00,8836.26,8838.27,8828.26,8833.26,455
2026-07-13T13:30:00+00:00,8833.26,8850.28,8832.77,8846.26,1562
2026-07-13T14:00:00+00:00,8846.26,8848.28,8800.27,8826.26,2312
2026-07-13T14:30:00+00:00,8826.26,8831.28,8815.76,8831.28,1065
2026-07-13T15:00:00+00:00,8831.28,8834.28,8816.78,8820.78,885
2026-07-13T15:30:00+00:00,8820.78,8826.78,8819.78,8822.78,661
2026-07-13T16:00:00+00:00,8822.78,8825.28,8807.26,8811.26,535
2026-07-13T16:30:00+00:00,8811.26,8818.28,8798.76,8813.76,1247
2026-07-13T17:00:00+00:00,8813.76,8821.28,8811.26,8811.78,604
2026-07-13T17:30:00+00:00,8811.78,8816.26,8804.76,8804.76,747
2026-07-13T18:00:00+00:00,8804.76,8809.28,8793.77,8795.76,811
2026-07-13T18:30:00+00:00,8795.76,8805.28,8794.27,8802.76,637
2026-07-13T19:00:00+00:00,8802.76,8806.78,8795.77,8797.26,563
2026-07-13T19:30:00+00:00,8797.26,8807.26,8796.77,8806.28,627
2026-07-13T20:00:00+00:00,8806.28,8808.26,8795.28,8800.27,237
2026-07-13T20:30:00+00:00,8800.27,8808.08,8798.26,8808.08,86
2026-07-13T23:00:00+00:00,8783.61,8785.61,8773.61,8774.61,614.5370619899369
2026-07-13T23:30:00+00:00,8774.61,8776.24,8740.92,8754.43,1210.405842114778
2026-07-14T00:00:00+00:00,8754.43,8759.320000000002,8722.320000000002,8725.84,2678
2026-07-14T00:30:00+00:00,8725.84,8729.34,8707.320000000002,8725.34,1861
2026-07-14T01:00:00+00:00,8725.34,8735.34,8717.34,8724.320000000002,1340
2026-07-14T01:30:00+00:00,8724.320000000002,8734.33,8716.320000000002,8725.84,1154
2026-07-14T02:00:00+00:00,8725.84,8737.84,8712.320000000002,8715.33,856
2026-07-14T02:30:00+00:00,8715.33,8727.34,8710.320000000002,8721.84,1015
2026-07-14T03:00:00+00:00,8721.84,8723.34,8708.34,8714.34,709
2026-07-14T03:30:00+00:00,8714.34,8721.820000000002,8711.33,8719.320000000002,764
2026-07-14T04:00:00+00:00,8719.320000000002,8732.320000000002,8713.84,8728.84,652
2026-07-14T04:30:00+00:00,8728.84,8747.84,8727.33,8745.820000000002,456
2026-07-14T05:00:00+00:00,8745.820000000002,8758.34,8743.84,8758.320000000002,459
2026-07-14T05:30:00+00:00,8758.320000000002,8764.34,8750.34,8751.820000000002,359
2026-07-14T06:00:00+00:00,8751.820000000002,8757.94,8745.92,8749.230000000001,523
2026-07-14T07:00:00+00:00,8795.2,8801.41,8782.91,8786.89,437
2026-07-14T07:30:00+00:00,8786.89,8787.4,8766.4,8780.89,1145
2026-07-14T08:00:00+00:00,8780.89,8784.4,8767.89,8774.4,1283
2026-07-14T08:30:00+00:00,8774.4,8775.91,8762.89,8764.39,799
2026-07-14T09:00:00+00:00,8764.39,8777.9,8760.89,8771.9,803
2026-07-14T09:30:00+00:00,8771.9,8779.91,8768.91,8774.9,499
2026-07-14T10:00:00+00:00,8774.9,8783.91,8774.89,8783.4,419
2026-07-14T10:30:00+00:00,8783.4,8792.41,8778.39,8786.91,682
2026-07-14T11:00:00+00:00,8786.91,8794.4,8779.89,8791.39,1200
2026-07-14T11:30:00+00:00,8791.39,8794.91,8787.89,8790.9,543
2026-07-14T12:00:00+00:00,8790.9,8794.91,8780.89,8793.39,530
2026-07-14T12:30:00+00:00,8793.39,8869.21,8793.39,8821.9,1849
2026-07-14T13:00:00+00:00,8821.9,8831.91,8819.9,8826.89,1158
2026-07-14T13:30:00+00:00,8826.89,8857.89,8823.89,8854.9,1812
2026-07-14T14:00:00+00:00,8854.9,8860.9,8840.9,8860.41,2077
2026-07-14T14:30:00+00:00,8860.41,8879.91,8851.89,8864.41,1680
2026-07-14T15:00:00+00:00,8864.41,8875.89,8852.89,8866.41,1514
2026-07-14T15:30:00+00:00,8866.41,8868.9,8843.39,8846.9,1121
2026-07-14T16:00:00+00:00,8846.9,8853.91,8841.89,8851.89,844
2026-07-14T16:30:00+00:00,8851.89,8854.89,8841.89,8850.4,280
2026-07-14T17:00:00+00:00,8850.4,8850.91,8842.39,8848.39,318
2026-07-14T17:30:00+00:00,8848.39,8848.91,8840.91,8844.39,172.99579671379442
2026-07-14T18:00:00+00:00,8844.39,8850.89,8842.89,8849.9,214
2026-07-14T18:30:00+00:00,8849.9,8850.41,8839.4,8843.91,334.94983277591973
2026-07-14T19:00:00+00:00,8843.91,8845.89,8839.89,8841.89,183.7092352092352
2026-07-14T19:30:00+00:00,8841.89,8850.91,8836.39,8847.39,461
2026-07-14T20:00:00+00:00,8847.39,8847.4,8840.39,8840.4,93.9344909234412
2026-07-14T20:30:00+00:00,8840.4,8847.39,8837.89,8843.19,65
2026-07-14T23:00:00+00:00,8836.71,8854.71,8836.71,8853.71,213.37228952936255
2026-07-14T23:30:00+00:00,8853.71,8872.699999999999,8849.71,8868.699999999999,713.5921434710681
2026-07-15T00:00:00+00:00,8868.699999999999,8886.609999999999,8865.599999999999,8866.099999999999,1237
2026-07-15T00:30:00+00:00,8866.099999999999,8872.609999999999,8852.599999999999,8855.599999999999,661
2026-07-15T01:00:00+00:00,8855.599999999999,8859.109999999999,8843.589999999998,8852.109999999999,623
2026-07-15T01:30:00+00:00,8852.109999999999,8852.609999999999,8840.609999999999,8848.589999999998,583
2026-07-15T02:00:00+00:00,8848.589999999998,8853.109999999999,8845.589999999998,8851.599999999999,378
2026-07-15T02:30:00+00:00,8851.599999999999,8856.609999999999,8840.609999999999,8840.609999999999,315
2026-07-15T03:00:00+00:00,8840.609999999999,8842.599999999999,8836.589999999998,8841.609999999999,271
2026-07-15T03:30:00+00:00,8841.609999999999,8848.609999999999,8839.599999999999,8844.589999999998,249
2026-07-15T04:00:00+00:00,8844.589999999998,8847.609999999999,8835.589999999998,8836.109999999999,241.0922920892495
2026-07-15T04:30:00+00:00,8836.109999999999,8843.099999999999,8834.589999999998,8842.589999999998,230
2026-07-15T05:00:00+00:00,8842.589999999998,8845.089999999998,8836.589999999998,8838.589999999998,627
2026-07-15T05:30:00+00:00,8838.589999999998,8842.609999999999,8835.599999999999,8841.589999999998,454
2026-07-15T06:00:00+00:00,8841.589999999998,8845.689999999999,8837.689999999999,8844.989999999998,561
2026-07-15T07:00:00+00:00,8834.47,8834.47,8798.97,8804.19,449
2026-07-15T07:30:00+00:00,8804.19,8816.18,8800.68,8811.67,512
2026-07-15T08:00:00+00:00,8811.67,8819.69,8804.68,8818.67,576
2026-07-15T08:30:00+00:00,8818.67,8825.69,8815.67,8823.19,391
2026-07-15T09:00:00+00:00,8823.19,8829.69,8821.67,8824.68,338
2026-07-15T09:30:00+00:00,8824.68,8825.69,8814.18,8815.18,271
2026-07-15T10:00:00+00:00,8815.18,8817.69,8806.18,8807.69,431
2026-07-15T10:30:00+00:00,8807.69,8817.17,8807.67,8813.18,372
2026-07-15T11:00:00+00:00,8813.18,8815.69,8805.67,8807.17,311
2026-07-15T11:30:00+00:00,8807.17,8813.17,8805.67,8809.19,328
2026-07-15T12:00:00+00:00,8809.19,8810.69,8799.67,8810.17,408
2026-07-15T12:30:00+00:00,8810.17,8833.68,8810.17,8829.67,810
2026-07-15T13:00:00+00:00,8829.67,8838.18,8824.19,8830.19,473
2026-07-15T13:30:00+00:00,8830.19,8854.18,8825.67,8846.17,1297
2026-07-15T14:00:00+00:00,8846.17,8854.68,8843.67,8851.69,1046
2026-07-15T14:30:00+00:00,8851.69,8855.69,8836.68,8848.69,1102
2026-07-15T15:00:00+00:00,8848.69,8851.68,8833.18,8841.68,1002
2026-07-15T15:30:00+00:00,8841.68,8846.69,8835.67,8835.67,782
2026-07-15T16:00:00+00:00,8835.67,8837.69,8813.17,8816.68,703
2026-07-15T16:30:00+00:00,8816.68,8829.68,8810.68,8823.68,777
2026-07-15T17:00:00+00:00,8823.68,8838.18,8823.19,8838.18,269
2026-07-15T17:30:00+00:00,8838.18,8849.19,8836.68,8848.69,359
2026-07-15T18:00:00+00:00,8848.69,8851.67,8846.68,8850.69,229
2026-07-15T18:30:00+00:00,8850.69,8854.69,8841.68,8842.67,296
2026-07-15T19:00:00+00:00,8842.67,8850.19,8841.67,8846.68,303
2026-07-15T19:30:00+00:00,8846.68,8850.19,8840.67,8849.69,503
2026-07-15T20:00:00+00:00,8849.69,8849.69,8844.17,8847.66,127.47137099353849
2026-07-15T20:30:00+00:00,8847.66,8849.16,8829.47,8829.47,77.06137315924394
2026-07-15T23:00:00+00:00,8843.81,8851.81,8838.81,8851.81,189.74720706198514
2026-07-15T23:30:00+00:00,8851.81,8863.3,8836.81,8861.289999999999,617.0845973102587
2026-07-16T00:00:00+00:00,8861.289999999999,8871.18,8844.19,8864.68,1269
2026-07-16T00:30:00+00:00,8864.68,8870.199999999999,8850.18,8850.199999999999,622
2026-07-16T01:00:00+00:00,8850.199999999999,8851.699999999999,8831.18,8835.69,819
2026-07-16T01:30:00+00:00,8835.69,8842.19,8826.18,8827.199999999999,604
2026-07-16T02:00:00+00:00,8827.199999999999,8834.699999999999,8819.69,8834.68,479
2026-07-16T02:30:00+00:00,8834.68,8836.699999999999,8822.18,8828.69,467
2026-07-16T03:00:00+00:00,8828.69,8836.19,8827.68,8832.18,315
2026-07-16T03:30:00+00:00,8832.18,8838.69,8828.68,8835.19,488
2026-07-16T04:00:00+00:00,8835.19,8839.19,8829.18,8829.199999999999,367
2026-07-16T04:30:00+00:00,8829.199999999999,8837.69,8827.68,8836.18,286
2026-07-16T05:00:00+00:00,8836.18,8856.19,8836.18,8853.68,433
2026-07-16T05:30:00+00:00,8853.68,8857.18,8844.68,8847.68,651
2026-07-16T06:00:00+00:00,8847.68,8847.8,8837.779999999999,8844.08,760
2026-07-16T07:00:00+00:00,8828.76,8828.76,8813.48,8818.46,521.4288518155054
2026-07-16T07:30:00+00:00,8818.46,8820.48,8805.97,8809.96,400
2026-07-16T08:00:00+00:00,8809.96,8812.48,8798.46,8812.46,666
2026-07-16T08:30:00+00:00,8812.46,8818.96,8811.46,8813.96,533
2026-07-16T09:00:00+00:00,8813.96,8819.98,8810.97,8812.97,412
2026-07-16T09:30:00+00:00,8812.97,8815.48,8803.47,8805.46,374
2026-07-16T10:00:00+00:00,8805.46,8808.96,8797.46,8801.98,406
2026-07-16T10:30:00+00:00,8801.98,8805.48,8799.46,8802.98,367
2026-07-16T11:00:00+00:00,8802.98,8802.98,8792.46,8796.98,544
2026-07-16T11:30:00+00:00,8796.98,8798.98,8778.47,8796.47,840
2026-07-16T12:00:00+00:00,8796.47,8797.48,8778.46,8784.46,769
2026-07-16T12:30:00+00:00,8784.46,8784.98,8765.96,8770.98,860
2026-07-16T13:00:00+00:00,8770.98,8783.48,8767.47,8782.47,676
2026-07-16T13:30:00+00:00,8782.47,8797.47,8773.46,8789.46,2037
2026-07-16T14:00:00+00:00,8789.46,8807.48,8788.46,8805.46,1227
2026-07-16T14:30:00+00:00,8805.46,8812.46,8800.96,8811.46,994
2026-07-16T15:00:00+00:00,8811.46,8827.98,8808.47,8826.48,641
2026-07-16T15:30:00+00:00,8826.48,8834.48,8815.47,8817.46,858
2026-07-16T16:00:00+00:00,8817.46,8819.48,8804.48,8813.97,931
2026-07-16T16:30:00+00:00,8813.97,8819.48,8809.46,8817.97,667
2026-07-16T17:00:00+00:00,8817.97,8818.48,8812.46,8816.48,802
2026-07-16T17:30:00+00:00,8816.48,8817.98,8808.48,8811.48,597
2026-07-16T18:00:00+00:00,8811.48,8815.48,8805.46,8811.97,645
2026-07-16T18:30:00+00:00,8811.97,8811.97,8803.46,8804.46,614
2026-07-16T19:00:00+00:00,8804.46,8809.48,8800.46,8803.46,456
2026-07-16T19:30:00+00:00,8803.46,8813.48,8797.96,8812.98,691
2026-07-16T20:00:00+00:00,8812.98,8815.48,8810.46,8812.48,251.1332254584682
2026-07-16T20:30:00+00:00,8812.48,8815.48,8807.78,8813.77,124.37703842152986
2026-07-16T23:00:00+00:00,8806.91,8809.91,8797.91,8804.91,467.7560675650616
2026-07-16T23:30:00+00:00,8804.91,8811.91,8781.269999999999,8792.269999999999,1032.559894832922
2026-07-17T00:00:00+00:00,8792.269999999999,8797.179999999998,8763.679999999998,8764.679999999998,1249
2026-07-17T00:30:00+00:00,8764.679999999998,8768.659999999998,8748.669999999998,8758.659999999998,657
2026-07-17T01:00:00+00:00,8758.659999999998,8761.679999999998,8746.159999999998,8755.669999999998,747
2026-07-17T01:30:00+00:00,8755.669999999998,8757.179999999998,8736.659999999998,8738.159999999998,658
2026-07-17T02:00:00+00:00,8738.159999999998,8749.179999999998,8730.659999999998,8741.169999999998,539
2026-07-17T02:30:00+00:00,8741.169999999998,8764.179999999998,8735.159999999998,8764.179999999998,471
2026-07-17T03:00:00+00:00,8764.179999999998,8779.679999999998,8762.669999999998,8773.179999999998,453
2026-07-17T03:30:00+00:00,8773.179999999998,8773.669999999998,8750.179999999998,8751.159999999998,503
2026-07-17T04:00:00+00:00,8751.159999999998,8755.179999999998,8737.659999999998,8740.179999999998,631
2026-07-17T04:30:00+00:00,8740.179999999998,8749.159999999998,8732.659999999998,8746.179999999998,705
2026-07-17T05:00:00+00:00,8746.179999999998,8746.179999999998,8737.159999999998,8741.659999999998,602
2026-07-17T05:30:00+00:00,8741.659999999998,8761.679999999998,8741.659999999998,8758.159999999998,701
2026-07-17T06:00:00+00:00,8758.159999999998,8774.279999999999,8756.259999999998,8770.069999999998,924
2026-07-17T07:00:00+00:00,8790.3,8793.51,8773.79,8792.5,388
2026-07-17T07:30:00+00:00,8792.5,8799.51,8790.49,8794,621
2026-07-17T08:00:00+00:00,8794,8805.99,8779,8785.5,1009
2026-07-17T08:30:00+00:00,8785.5,8788.99,8773,8782,866
2026-07-17T09:00:00+00:00,8782,8791.49,8776.01,8790.49,561
2026-07-17T09:30:00+00:00,8790.49,8791.99,8782.51,8791.51,636
2026-07-17T10:00:00+00:00,8791.51,8799.99,8790.51,8797.99,540
2026-07-17T10:30:00+00:00,8797.99,8805.51,8794.99,8796.99,352
2026-07-17T11:00:00+00:00,8796.99,8802.01,8790.49,8795.5,397
2026-07-17T11:30:00+00:00,8795.5,8805.51,8792.99,8803.01,363
2026-07-17T12:00:00+00:00,8803.01,8804.51,8794.99,8798.01,482
2026-07-17T12:30:00+00:00,8798.01,8802.51,8794,8796.5,574
2026-07-17T13:00:00+00:00,8796.5,8796.5,8776,8780.99,757
2026-07-17T13:30:00+00:00,8780.99,8823.01,8770.01,8822,1995
2026-07-17T14:00:00+00:00,8822,8825.51,8812,8817.5,1246
2026-07-17T14:30:00+00:00,8817.5,8820.01,8808.99,8815,1082
2026-07-17T15:00:00+00:00,8815,8826.51,8807.5,8825.49,1279
2026-07-17T15:30:00+00:00,8825.49,8843.51,8820.49,8843.51,1124
2026-07-17T16:00:00+00:00,8843.51,8843.51,8827.99,8832.51,992
2026-07-17T16:30:00+00:00,8832.51,8840.5,8826.99,8834.49,543
2026-07-17T17:00:00+00:00,8834.49,8844.51,8834.01,8844.49,335
2026-07-17T17:30:00+00:00,8844.49,8844.5,8830.49,8832.49,408
2026-07-17T18:00:00+00:00,8832.49,8834.49,8819.99,8822.49,585
2026-07-17T18:30:00+00:00,8822.49,8827.01,8811.51,8819.5,578
2026-07-17T19:00:00+00:00,8819.5,8820.5,8806.49,8813.01,545
2026-07-17T19:30:00+00:00,8813.01,8844.51,8811.49,8837.01,1017
2026-07-17T20:00:00+00:00,8837.01,8837.01,8828,8833.01,202.84256321480876
2026-07-17T20:30:00+00:00,8833.01,8837.01,8832.49,8836.51,43
2026-07-19T23:30:00+00:00,8831.77,8838.78,8828.27,8831.77,257
2026-07-20T00:00:00+00:00,8831.77,8839.66,8810.17,8811.66,1532
2026-07-20T00:30:00+00:00,8811.66,8823.18,8802.66,8820.18,863
2026-07-20T01:00:00+00:00,8820.18,8827.16,8801.16,8801.16,1060
2026-07-20T01:30:00+00:00,8801.16,8808.18,8793.16,8799.18,1126
2026-07-20T02:00:00+00:00,8799.18,8809.18,8792.17,8793.66,782
2026-07-20T02:30:00+00:00,8793.66,8820.17,8793.17,8814.17,600
2026-07-20T03:00:00+00:00,8814.17,8817.18,8806.16,8814.16,456
2026-07-20T03:30:00+00:00,8814.16,8818.67,8812.17,8814.67,395
2026-07-20T04:00:00+00:00,8814.67,8818.18,8802.67,8806.67,317
2026-07-20T04:30:00+00:00,8806.67,8821.17,8806.17,8813.68,445
2026-07-20T05:00:00+00:00,8813.68,8816.67,8805.16,8808.16,541
2026-07-20T05:30:00+00:00,8808.16,8809.18,8797.18,8799.17,474
2026-07-20T06:00:00+00:00,8799.17,8799.17,8780.26,8789.57,863
2026-07-20T07:00:00+00:00,8789.57,8807.76,8789.27,8806.76,345
2026-07-20T07:30:00+00:00,8806.76,8827.78,8806.76,8816.76,785
2026-07-20T08:00:00+00:00,8816.76,8827.26,8816.27,8824.76,686
2026-07-20T08:30:00+00:00,8824.76,8825.78,8819.76,8823.28,409
2026-07-20T09:00:00+00:00,8823.28,8824.28,8814.76,8818.76,368
2026-07-20T09:30:00+00:00,8818.76,8824.78,8816.77,8819.27,364
2026-07-20T10:00:00+00:00,8819.27,8820.28,8808.76,8810.78,302.83616118769885
2026-07-20T10:30:00+00:00,8810.78,8810.78,8799.27,8809.27,409
2026-07-20T11:00:00+00:00,8809.27,8814.78,8808.26,8809.76,402
2026-07-20T11:30:00+00:00,8809.76,8834.77,8808.77,8824.76,1887
2026-07-20T12:00:00+00:00,8824.76,8825.28,8799.77,8807.27,1264
2026-07-20T12:30:00+00:00,8807.27,8811.76,8792.76,8797.27,604
2026-07-20T13:00:00+00:00,8797.27,8798.78,8791.77,8798.77,603
2026-07-20T13:30:00+00:00,8798.77,8809.28,8777.26,8777.78,1312
2026-07-20T14:00:00+00:00,8777.78,8780.77,8764.76,8772.78,1440
2026-07-20T14:30:00+00:00,8772.78,8781.77,8766.76,8771.78,1012
2026-07-20T15:00:00+00:00,8771.78,8787.78,8764.26,8787.26,1096
2026-07-20T15:30:00+00:00,8787.26,8788.28,8776.76,8784.78,687
2026-07-20T16:00:00+00:00,8784.78,8787.26,8778.76,8780.28,431
2026-07-20T16:30:00+00:00,8780.28,8781.77,8763.27,8767.26,894
2026-07-20T17:00:00+00:00,8767.26,8770.27,8761.77,8766.26,424
2026-07-20T17:30:00+00:00,8766.26,8770.77,8761.76,8766.78,353
2026-07-20T18:00:00+00:00,8766.78,8772.77,8762.28,8762.76,470
2026-07-20T18:30:00+00:00,8762.76,8762.76,8750.76,8752.76,873
2026-07-20T19:00:00+00:00,8752.76,8756.28,8742.26,8756.28,729
2026-07-20T19:30:00+00:00,8756.28,8764.77,8753.27,8756.28,819
2026-07-20T20:00:00+00:00,8756.28,8759.78,8750.26,8751.77,182
2026-07-20T20:30:00+00:00,8751.77,8755.78,8750.76,8755.56,89
2026-07-20T23:00:00+00:00,8734.21,8764.21,8732.21,8761.21,364.8534100662368
2026-07-20T23:30:00+00:00,8761.21,8764.21,8740.82,8752.82,885.7984074495793
2026-07-21T00:00:00+00:00,8752.82,8752.82,8728.199999999999,8739.22,1712
2026-07-21T00:30:00+00:00,8739.22,8769.71,8738.22,8749.22,837
2026-07-21T01:00:00+00:00,8749.22,8772.71,8741.72,8753.199999999999,893
2026-07-21T01:30:00+00:00,8753.199999999999,8765.72,8753.199999999999,8756.199999999999,530
2026-07-21T02:00:00+00:00,8756.199999999999,8768.199999999999,8747.71,8764.699999999999,459
2026-07-21T02:30:00+00:00,8764.699999999999,8779.72,8763.699999999999,8779.72,477
2026-07-21T03:00:00+00:00,8779.72,8790.22,8776.699999999999,8786.699999999999,351
2026-07-21T03:30:00+00:00,8786.699999999999,8800.22,8783.699999999999,8799.72,287.5386465132257
2026-07-21T04:00:00+00:00,8799.72,8802.21,8792.699999999999,8793.72,188
2026-07-21T04:30:00+00:00,8793.72,8794.21,8782.21,8782.22,159.9917355371901
2026-07-21T05:00:00+00:00,8782.22,8782.22,8769.21,8779.699999999999,270.1906005221932
2026-07-21T05:30:00+00:00,8779.699999999999,8783.72,8773.699999999999,8780.22,305
2026-07-21T06:00:00+00:00,8780.22,8785.32,8775.3,8778.609999999999,493
2026-07-21T07:00:00+00:00,8779.96,8781.17,8768.67,8771.66,466
2026-07-21T07:30:00+00:00,8771.66,8787.17,8766.65,8785.66,618
2026-07-21T08:00:00+00:00,8785.66,8791.67,8784.15,8788.15,656
2026-07-21T08:30:00+00:00,8788.15,8790.67,8783.16,8785.17,383
2026-07-21T09:00:00+00:00,8785.17,8795.17,8784.65,8785.15,386
2026-07-21T09:30:00+00:00,8785.15,8787.65,8779.66,8780.67,343
2026-07-21T10:00:00+00:00,8780.67,8789.65,8775.66,8779.66,603
2026-07-21T10:30:00+00:00,8779.66,8784.67,8769.66,8770.65,445.7977900552486
2026-07-21T11:00:00+00:00,8770.65,8772.17,8762.16,8770.66,417
2026-07-21T11:30:00+00:00,8770.66,8774.65,8761.65,8763.65,356
2026-07-21T12:00:00+00:00,8763.65,8767.67,8752.65,8753.17,607
2026-07-21T12:30:00+00:00,8753.17,8758.67,8742.65,8753.66,689
2026-07-21T13:00:00+00:00,8753.66,8754.66,8747.65,8752.66,519
2026-07-21T13:30:00+00:00,8752.66,8760.67,8723.67,8745.16,1784
2026-07-21T14:00:00+00:00,8745.16,8776.66,8745.16,8774.65,1059
2026-07-21T14:30:00+00:00,8774.65,8779.65,8767.15,8768.66,812
2026-07-21T15:00:00+00:00,8768.66,8782.15,8763.15,8776.66,602
2026-07-21T15:30:00+00:00,8776.66,8779.15,8771.15,8773.65,590
2026-07-21T16:00:00+00:00,8773.65,8790.16,8773.65,8788.17,303
2026-07-21T16:30:00+00:00,8788.17,8797.67,8788.15,8795.65,253.45063204646397
2026-07-21T17:00:00+00:00,8795.65,8796.66,8787.65,8788.67,211.60152671755725
2026-07-21T17:30:00+00:00,8788.67,8792.17,8788.15,8792.15,151.22300981461285
2026-07-21T18:00:00+00:00,8792.15,8794.65,8790.15,8793.65,221
2026-07-21T18:30:00+00:00,8793.65,8796.67,8792.17,8795.65,135
2026-07-21T19:00:00+00:00,8795.65,8798.17,8793.15,8794.67,185.79921645445643
2026-07-21T19:30:00+00:00,8794.67,8805.66,8792.66,8803.15,464.3984077798217
2026-07-21T20:00:00+00:00,8803.15,8803.15,8793.66,8794.66,76
2026-07-21T20:30:00+00:00,8794.66,8798.67,8790.95,8796.47,51
2026-07-21T23:00:00+00:00,8789.21,8795.21,8785.21,8787.21,261.17958152678045
2026-07-21T23:30:00+00:00,8787.21,8809.82,8786.21,8806.34,649.200634871639
2026-07-22T00:00:00+00:00,8806.34,8826.220000000001,8798.730000000001,8816.730000000001,1038
2026-07-22T00:30:00+00:00,8816.730000000001,8846.24,8815.24,8832.220000000001,510
2026-07-22T01:00:00+00:00,8832.220000000001,8834.220000000001,8813.230000000001,8817.230000000001,482
2026-07-22T01:30:00+00:00,8817.230000000001,8820.220000000001,8809.24,8815.220000000001,332
2026-07-22T02:00:00+00:00,8815.220000000001,8820.74,8810.230000000001,8819.24,360
2026-07-22T02:30:00+00:00,8819.24,8829.230000000001,8813.220000000001,8829.230000000001,246
2026-07-22T03:00:00+00:00,8829.230000000001,8837.74,8824.230000000001,8834.720000000001,216.90685019206146
2026-07-22T03:30:00+00:00,8834.720000000001,8835.74,8822.230000000001,8823.24,219
2026-07-22T04:00:00+00:00,8823.24,8827.24,8818.720000000001,8822.230000000001,175
2026-07-22T04:30:00+00:00,8822.230000000001,8822.24,8813.720000000001,8816.730000000001,182.7648381294964
2026-07-22T05:00:00+00:00,8816.730000000001,8823.220000000001,8814.74,8821.24,273.1361058601134
2026-07-22T05:30:00+00:00,8821.24,8825.230000000001,8816.220000000001,8820.220000000001,349
2026-07-22T06:00:00+00:00,8820.220000000001,8823.84,8805.34,8812.12,636
2026-07-22T07:00:00+00:00,8806.01,8813.72,8795.23,8811.23,417
2026-07-22T07:30:00+00:00,8811.23,8812.71,8794.72,8803.72,792
2026-07-22T08:00:00+00:00,8803.72,8831.23,8802.71,8831.23,779
2026-07-22T08:30:00+00:00,8831.23,8849.21,8831.23,8848.72,578
2026-07-22T09:00:00+00:00,8848.72,8863.73,8847.71,8854.21,548
2026-07-22T09:30:00+00:00,8854.21,8856.72,8840.23,8844.21,716
2026-07-22T10:00:00+00:00,8844.21,8858.23,8843.72,8856.22,750
2026-07-22T10:30:00+00:00,8856.22,8860.73,8851.71,8851.72,538
2026-07-22T11:00:00+00:00,8851.72,8854.72,8842.71,8845.22,515
2026-07-22T11:30:00+00:00,8845.22,8853.72,8834.73,8843.22,901
2026-07-22T12:00:00+00:00,8843.22,8854.23,8842.71,8852.73,575
2026-07-22T12:30:00+00:00,8852.73,8860.72,8846.72,8855.72,702
2026-07-22T13:00:00+00:00,8855.72,8874.73,8855.21,8873.73,459
2026-07-22T13:30:00+00:00,8873.73,8894.73,8873.72,8891.71,960
2026-07-22T14:00:00+00:00,8891.71,8902.73,8884.22,8889.21,958
2026-07-22T14:30:00+00:00,8889.21,8892.72,8877.72,8882.72,708
2026-07-22T15:00:00+00:00,8882.72,8884.21,8871.71,8876.22,405
2026-07-22T15:30:00+00:00,8876.22,8883.71,8872.71,8879.71,508
2026-07-22T16:00:00+00:00,8879.71,8882.71,8872.21,8875.22,259
2026-07-22T16:30:00+00:00,8875.22,8880.23,8874.72,8880.23,245
2026-07-22T17:00:00+00:00,8880.23,8880.73,8873.72,8875.23,277
2026-07-22T17:30:00+00:00,8875.23,8880.23,8874.71,8876.73,189.82583258325832
2026-07-22T18:00:00+00:00,8876.73,8882.72,8870.71,8877.71,342
2026-07-22T18:30:00+00:00,8877.71,8882.73,8873.22,8881.73,265
2026-07-22T19:00:00+00:00,8881.73,8882.73,8871.71,8875.71,278
2026-07-22T19:30:00+00:00,8875.71,8881.22,8864.21,8870.21,412
2026-07-22T20:00:00+00:00,8870.21,8881.72,8870.21,8878.71,655.951768488746
2026-07-22T20:30:00+00:00,8878.71,8880.21,8875.21,8876.21,122.50070052230377
2026-07-22T23:00:00+00:00,8865.31,8874.31,8855.31,8862.31,339.45783869576417
2026-07-22T23:30:00+00:00,8862.31,8878.31,8850.7,8858.7,826.2459466059994
2026-07-23T00:00:00+00:00,8858.7,8900.62,8857.1,8887.6,1729
2026-07-23T00:30:00+00:00,8887.6,8899.12,8879.11,8884.62,679
2026-07-23T01:00:00+00:00,8884.62,8904.11,8884.1,8884.1,648
2026-07-23T01:30:00+00:00,8884.1,8884.6,8849.6,8851.6,1377
2026-07-23T02:00:00+00:00,8851.6,8866.61,8851.6,8861.6,438
2026-07-23T02:30:00+00:00,8861.6,8866.12,8853.6,8862.6,326
2026-07-23T03:00:00+00:00,8862.6,8862.62,8845.1,8855.61,411
2026-07-23T03:30:00+00:00,8855.61,8860.12,8849.6,8849.6,398
2026-07-23T04:00:00+00:00,8849.6,8854.62,8843.61,8853.6,358
2026-07-23T04:30:00+00:00,8853.6,8858.61,8841.6,8843.61,367
2026-07-23T05:00:00+00:00,8843.61,8843.62,8831.6,8840.61,546
2026-07-23T05:30:00+00:00,8840.61,8841.62,8814.61,8814.61,497
2026-07-23T06:00:00+00:00,8814.61,8821.51,8806.22,8819.52,451
2026-07-23T07:00:00+00:00,8838.93,8838.93,8801.12,8820.63,839
2026-07-23T07:30:00+00:00,8820.63,8821.61,8808.61,8819.12,995
2026-07-23T08:00:00+00:00,8819.12,8831.12,8809.61,8829.61,870
2026-07-23T08:30:00+00:00,8829.61,8829.63,8816.61,8826.63,549
2026-07-23T09:00:00+00:00,8826.63,8837.63,8816.61,8818.63,686
2026-07-23T09:30:00+00:00,8818.63,8826.63,8815.12,8820.11,522
2026-07-23T10:00:00+00:00,8820.11,8824.63,8815.13,8821.12,590
2026-07-23T10:30:00+00:00,8821.12,8832.12,8820.63,8827.61,604
2026-07-23T11:00:00+00:00,8827.61,8831.62,8805.12,8806.62,514
2026-07-23T11:30:00+00:00,8806.62,8811.63,8792.11,8808.11,1033
2026-07-23T12:00:00+00:00,8808.11,8808.62,8786.61,8788.12,969
2026-07-23T12:30:00+00:00,8788.12,8788.12,8767.61,8768.62,1337
2026-07-23T13:00:00+00:00,8768.62,8769.12,8752.63,8760.13,1527
2026-07-23T13:30:00+00:00,8760.13,8789.11,8757.61,8774.12,2247
2026-07-23T14:00:00+00:00,8774.12,8793.61,8772.11,8788.12,2904
2026-07-23T14:30:00+00:00,8788.12,8795.12,8776.61,8786.13,1817
2026-07-23T15:00:00+00:00,8786.13,8787.62,8761.63,8765.12,1450
2026-07-23T15:30:00+00:00,8765.12,8783.12,8760.61,8776.11,1417
2026-07-23T16:00:00+00:00,8776.11,8791.11,8772.11,8790.11,713
2026-07-23T16:30:00+00:00,8790.11,8790.13,8779.61,8785.63,598
2026-07-23T17:00:00+00:00,8785.63,8788.63,8778.62,8783.61,880
2026-07-23T17:30:00+00:00,8783.61,8784.63,8774.61,8774.62,802
2026-07-23T18:00:00+00:00,8774.62,8780.61,8771.13,8779.61,736.2303969022265
2026-07-23T18:30:00+00:00,8779.61,8782.61,8772.63,8774.13,529
2026-07-23T19:00:00+00:00,8774.13,8783.63,8771.61,8782.61,452
2026-07-23T19:30:00+00:00,8782.61,8786.63,8771.61,8784.62,607
2026-07-23T20:00:00+00:00,8784.62,8797.63,8784.61,8793.62,245
2026-07-23T20:30:00+00:00,8793.62,8795.13,8789.11,8793.93,111.98207088794976
2026-07-23T23:00:00+00:00,8781.61,8782.61,8775.61,8778.61,355.2511221153077
2026-07-23T23:30:00+00:00,8778.61,8799.98,8768.08,8779.59,1232.6378368097062
2026-07-24T00:00:00+00:00,8779.59,8786.99,8756.49,8771.99,1928
2026-07-24T00:30:00+00:00,8771.99,8779.98,8769.470000000001,8779.49,651
2026-07-24T01:00:00+00:00,8779.49,8800.99,8778.970000000001,8792.99,736
2026-07-24T01:30:00+00:00,8792.99,8798.49,8774.970000000001,8775.98,532
2026-07-24T02:00:00+00:00,8775.98,8779.98,8761.99,8765.99,515
2026-07-24T02:30:00+00:00,8765.99,8765.99,8722.99,8723.99,646
2026-07-24T03:00:00+00:00,8723.99,8740.970000000001,8719.98,8737.98,720
2026-07-24T03:30:00+00:00,8737.98,8740.970000000001,8732.970000000001,8734.970000000001,695
2026-07-24T04:00:00+00:00,8734.970000000001,8746.98,8732.970000000001,8745.970000000001,687
2026-07-24T04:30:00+00:00,8745.970000000001,8748.970000000001,8737.470000000001,8747.98,430
2026-07-24T05:00:00+00:00,8747.98,8758.99,8745.48,8755.970000000001,503
2026-07-24T05:30:00+00:00,8755.970000000001,8757.99,8745.99,8746.970000000001,554
2026-07-24T06:00:00+00:00,8746.970000000001,8753.59,8741.57,8746.380000000001,659
2026-07-24T07:00:00+00:00,8757.71,8797.4,8757.71,8797.4,517
2026-07-24T07:30:00+00:00,8797.4,8798.9,8783.89,8787.89,653
2026-07-24T08:00:00+00:00,8787.89,8791.41,8779.4,8791.41,779
2026-07-24T08:30:00+00:00,8791.41,8796.91,8788.39,8790.91,619
2026-07-24T09:00:00+00:00,8790.91,8797.9,8788.39,8794.41,533
2026-07-24T09:30:00+00:00,8794.41,8802.4,8791.41,8801.4,385
2026-07-24T10:00:00+00:00,8801.4,8803.41,8791.4,8796.91,330
2026-07-24T10:30:00+00:00,8796.91,8803.41,8791.89,8793.4,355.53282691264246
2026-07-24T11:00:00+00:00,8793.4,8798.4,8786.9,8791.4,378
2026-07-24T11:30:00+00:00,8791.4,8804.89,8785.4,8799.9,711
2026-07-24T12:00:00+00:00,8799.9,8803.41,8790.4,8795.9,785
2026-07-24T12:30:00+00:00,8795.9,8797.9,8780.39,8782.9,494
2026-07-24T13:00:00+00:00,8782.9,8801.4,8782.89,8799.4,486
2026-07-24T13:30:00+00:00,8799.4,8809.41,8787.4,8798.39,1431
2026-07-24T14:00:00+00:00,8798.39,8813.39,8796.39,8797.41,1434
2026-07-24T14:30:00+00:00,8797.41,8802.9,8785.39,8799.89,1259
2026-07-24T15:00:00+00:00,8799.89,8828.41,8793.39,8825.39,2234
2026-07-24T15:30:00+00:00,8825.39,8834.9,8822.4,8828.89,1140
2026-07-24T16:00:00+00:00,8828.89,8834.41,8827.4,8831.91,549
2026-07-24T16:30:00+00:00,8831.91,8831.91,8815.4,8820.89,623
2026-07-24T17:00:00+00:00,8820.89,8824.41,8810.89,8824.39,771
2026-07-24T17:30:00+00:00,8824.39,8825.41,8814.4,8816.39,530
2026-07-24T18:00:00+00:00,8816.39,8818.4,8806.91,8807.39,538
2026-07-24T18:30:00+00:00,8807.39,8808.41,8800.39,8804.91,778
2026-07-24T19:00:00+00:00,8804.91,8806.41,8796.39,8799.41,744
2026-07-24T19:30:00+00:00,8799.41,8808.41,8799.39,8808.41,877
2026-07-24T20:00:00+00:00,8808.41,8811.41,8804.9,8804.9,140
2026-07-24T20:30:00+00:00,8804.9,8805.41,8801.89,8804.9,63
2026-07-26T23:30:00+00:00,8804.9,8863.98,8804.9,8855.96,283
2026-07-27T00:00:00+00:00,8855.96,8866.38,8836.36,8841.38,1672
2026-07-27T00:30:00+00:00,8841.38,8851.88,8834.36,8838.37,620
2026-07-27T01:00:00+00:00,8838.37,8850.87,8830.38,8835.86,791
2026-07-27T01:30:00+00:00,8835.86,8855.88,8835.86,8853.86,846
2026-07-27T02:00:00+00:00,8853.86,8862.88,8852.87,8860.87,441
2026-07-27T02:30:00+00:00,8860.87,8862.87,8853.38,8862.87,255
2026-07-27T03:00:00+00:00,8862.87,8873.88,8861.86,8865.37,222
2026-07-27T03:30:00+00:00,8865.37,8867.88,8860.86,8863.86,225
2026-07-27T04:00:00+00:00,8863.86,8877.38,8863.86,8875.88,238
2026-07-27T04:30:00+00:00,8875.88,8884.88,8871.86,8879.87,209
2026-07-27T05:00:00+00:00,8879.87,8893.88,8879.86,8886.86,259.7440706012135
2026-07-27T05:30:00+00:00,8886.86,8888.87,8881.36,8885.38,195.74382157926462
2026-07-27T06:00:00+00:00,8885.38,8894.48,8882.46,8884.26,451
2026-07-27T07:00:00+00:00,8884.76,8886.46,8875.97,8878.48,355
2026-07-27T07:30:00+00:00,8878.48,8882.47,8868.96,8868.96,496
2026-07-27T08:00:00+00:00,8868.96,8872.48,8859.97,8869.98,833
2026-07-27T08:30:00+00:00,8869.98,8884.98,8866.97,8884.97,537
2026-07-27T09:00:00+00:00,8884.97,8891.98,8879.48,8888.47,384
2026-07-27T09:30:00+00:00,8888.47,8892.98,8885.46,8887.96,372
2026-07-27T10:00:00+00:00,8887.96,8889.98,8881.46,8884.98,354
2026-07-27T10:30:00+00:00,8884.98,8891.98,8880.98,8886.47,204
2026-07-27T11:00:00+00:00,8886.47,8889.98,8880.46,8880.97,304
2026-07-27T11:30:00+00:00,8880.97,8887.98,8874.46,8878.47,417
2026-07-27T12:00:00+00:00,8878.47,8880.48,8864.96,8871.98,472
2026-07-27T12:30:00+00:00,8871.98,8873.98,8865.48,8870.47,449
2026-07-27T13:00:00+00:00,8870.47,8871.98,8863.46,8865.97,491
2026-07-27T13:30:00+00:00,8865.97,8878.48,8852.96,8853.98,1343
2026-07-27T14:00:00+00:00,8853.98,8864.48,8840.96,8841.46,1460
2026-07-27T14:30:00+00:00,8841.46,8861.97,8830.96,8861.48,1854
2026-07-27T15:00:00+00:00,8861.48,8862.47,8848.96,8851.47,1299
2026-07-27T15:30:00+00:00,8851.47,8851.96,8835.46,8838.48,1375
2026-07-27T16:00:00+00:00,8838.48,8857.48,8834.46,8850.98,1315
2026-07-27T16:30:00+00:00,8850.98,8859.97,8838.96,8839.96,973
2026-07-27T17:00:00+00:00,8839.96,8842.97,8831.96,8838.98,754
2026-07-27T17:30:00+00:00,8838.98,8848.98,8838.46,8848.98,646
2026-07-27T18:00:00+00:00,8848.98,8848.98,8842.96,8847.98,588
2026-07-27T18:30:00+00:00,8847.98,8854.98,8839.97,8854.98,646
2026-07-27T19:00:00+00:00,8854.98,8868.97,8853.46,8868.97,488
2026-07-27T19:30:00+00:00,8868.97,8870.47,8858.96,8862.46,549
2026-07-27T20:00:00+00:00,8862.46,8864.97,8857.96,8861.48,116
2026-07-27T20:30:00+00:00,8861.48,8864.96,8861.46,8863.26,83
2026-07-27T23:00:00+00:00,8851.31,8858.31,8844.31,8857.31,353.53424463817163
2026-07-27T23:30:00+00:00,8857.31,8858.31,8825.92,8834.92,798.4804773901762
2026-07-28T00:00:00+00:00,8834.92,8853.34,8829.84,8846.83,1489
2026-07-28T00:30:00+00:00,8846.83,8856.83,8836.83,8845.34,653
2026-07-28T01:00:00+00:00,8845.34,8855.33,8835.32,8851.84,657
2026-07-28T01:30:00+00:00,8851.84,8858.82,8833.84,8836.84,478
2026-07-28T02:00:00+00:00,8836.84,8846.84,8834.83,8837.84,409
2026-07-28T02:30:00+00:00,8837.84,8851.84,8835.82,8851.34,367
2026-07-28T03:00:00+00:00,8851.34,8879.84,8845.34,8867.32,574
2026-07-28T03:30:00+00:00,8867.32,8922.34,8865.83,8920.34,1218
2026-07-28T04:00:00+00:00,8920.34,8927.84,8907.33,8910.83,681
2026-07-28T04:30:00+00:00,8910.83,8919.82,8906.32,8909.84,415
2026-07-28T05:00:00+00:00,8909.84,8919.84,8905.32,8917.84,667
2026-07-28T05:30:00+00:00,8917.84,8918.83,8907.84,8917.34,421.308416240925
2026-07-28T06:00:00+00:00,8917.34,8933.429999999998,8916.92,8928.22,716
2026-07-28T07:00:00+00:00,8950.17,8975.37,8950.17,8966.87,483
2026-07-28T07:30:00+00:00,8966.87,8968.39,8952.87,8953.38,550
2026-07-28T08:00:00+00:00,8953.38,8964.37,8947.87,8962.87,1093
2026-07-28T08:30:00+00:00,8962.87,8969.38,8956.39,8960.89,646
2026-07-28T09:00:00+00:00,8960.89,8965.88,8958.38,8964.39,436
2026-07-28T09:30:00+00:00,8964.39,8964.39,8946.38,8949.89,426
2026-07-28T10:00:00+00:00,8949.89,8952.39,8942.37,8946.37,471
2026-07-28T10:30:00+00:00,8946.37,8947.37,8936.37,8945.88,736
2026-07-28T11:00:00+00:00,8945.88,8949.88,8936.37,8943.37,904
2026-07-28T11:30:00+00:00,8943.37,8953.38,8940.37,8949.88,625
2026-07-28T12:00:00+00:00,8949.88,8965.89,8947.38,8964.39,443
2026-07-28T12:30:00+00:00,8964.39,8967.38,8958.37,8963.38,568
2026-07-28T13:00:00+00:00,8963.38,8968.38,8954.37,8961.87,447
2026-07-28T13:30:00+00:00,8961.87,8976.38,8953.89,8973.89,1502
2026-07-28T14:00:00+00:00,8973.89,8996.39,8969.37,8995.87,1401
2026-07-28T14:30:00+00:00,8995.87,9007.39,8987.87,8994.87,1225
2026-07-28T15:00:00+00:00,8994.87,9034.39,8991.37,9028.37,1356
2026-07-28T15:30:00+00:00,9028.37,9039.39,9024.39,9039.37,799
2026-07-28T16:00:00+00:00,9039.37,9040.39,9032.37,9032.38,412
2026-07-28T16:30:00+00:00,9032.38,9037.39,9027.37,9037.38,397
2026-07-28T17:00:00+00:00,9037.38,9037.39,9023.39,9026.38,515
2026-07-28T17:30:00+00:00,9026.38,9029.38,9019.38,9024.39,363
2026-07-28T18:00:00+00:00,9024.39,9025.89,9018.37,9021.37,406
2026-07-28T18:30:00+00:00,9021.37,9028.39,9020.89,9026.87,461
2026-07-28T19:00:00+00:00,9026.87,9035.38,9026.37,9031.37,297
2026-07-28T19:30:00+00:00,9031.37,9032.88,9022.37,9023.37,289
2026-07-28T20:00:00+00:00,9023.37,9027.88,9021.87,9026.39,183
2026-07-28T20:30:00+00:00,9026.39,9026.88,9020.67,9020.67,147
2026-07-28T23:00:00+00:00,9006.91,9030.41,8999.91,9010.41,569.2836735680781
2026-07-28T23:30:00+00:00,9010.41,9040.78,9005.41,9017.13,1027.6069309263835
2026-07-29T00:00:00+00:00,9017.13,9077.55,9017.13,9077.55,2032
2026-07-29T00:30:00+00:00,9077.55,9087.039999999999,9057.55,9063.539999999999,1310
2026-07-29T01:00:00+00:00,9063.539999999999,9070.539999999999,9050.039999999999,9064.55,1286
2026-07-29T01:30:00+00:00,9064.55,9103.55,9064.039999999999,9076.05,2199
2026-07-29T02:00:00+00:00,9076.05,9085.53,9068.03,9069.55,1348
2026-07-29T02:30:00+00:00,9069.55,9079.55,9047.539999999999,9049.55,1432
2026-07-29T03:00:00+00:00,9049.55,9060.539999999999,9042.539999999999,9056.53,819
2026-07-29T03:30:00+00:00,9056.53,9064.55,9051.53,9054.53,604
2026-07-29T04:00:00+00:00,9054.53,9055.05,9037.53,9050.03,1117
2026-07-29T04:30:00+00:00,9050.03,9063.05,9050.03,9062.55,794
2026-07-29T05:00:00+00:00,9062.55,9067.05,9061.039999999999,9061.039999999999,664
2026-07-29T05:30:00+00:00,9061.039999999999,9061.539999999999,9048.53,9057.039999999999,538
2026-07-29T06:00:00+00:00,9057.039999999999,9063.15,9046.14,9058.449999999999,714
2026-07-29T07:00:00+00:00,9043.71,9066.39,9043.71,9061.91,365
2026-07-29T07:30:00+00:00,9061.91,9073.9,9057.39,9066.41,724
2026-07-29T08:00:00+00:00,9066.41,9070.91,9052.89,9056.4,962
2026-07-29T08:30:00+00:00,9056.4,9068.91,9055.89,9062.89,710
2026-07-29T09:00:00+00:00,9062.89,9065.9,9057.41,9058.89,568
2026-07-29T09:30:00+00:00,9058.89,9073.41,9057.39,9064.39,584
2026-07-29T10:00:00+00:00,9064.39,9069.41,9061.39,9066.89,694
2026-07-29T10:30:00+00:00,9066.89,9067.91,9053.89,9056.89,636
2026-07-29T11:00:00+00:00,9056.89,9070.91,9056.89,9065.4,428
2026-07-29T11:30:00+00:00,9065.4,9072.89,9059.89,9067.41,450
2026-07-29T12:00:00+00:00,9067.41,9070.4,9040.4,9044.91,1534
2026-07-29T12:30:00+00:00,9044.91,9050.4,9040.89,9046.9,684
2026-07-29T13:00:00+00:00,9046.9,9046.9,9031.89,9037.9,636
2026-07-29T13:30:00+00:00,9037.9,9044.9,9021.91,9029.89,1706
2026-07-29T14:00:00+00:00,9029.89,9037.4,9020.9,9026.9,1956
2026-07-29T14:30:00+00:00,9026.9,9029.4,9008.89,9014.9,1639
2026-07-29T15:00:00+00:00,9014.9,9032.41,9010.9,9025.89,1317
2026-07-29T15:30:00+00:00,9025.89,9028.9,9009.39,9014.91,1194
2026-07-29T16:00:00+00:00,9014.91,9017.4,9001.4,9014.4,1082
2026-07-29T16:30:00+00:00,9014.4,9021.41,9010.4,9021.41,832
2026-07-29T17:00:00+00:00,9021.41,9038.9,9020.41,9033.9,804
2026-07-29T17:30:00+00:00,9033.9,9040.41,9031.41,9039.69,706
2026-07-29T18:00:00+00:00,9039.69,9073.4,9033.41,9042.41,2579
2026-07-29T18:30:00+00:00,9042.41,9081.41,9032.9,9076.4,3847
2026-07-29T19:00:00+00:00,9076.4,9083.4,9016.89,9019.41,3313
2026-07-29T19:30:00+00:00,9019.41,9025.41,8973.39,8981.4,3098
2026-07-29T20:00:00+00:00,8981.4,8991.4,8968.39,8971.9,1299
2026-07-29T20:30:00+00:00,8971.9,8986.21,8968.9,8986.21,376
2026-07-29T23:00:00+00:00,9001.31,9022.31,9000.31,9013.68,1537.1809677497295
2026-07-29T23:30:00+00:00,9013.68,9047.02,8997.92,9045.01,3522.429722074435
2026-07-30T00:00:00+00:00,9045.01,9062.42,9029.91,9034.91,1967
2026-07-30T00:30:00+00:00,9034.91,9035.41,8999.9,9007.92,1375
2026-07-30T01:00:00+00:00,9007.92,9039.91,9005.9,9032.9,1381
2026-07-30T01:30:00+00:00,9032.9,9048.92,9032.9,9039.92,693
2026-07-30T02:00:00+00:00,9039.92,9044.4,9018.91,9019.91,505
2026-07-30T02:30:00+00:00,9019.91,9026.91,9010.91,9011.9,484
2026-07-30T03:00:00+00:00,9011.9,9016.92,8993.91,8993.91,643
2026-07-30T03:30:00+00:00,8993.91,9004.92,8984.9,8997.4,1018
2026-07-30T04:00:00+00:00,8997.4,9005.42,8991.9,9002.91,760
2026-07-30T04:30:00+00:00,9002.91,9002.91,8984.91,8986.4,571
2026-07-30T05:00:00+00:00,8986.4,8987.92,8978.9,8981.9,782
2026-07-30T05:30:00+00:00,8981.9,8996.92,8979.41,8984.91,828
2026-07-30T06:00:00+00:00,8984.91,8999.51,8979.51,8993.82,959
2026-07-30T07:00:00+00:00,8958.47,8985.66,8958.47,8977.16,979
2026-07-30T07:30:00+00:00,8977.16,8978.15,8956.15,8965.17,1284
2026-07-30T08:00:00+00:00,8965.17,8996.68,8958.17,8993.66,1603
2026-07-30T08:30:00+00:00,8993.66,8998.66,8979.16,8984.18,1057
2026-07-30T09:00:00+00:00,8984.18,8999.66,8980.66,8994.67,1084
2026-07-30T09:30:00+00:00,8994.67,8996.66,8972.66,8972.66,770
2026-07-30T10:00:00+00:00,8972.66,8992.18,8970.67,8990.66,895
2026-07-30T10:30:00+00:00,8990.66,9004.16,8989.66,8998.68,960
2026-07-30T11:00:00+00:00,8998.68,9012.68,8994.16,9012.68,621
2026-07-30T11:30:00+00:00,9012.68,9018.68,9004.66,9017.17,528
2026-07-30T12:00:00+00:00,9017.17,9026.67,9011.66,9021.68,759
2026-07-30T12:30:00+00:00,9021.68,9026.68,9010.67,9013.16,1399
2026-07-30T13:00:00+00:00,9013.16,9030.67,9013.16,9028.18,1096
2026-07-30T13:30:00+00:00,9028.18,9031.18,9011.66,9025.18,2011
2026-07-30T14:00:00+00:00,9025.18,9033.18,9013.66,9029.17,1298
2026-07-30T14:30:00+00:00,9029.17,9037.66,9019.68,9024.17,1108
2026-07-30T15:00:00+00:00,9024.17,9024.18,9009.16,9015.66,1448
2026-07-30T15:30:00+00:00,9015.66,9035.68,9013.67,9034.17,1139
2026-07-30T16:00:00+00:00,9034.17,9041.17,9031.67,9039.68,501
2026-07-30T16:30:00+00:00,9039.68,9043.68,9034.67,9039.68,486
2026-07-30T17:00:00+00:00,9039.68,9046.68,9039.68,9040.67,399
2026-07-30T17:30:00+00:00,9040.67,9043.68,9035.17,9039.68,460
2026-07-30T18:00:00+00:00,9039.68,9044.68,9037.18,9044.68,310
2026-07-30T18:30:00+00:00,9044.68,9053.68,9042.66,9053.66,259
2026-07-30T19:00:00+00:00,9053.66,9064.68,9053.66,9059.67,305
2026-07-30T19:30:00+00:00,9059.67,9064.16,9055.66,9059.66,477
2026-07-30T20:00:00+00:00,9059.66,9066.18,9056.16,9063.16,471
2026-07-30T20:30:00+00:00,9063.16,9065.16,9052.960000000001,9052.960000000001,220
2026-07-30T23:00:00+00:00,9061.91,9066.91,9048.91,9055.91,227.80968929564654
2026-07-30T23:30:00+00:00,9055.91,9069.91,9042.91,9052.06,807.6168688071177
2026-07-31T00:00:00+00:00,9052.06,9056.96,9026.47,9028.949999999999,1469
2026-07-31T00:30:00+00:00,9028.949999999999,9032.949999999999,8991.949999999999,8994.97,722
2026-07-31T01:00:00+00:00,8994.97,9009.97,8994.97,8999.47,686
2026-07-31T01:30:00+00:00,8999.47,9002.949999999999,8976.96,8977.949999999999,615
2026-07-31T02:00:00+00:00,8977.949999999999,8983.47,8972.97,8978.949999999999,548
2026-07-31T02:30:00+00:00,8978.949999999999,8989.96,8973.96,8987.949999999999,398
2026-07-31T03:00:00+00:00,8987.949999999999,8995.97,8986.949999999999,8989.97,429
2026-07-31T03:30:00+00:00,8989.97,8990.97,8969.97,8979.949999999999,497.3869625520111
2026-07-31T04:00:00+00:00,8979.949999999999,8988.97,8975.949999999999,8982.96,396
2026-07-31T04:30:00+00:00,8982.96,8982.96,8975.449999999999,8979.96,299
2026-07-31T05:00:00+00:00,8979.96,8985.97,8972.47,8972.97,336
2026-07-31T05:30:00+00:00,8972.97,8974.96,8963.97,8972.96,274
2026-07-31T06:00:00+00:00,8972.96,8986.359999999999,8961.55,8986.35,942
2026-07-31T07:00:00+00:00,8990.95,9012.16,8989.46,9004.15,652
2026-07-31T07:30:00+00:00,9004.15,9008.15,8998.65,9006.17,605
2026-07-31T08:00:00+00:00,9006.17,9010.16,8998.15,9002.65,842
2026-07-31T08:30:00+00:00,9002.65,9007.17,8995.15,9004.16,602
2026-07-31T09:00:00+00:00,9004.16,9008.67,8998.67,9001.17,542
2026-07-31T09:30:00+00:00,9001.17,9002.15,8986.65,8988.66,562
2026-07-31T10:00:00+00:00,8988.66,8995.15,8982.65,8991.15,382
2026-07-31T10:30:00+00:00,8991.15,8994.67,8984.15,8987.66,449
2026-07-31T11:00:00+00:00,8987.66,8989.67,8975.66,8979.15,624
2026-07-31T11:30:00+00:00,8979.15,8982.17,8974.65,8981.16,513
2026-07-31T12:00:00+00:00,8981.16,8981.17,8969.15,8970.16,548
2026-07-31T12:30:00+00:00,8970.16,8971.17,8960.17,8963.16,652
2026-07-31T13:00:00+00:00,8963.16,8968.17,8952.66,8954.15,598
2026-07-31T13:30:00+00:00,8954.15,8954.15,8909.65,8909.65,1719
2026-07-31T14:00:00+00:00,8909.65,8915.17,8884.66,8915.15,2008
2026-07-31T14:30:00+00:00,8915.15,8922.16,8909.65,8919.67,1386
2026-07-31T15:00:00+00:00,8919.67,8936.15,8916.16,8919.15,1260
2026-07-31T15:30:00+00:00,8919.15,8935.17,8906.17,8932.67,1401
2026-07-31T16:00:00+00:00,8932.67,8932.67,8917.15,8922.15,833
2026-07-31T16:30:00+00:00,8922.15,8929.16,8921.16,8927.65,446
2026-07-31T17:00:00+00:00,8927.65,8940.15,8925.65,8938.65,356
2026-07-31T17:30:00+00:00,8938.65,8938.67,8930.15,8930.17,419
2026-07-31T18:00:00+00:00,8930.17,8934.17,8928.65,8932.17,390
2026-07-31T18:30:00+00:00,8932.17,8933.17,8921.15,8924.65,239.0974279033515
2026-07-31T19:00:00+00:00,8924.65,8934.65,8922.66,8931.67,361
2026-07-31T19:30:00+00:00,8931.67,8938.15,8920.65,8924.67,807
2026-07-31T20:00:00+00:00,8924.67,8928.66,8917.65,8921.67,363
2026-07-31T20:30:00+00:00,8921.67,8922.17,8919.16,8919.67,92
2026-08-02T23:30:00+00:00,8919.67,8956.71,8919.67,8947.71,302
2026-08-03T00:00:00+00:00,8947.71,8958.6,8936.61,8948.61,1476
2026-08-03T00:30:00+00:00,8948.61,8977.11,8948.61,8969.6,757
2026-08-03T01:00:00+00:00,8969.6,8969.6,8950.59,8954.11,684
2026-08-03T01:30:00+00:00,8954.11,8965.61,8952.6,8960.59,439
2026-08-03T02:00:00+00:00,8960.59,8962.61,8953.59,8959.09,357
2026-08-03T02:30:00+00:00,8959.09,8961.61,8953.59,8957.11,313
2026-08-03T03:00:00+00:00,8957.11,8969.59,8957.09,8962.09,316
2026-08-03T03:30:00+00:00,8962.09,8971.6,8961.6,8965.1,283
2026-08-03T04:00:00+00:00,8965.1,8981.61,8963.59,8981.61,249
2026-08-03T04:30:00+00:00,8981.61,8989.59,8979.11,8981.61,187
2026-08-03T05:00:00+00:00,8981.61,8995.61,8981.11,8995.6,297
2026-08-03T05:30:00+00:00,8995.6,9005.6,8991.61,8997.61,252
2026-08-03T06:00:00+00:00,8997.61,9020.49,8996.7,9020.49,565
2026-08-03T07:00:00+00:00,9020.49,9020.49,8990.7,9002.2,621
2026-08-03T07:30:00+00:00,9002.2,9011.69,8996.71,9011.19,652
2026-08-03T08:00:00+00:00,9011.19,9013.2,8996.19,8998.69,962
2026-08-03T08:30:00+00:00,8998.69,9005.7,8996.69,9003.19,555
2026-08-03T09:00:00+00:00,9003.19,9005.71,8999.19,8999.71,380
2026-08-03T09:30:00+00:00,8999.71,9007.21,8998.19,9002.69,356
2026-08-03T10:00:00+00:00,9002.69,9007.21,9000.19,9004.69,377
2026-08-03T10:30:00+00:00,9004.69,9005.21,9000.21,9004.2,281
2026-08-03T11:00:00+00:00,9004.2,9008.71,9000.69,9004.2,302
2026-08-03T11:30:00+00:00,9004.2,9008.21,9001.19,9003.2,238
2026-08-03T12:00:00+00:00,9003.2,9003.7,8985.21,8985.21,313
2026-08-03T12:30:00+00:00,8985.21,8990.2,8980.69,8989.19,293
2026-08-03T13:00:00+00:00,8989.19,8995.19,8983.2,8983.2,391
2026-08-03T13:30:00+00:00,8983.2,8995.71,8979.69,8995.71,652
2026-08-03T14:00:00+00:00,8995.71,9013.2,8990.51,9011.69,421
2026-08-03T14:30:00+00:00,9011.69,9019.21,9008.2,9018.7,415
2026-08-03T15:00:00+00:00,9018.7,9023.21,9002.69,9015.19,573
2026-08-03T15:30:00+00:00,9015.19,9022.2,9009.71,9012.19,356
2026-08-03T16:00:00+00:00,9012.19,9015.21,9011.19,9014.69,194
2026-08-03T16:30:00+00:00,9014.69,9014.69,9007.19,9010.21,161.52599531615925
2026-08-03T17:00:00+00:00,9010.21,9015.2,9008.19,9014.21,148.1815
2026-08-03T17:30:00+00:00,9014.21,9019.21,9014.19,9017.2,128.2882027783388
2026-08-03T18:00:00+00:00,9017.2,9025.2,9017.2,9019.21,172
2026-08-03T18:30:00+00:00,9019.21,9020.2,9016.19,9017.2,133
2026-08-03T19:00:00+00:00,9017.2,9020.71,9016.19,9019.69,108.29838395638629
2026-08-03T19:30:00+00:00,9019.69,9021.21,9013.19,9016.21,272
2026-08-03T20:00:00+00:00,9016.21,9023.21,9013.19,9023.2,77
2026-08-03T20:30:00+00:00,9023.2,9028.21,9017.51,9017.51,70
2026-08-03T23:00:00+00:00,9019.97,9025.97,9018.97,9024.97,104.21287425792008
2026-08-03T23:30:00+00:00,9024.97,9035.109999999999,9018.91,9029.609999999999,528.7812751766811
2026-08-04T00:00:00+00:00,9029.609999999999,9065,9027.5,9064.01,1233
2026-08-04T00:30:00+00:00,9064.01,9082.01,9063.51,9079,798
2026-08-04T01:00:00+00:00,9079,9117,9076.99,9105.99,1028
2026-08-04T01:30:00+00:00,9105.99,9142.51,9104,9142.01,684
2026-08-04T02:00:00+00:00,9142.01,9143.51,9120,9133.99,684
2026-08-04T02:30:00+00:00,9133.99,9141,9128,9132.99,408
2026-08-04T03:00:00+00:00,9132.99,9142.01,9128,9140.5,331
2026-08-04T03:30:00+00:00,9140.5,9147.99,9129.01,9145.99,434
2026-08-04T04:00:00+00:00,9145.99,9146,9132.5,9135,304
2026-08-04T04:30:00+00:00,9135,9141.5,9133.99,9139.49,196
2026-08-04T05:00:00+00:00,9139.49,9146.51,9136.49,9146.51,240
2026-08-04T05:30:00+00:00,9146.51,9149.01,9139.49,9142,308
2026-08-04T06:00:00+00:00,9142,9153.609999999999,9140.109999999999,9145.89,657
2026-08-04T07:00:00+00:00,9141.49,9146.2,9132.49,9139.21,285
2026-08-04T07:30:00+00:00,9139.21,9140.7,9133.19,9136.2,221
2026-08-04T08:00:00+00:00,9136.2,9143.19,9129.19,9129.21,486
2026-08-04T08:30:00+00:00,9129.21,9130.19,9105.19,9106.21,480
2026-08-04T09:00:00+00:00,9106.21,9113.21,9101.7,9104.19,365
2026-08-04T09:30:00+00:00,9104.19,9109.69,9100.2,9105.21,311
2026-08-04T10:00:00+00:00,9105.21,9107.71,9097.19,9099.69,310
2026-08-04T10:30:00+00:00,9099.69,9117.7,9099.69,9107.2,837
2026-08-04T11:00:00+00:00,9107.2,9118.19,9107.2,9117.71,375
2026-08-04T11:30:00+00:00,9117.71,9137.71,9114.69,9136.71,872
2026-08-04T12:00:00+00:00,9136.71,9138.69,9125.7,9125.7,381
2026-08-04T12:30:00+00:00,9125.7,9128.19,9112.2,9112.2,225
2026-08-04T13:00:00+00:00,9112.2,9131.71,9108.2,9124.21,560
2026-08-04T13:30:00+00:00,9124.21,9131.21,9112.7,9120.19,697
2026-08-04T14:00:00+00:00,9120.19,9130.2,9115.69,9117.21,610
2026-08-04T14:30:00+00:00,9117.21,9129.21,9112.69,9125.71,480
2026-08-04T15:00:00+00:00,9125.71,9126.19,9116.19,9125.19,369
2026-08-04T15:30:00+00:00,9125.19,9144.7,9117.19,9141.7,444
2026-08-04T16:00:00+00:00,9141.7,9168.71,9141.2,9167.19,294
2026-08-04T16:30:00+00:00,9167.19,9172.21,9160.19,9171.2,289
2026-08-04T17:00:00+00:00,9171.2,9175.21,9168.2,9170.71,234
2026-08-04T17:30:00+00:00,9170.71,9175.7,9162.69,9162.69,305
2026-08-04T18:00:00+00:00,9162.69,9166.21,9159.69,9162.21,245.86610878661088
2026-08-04T18:30:00+00:00,9162.21,9165.21,9157.19,9165.19,215.41189111747852
2026-08-04T19:00:00+00:00,9165.19,9182.21,9165.19,9179.71,320
2026-08-04T19:30:00+00:00,9179.71,9182.71,9169.21,9173.21,350
2026-08-04T20:00:00+00:00,9173.21,9181.71,9173.21,9175.71,213
2026-08-04T20:30:00+00:00,9175.71,9180.49,9175.19,9180.49,117
2026-08-04T23:00:00+00:00,9175.81,9186.81,9169.81,9169.81,239.3890853982535
2026-08-04T23:30:00+00:00,9169.81,9185.81,9151.75,9153.76,773.2076410965684
2026-08-05T00:00:00+00:00,9153.76,9205.67,9145.15,9172.67,2360
2026-08-05T00:30:00+00:00,9172.67,9175.66,9127.65,9152.67,1757
2026-08-05T01:00:00+00:00,9152.67,9156.16,9124.15,9134.65,998
2026-08-05T01:30:00+00:00,9134.65,9154.16,9130.17,9154.16,804
2026-08-05T02:00:00+00:00,9154.16,9170.16,9153.65,9165.66,734
2026-08-05T02:30:00+00:00,9165.66,9187.17,9161.16,9186.15,540
2026-08-05T03:00:00+00:00,9186.15,9197.17,9185.15,9196.67,303
2026-08-05T03:30:00+00:00,9196.67,9208.17,9196.15,9205.65,283
2026-08-05T04:00:00+00:00,9205.65,9210.16,9198.15,9201.67,267
2026-08-05T04:30:00+00:00,9201.67,9210.17,9197.15,9206.17,309
2026-08-05T05:00:00+00:00,9206.17,9215.17,9202.17,9214.66,298
2026-08-05T05:30:00+00:00,9214.66,9224.17,9214.16,9216.17,405
2026-08-05T06:00:00+00:00,9216.17,9220.77,9191.25,9197.55,939
2026-08-05T07:00:00+00:00,9204.23,9209.44,9188.44,9188.44,371
2026-08-05T07:30:00+00:00,9188.44,9189.45,9180.93,9182.45,495
2026-08-05T08:00:00+00:00,9182.45,9183.93,9163.43,9171.43,503
2026-08-05T08:30:00+00:00,9171.43,9176.45,9166.44,9171.45,578
2026-08-05T09:00:00+00:00,9171.45,9177.45,9171.43,9175.94,399
2026-08-05T09:30:00+00:00,9175.94,9182.45,9174.43,9177.45,278
2026-08-05T10:00:00+00:00,9177.45,9182.95,9174.93,9181.43,222
2026-08-05T10:30:00+00:00,9181.43,9182.95,9173.43,9180.45,295
2026-08-05T11:00:00+00:00,9180.45,9193.43,9180.45,9185.93,368
2026-08-05T11:30:00+00:00,9185.93,9190.93,9183.94,9183.95,262
2026-08-05T12:00:00+00:00,9183.95,9206.45,9183.95,9203.93,482
2026-08-05T12:30:00+00:00,9203.93,9204.94,9194.94,9196.44,415
2026-08-05T13:00:00+00:00,9196.44,9200.44,9191.45,9195.93,327
2026-08-05T13:30:00+00:00,9195.93,9208.94,9185.93,9206.44,1113
2026-08-05T14:00:00+00:00,9206.44,9217.93,9189.44,9191.93,940
2026-08-05T14:30:00+00:00,9191.93,9201.95,9190.93,9197.93,859
2026-08-05T15:00:00+00:00,9197.93,9207.95,9189.94,9197.93,787
2026-08-05T15:30:00+00:00,9197.93,9201.95,9191.43,9192.44,681
2026-08-05T16:00:00+00:00,9192.44,9205.95,9192.44,9203.44,636
2026-08-05T16:30:00+00:00,9203.44,9204.43,9197.94,9198.93,371
2026-08-05T17:00:00+00:00,9198.93,9200.95,9194.43,9198.94,367
2026-08-05T17:30:00+00:00,9198.94,9206.93,9197.44,9203.95,282
2026-08-05T18:00:00+00:00,9203.95,9205.95,9200.93,9202.44,254.8005476951164
2026-08-05T18:30:00+00:00,9202.44,9202.95,9196.93,9196.93,217
2026-08-05T19:00:00+00:00,9196.93,9203.95,9195.93,9203.94,248
2026-08-05T19:30:00+00:00,9203.94,9203.95,9193.94,9195.95,336
2026-08-05T20:00:00+00:00,9195.95,9199.95,9194.43,9195.44,164.38048411497732
2026-08-05T20:30:00+00:00,9195.44,9198.44,9194.25,9196.23,66.52408214807076
2026-08-05T23:00:00+00:00,9202.19,9202.19,9194.19,9197.19,171.05331337229148
2026-08-05T23:30:00+00:00,9197.19,9211.59,9174.81,9211.11,799.4117008698772
2026-08-06T00:00:00+00:00,9211.11,9274.51,9209.99,9265.49,2097
2026-08-06T00:30:00+00:00,9265.49,9280.5,9244.51,9259.49,1110
2026-08-06T01:00:00+00:00,9259.49,9276.51,9251.51,9274.5,905
2026-08-06T01:30:00+00:00,9274.5,9278.5,9261.49,9265,733
2026-08-06T02:00:00+00:00,9265,9269.51,9246.5,9247.49,556
2026-08-06T02:30:00+00:00,9247.49,9257,9233,9249.99,529
2026-08-06T03:00:00+00:00,9249.99,9258.51,9247,9254.49,451
2026-08-06T03:30:00+00:00,9254.49,9259.01,9248.49,9250.5,356
2026-08-06T04:00:00+00:00,9250.5,9253.51,9240.5,9241.99,366
2026-08-06T04:30:00+00:00,9241.99,9249.01,9236.51,9248.5,330
2026-08-06T05:00:00+00:00,9248.5,9253,9244.49,9251.99,328
2026-08-06T05:30:00+00:00,9251.99,9256.01,9247.49,9254.51,339
2026-08-06T06:00:00+00:00,9254.51,9254.59,9232.09,9235.41,716
2026-08-06T07:00:00+00:00,9247.33,9273.03,9245.32,9258.03,197
2026-08-06T07:30:00+00:00,9258.03,9263.53,9252.01,9262.52,285
2026-08-06T08:00:00+00:00,9262.52,9264.03,9248.01,9262.02,512
2026-08-06T08:30:00+00:00,9262.02,9283.01,9259.51,9283.01,356
2026-08-06T09:00:00+00:00,9283.01,9285.52,9273.01,9280.51,329
2026-08-06T09:30:00+00:00,9280.51,9286.52,9280.01,9286.52,283
2026-08-06T10:00:00+00:00,9286.52,9287.03,9271.02,9275.01,274
2026-08-06T10:30:00+00:00,9275.01,9275.53,9263.52,9265.03,142
2026-08-06T11:00:00+00:00,9265.03,9268.53,9257.51,9266.03,308
2026-08-06T11:30:00+00:00,9266.03,9269.03,9252.51,9260.53,349
2026-08-06T12:00:00+00:00,9260.53,9265.01,9253.53,9263.03,373
2026-08-06T12:30:00+00:00,9263.03,9265.33,9252.01,9253.02,407
2026-08-06T13:00:00+00:00,9253.02,9261.03,9247.52,9256.52,396
2026-08-06T13:30:00+00:00,9256.52,9258.53,9250.01,9257.01,668
2026-08-06T14:00:00+00:00,9257.01,9278.03,9257.01,9263.51,543
2026-08-06T14:30:00+00:00,9263.51,9278.03,9263.51,9272.51,456
2026-08-06T15:00:00+00:00,9272.51,9275.53,9256.52,9263.53,516
2026-08-06T15:30:00+00:00,9263.53,9267.03,9248.51,9250.52,744
2026-08-06T16:00:00+00:00,9250.52,9251.03,9241.51,9246.53,612.8545892059127
2026-08-06T16:30:00+00:00,9246.53,9256.53,9246.51,9256.01,378
2026-08-06T17:00:00+00:00,9256.01,9259.03,9250.01,9250.52,314
2026-08-06T17:30:00+00:00,9250.52,9253.53,9248.02,9253.02,304
2026-08-06T18:00:00+00:00,9253.02,9256.03,9249.53,9255.01,281
2026-08-06T18:30:00+00:00,9255.01,9255.01,9248.03,9251.52,154
2026-08-06T19:00:00+00:00,9251.52,9256.53,9244.01,9245.01,300
2026-08-06T19:30:00+00:00,9245.01,9250.52,9241.51,9247.52,572
2026-08-06T20:00:00+00:00,9247.52,9251.02,9236.52,9237.01,155.41421781216388
2026-08-06T20:30:00+00:00,9237.01,9237.53,9233.03,9237.31,83.01769598577062
2026-08-06T23:00:00+00:00,9246.31,9251.31,9243.31,9248.31,186.994438422062
2026-08-06T23:30:00+00:00,9248.31,9251.31,9227.31,9234.9,593.8871046551719
2026-08-07T00:00:00+00:00,9234.9,9245.3,9210.79,9238.78,1622
2026-08-07T00:30:00+00:00,9238.78,9246.29,9223.28,9245.8,639
2026-08-07T01:00:00+00:00,9245.8,9265.29,9242.79,9262.29,771
2026-08-07T01:30:00+00:00,9262.29,9266.3,9247.29,9252.79,471
2026-08-07T02:00:00+00:00,9252.79,9258.29,9241.78,9255.29,434
2026-08-07T02:30:00+00:00,9255.29,9274.28,9254.79,9270.28,314
2026-08-07T03:00:00+00:00,9270.28,9272.8,9257.79,9258.8,253
2026-08-07T03:30:00+00:00,9258.8,9267.29,9254.79,9266.8,248
2026-08-07T04:00:00+00:00,9266.8,9277.29,9264.28,9269.79,336
2026-08-07T04:30:00+00:00,9269.79,9269.8,9261.28,9269.29,236
2026-08-07T05:00:00+00:00,9269.29,9272.8,9266.79,9270.28,174
2026-08-07T05:30:00+00:00,9270.28,9271.28,9259.28,9260.28,219.15296495956875
2026-08-07T06:00:00+00:00,9260.28,9263.9,9253.38,9257.69,386.8103078024338
2026-08-07T07:00:00+00:00,9253.69,9268.9,9253.69,9258.9,183
2026-08-07T07:30:00+00:00,9258.9,9259.9,9254.88,9256.89,233
2026-08-07T08:00:00+00:00,9256.89,9262.9,9256.88,9262.4,353
2026-08-07T08:30:00+00:00,9262.4,9268.4,9261.38,9266.88,274
2026-08-07T09:00:00+00:00,9266.88,9270.89,9263.88,9270.38,222
2026-08-07T09:30:00+00:00,9270.38,9284.89,9268.89,9282.4,218
2026-08-07T10:00:00+00:00,9282.4,9283.88,9277.39,9279.38,164
2026-08-07T10:30:00+00:00,9279.38,9287.4,9279.38,9283.88,159.48482670620976
2026-08-07T11:00:00+00:00,9283.88,9287.9,9281.38,9281.88,174.83815028901734
2026-08-07T11:30:00+00:00,9281.88,9290.4,9281.88,9284.9,149
2026-08-07T12:00:00+00:00,9284.9,9290.4,9281.88,9284.19,276
2026-08-07T12:30:00+00:00,9284.19,9315.38,9284.19,9302.9,964
2026-08-07T13:00:00+00:00,9302.9,9302.9,9283.4,9286.4,540
2026-08-07T13:30:00+00:00,9286.4,9300.89,9282.4,9292.39,901
2026-08-07T14:00:00+00:00,9292.39,9309.88,9284.38,9307.89,759
2026-08-07T14:30:00+00:00,9307.89,9308.39,9297.9,9299.9,542
2026-08-07T15:00:00+00:00,9299.9,9302.9,9296.38,9297.89,430
2026-08-07T15:30:00+00:00,9297.89,9298.89,9283.88,9289.89,428
2026-08-07T16:00:00+00:00,9289.89,9292.9,9276.88,9279.38,499
2026-08-07T16:30:00+00:00,9279.38,9290.89,9276.38,9285.9,343
2026-08-07T17:00:00+00:00,9285.9,9289.89,9283.38,9289.38,212.4381188118812
2026-08-07T17:30:00+00:00,9289.38,9291.88,9286.38,9288.9,202.99472140762464
2026-08-07T18:00:00+00:00,9288.9,9288.9,9280.89,9281.38,176
2026-08-07T18:30:00+00:00,9281.38,9282.89,9276.369999999999,9278.89,164.6679104477612
2026-08-07T19:00:00+00:00,9278.89,9293.38,9277.869999999999,9289.88,537
2026-08-07T19:30:00+00:00,9289.88,9290.89,9281.869999999999,9288.869999999999,373
2026-08-07T20:00:00+00:00,9288.869999999999,9293.89,9285.869999999999,9285.869999999999,128.55661519812085
2026-08-07T20:30:00+00:00,9285.869999999999,9286.39,9284.869999999999,9284.88,40.33184667910461
2026-08-09T23:30:00+00:00,9288.89,9288.89,9246.57,9248.59,256
2026-08-10T00:00:00+00:00,9248.59,9267.48,9230.49,9233.98,1740
2026-08-10T00:30:00+00:00,9233.98,9238.48,9213.47,9215.48,843
2026-08-10T01:00:00+00:00,9215.48,9220.48,9201.49,9213.49,1020
2026-08-10T01:30:00+00:00,9213.49,9234.48,9207.98,9231.47,575
2026-08-10T02:00:00+00:00,9231.47,9234.49,9214.98,9217.47,354
2026-08-10T02:30:00+00:00,9217.47,9220.98,9214.47,9219.48,295
2026-08-10T03:00:00+00:00,9219.48,9233.99,9219.48,9229.99,292.35805626598466
2026-08-10T03:30:00+00:00,9229.99,9234.48,9221.97,9221.97,228
2026-08-10T04:00:00+00:00,9221.97,9228.47,9213.49,9221.47,285.51394422310756
2026-08-10T04:30:00+00:00,9221.47,9231.49,9218.47,9231.49,213
2026-08-10T05:00:00+00:00,9231.49,9237.49,9229.47,9236.49,217.3421052631579
2026-08-10T05:30:00+00:00,9236.49,9237.49,9230.47,9233.97,226
2026-08-10T06:00:00+00:00,9233.97,9237.87,9228.07,9236.89,453
2026-08-10T07:00:00+00:00,9236.89,9252.59,9236.37,9252.09,223
2026-08-10T07:30:00+00:00,9252.09,9258.59,9250.57,9253.58,299
2026-08-10T08:00:00+00:00,9253.58,9256.09,9248.07,9248.08,253.58402246840382
2026-08-10T08:30:00+00:00,9248.08,9250.08,9239.08,9239.57,162.4607950768018
2026-08-10T09:00:00+00:00,9239.57,9241.08,9235.07,9240.59,171
2026-08-10T09:30:00+00:00,9240.59,9240.59,9235.07,9237.08,160
2026-08-10T10:00:00+00:00,9237.08,9240.57,9232.57,9237.09,202.291857273559
2026-08-10T10:30:00+00:00,9237.09,9237.09,9230.08,9232.07,213
2026-08-10T11:00:00+00:00,9232.07,9237.08,9226.59,9236.57,242
2026-08-10T11:30:00+00:00,9236.57,9240.09,9231.08,9239.57,212.22327790973873
2026-08-10T12:00:00+00:00,9239.57,9243.59,9235.08,9237.07,255
2026-08-10T12:30:00+00:00,9237.07,9238.07,9221.08,9230.08,330
2026-08-10T13:00:00+00:00,9230.08,9230.59,9221.07,9224.09,261
2026-08-10T13:30:00+00:00,9224.09,9228.59,9208.08,9209.07,840
2026-08-10T14:00:00+00:00,9209.07,9221.09,9208.07,9220.57,443
2026-08-10T14:30:00+00:00,9220.57,9223.58,9215.59,9218.57,449
2026-08-10T15:00:00+00:00,9218.57,9228.09,9216.07,9227.07,384
2026-08-10T15:30:00+00:00,9227.07,9236.07,9222.08,9235.09,364.420814479638
2026-08-10T16:00:00+00:00,9235.09,9235.09,9228.57,9232.58,185
2026-08-10T16:30:00+00:00,9232.58,9233.08,9222.08,9230.07,406
2026-08-10T17:00:00+00:00,9230.07,9230.08,9224.07,9225.59,196
2026-08-10T17:30:00+00:00,9225.59,9228.09,9224.57,9228.07,188
2026-08-10T18:00:00+00:00,9228.07,9230.09,9225.07,9228.09,140
2026-08-10T18:30:00+00:00,9228.09,9231.59,9225.09,9231.07,122.40338960803422
2026-08-10T19:00:00+00:00,9231.07,9237.09,9228.57,9234.09,137.20932277924362
2026-08-10T19:30:00+00:00,9234.09,9239.08,9231.08,9234.58,174
2026-08-10T20:00:00+00:00,9234.58,9235.58,9232.57,9234.07,65
2026-08-10T20:30:00+00:00,9234.07,9237.87,9232.09,9237.87,48
2026-08-10T23:00:00+00:00,9233.61,9233.61,9228.61,9230.61,95.48904170625616
2026-08-10T23:30:00+00:00,9230.61,9237.61,9202.52,9221.02,379.7352605490611
2026-08-11T00:00:00+00:00,9221.02,9240.93,9220.94,9232.94,1552
2026-08-11T00:30:00+00:00,9232.94,9251.93,9230.94,9241.94,614
2026-08-11T01:00:00+00:00,9241.94,9250.94,9238.42,9248.44,541
2026-08-11T01:30:00+00:00,9248.44,9254.44,9239.93,9243.92,430
2026-08-11T02:00:00+00:00,9243.92,9249.42,9235.93,9248.92,405
2026-08-11T02:30:00+00:00,9248.92,9255.94,9246.92,9246.92,284
2026-08-11T03:00:00+00:00,9246.92,9260.42,9246.92,9257.92,213
2026-08-11T03:30:00+00:00,9257.92,9258.93,9246.92,9246.92,193
2026-08-11T04:00:00+00:00,9246.92,9256.92,9246.92,9248.93,334
2026-08-11T04:30:00+00:00,9248.93,9280.94,9248.42,9261.42,1090
2026-08-11T05:00:00+00:00,9261.42,9262.92,9251.94,9260.44,368
2026-08-11T05:30:00+00:00,9260.44,9260.94,9238.93,9244.94,543
2026-08-11T06:00:00+00:00,9244.94,9249.52,9232.03,9236.34,557
2026-08-11T07:00:00+00:00,9244.1,9244.3,9225.28,9227.79,358
2026-08-11T07:30:00+00:00,9227.79,9241.28,9227.79,9236.28,335
2026-08-11T08:00:00+00:00,9236.28,9243.3,9229.78,9231.3,496
2026-08-11T08:30:00+00:00,9231.3,9245.79,9231.28,9236.3,303
2026-08-11T09:00:00+00:00,9236.3,9243.79,9234.28,9237.28,308
2026-08-11T09:30:00+00:00,9237.28,9244.8,9237.28,9242.3,297
2026-08-11T10:00:00+00:00,9242.3,9252.8,9239.29,9248.79,453
2026-08-11T10:30:00+00:00,9248.79,9252.8,9248.28,9249.8,255
2026-08-11T11:00:00+00:00,9249.8,9266.29,9247.78,9260.79,1145
2026-08-11T11:30:00+00:00,9260.79,9265.3,9259.28,9261.79,266
2026-08-11T12:00:00+00:00,9261.79,9262.8,9241.3,9242.78,475.75574523965855
2026-08-11T12:30:00+00:00,9242.78,9248.3,9237.28,9237.78,419
2026-08-11T13:00:00+00:00,9237.78,9246.3,9235.28,9243.28,411
2026-08-11T13:30:00+00:00,9243.28,9258.3,9237.78,9247.78,893
2026-08-11T14:00:00+00:00,9247.78,9251.28,9236.28,9237.3,577
2026-08-11T14:30:00+00:00,9237.3,9240.3,9232.8,9235.3,559
2026-08-11T15:00:00+00:00,9235.3,9240.29,9224.29,9225.8,463
2026-08-11T15:30:00+00:00,9225.8,9227.29,9215.78,9218.28,585
2026-08-11T16:00:00+00:00,9218.28,9224.3,9217.3,9220.28,295
2026-08-11T16:30:00+00:00,9220.28,9220.28,9215.28,9215.3,228
2026-08-11T17:00:00+00:00,9215.3,9218.28,9209.28,9210.8,288
2026-08-11T17:30:00+00:00,9210.8,9210.8,9204.8,9205.79,218
2026-08-11T18:00:00+00:00,9205.79,9205.79,9195.8,9196.78,291
2026-08-11T18:30:00+00:00,9196.78,9204.3,9196.78,9200.3,280
2026-08-11T19:00:00+00:00,9200.3,9208.79,9199.78,9207.79,201
2026-08-11T19:30:00+00:00,9207.79,9210.3,9205.28,9207.29,280.7931034482759
2026-08-11T20:00:00+00:00,9207.29,9209.29,9205.28,9209.29,109.2337536372454
2026-08-11T20:30:00+00:00,9209.29,9210.09,9203.29,9210.09,60
2026-08-11T23:00:00+00:00,9214.91,9215.91,9211.91,9213.91,145.79904734447055
2026-08-11T23:30:00+00:00,9213.91,9217.91,9199.34,9203.85,441.0924898710788
2026-08-12T00:00:00+00:00,9203.85,9212.76,9188.74,9209.26,1994
2026-08-12T00:30:00+00:00,9209.26,9223.25,9197.74,9198.24,822
2026-08-12T01:00:00+00:00,9198.24,9207.26,9192.24,9193.76,576
2026-08-12T01:30:00+00:00,9193.76,9196.74,9187.74,9191.25,424
2026-08-12T02:00:00+00:00,9191.25,9197.26,9187.76,9191.74,391
2026-08-12T02:30:00+00:00,9191.74,9192.74,9181.74,9184.26,329
2026-08-12T03:00:00+00:00,9184.26,9186.76,9177.74,9181.74,311.57123193392977
2026-08-12T03:30:00+00:00,9181.74,9184.76,9176.75,9179.24,219
2026-08-12T04:00:00+00:00,9179.24,9191.76,9179.24,9186.75,250
2026-08-12T04:30:00+00:00,9186.75,9195.76,9183.75,9194.75,203
2026-08-12T05:00:00+00:00,9194.75,9195.76,9190.24,9194.24,190
2026-08-12T05:30:00+00:00,9194.24,9198.75,9191.75,9195.25,217
2026-08-12T06:00:00+00:00,9195.25,9207.14,9190.34,9206.64,329.58039215686273
2026-08-12T07:00:00+00:00,9212.82,9222.03,9203.52,9204.52,297
2026-08-12T07:30:00+00:00,9204.52,9211.54,9202.52,9207.52,330
2026-08-12T08:00:00+00:00,9207.52,9208.04,9200.02,9204.54,379
2026-08-12T08:30:00+00:00,9204.54,9204.54,9197.52,9198.52,247
2026-08-12T09:00:00+00:00,9198.52,9213.54,9198.52,9204.54,644
2026-08-12T09:30:00+00:00,9204.54,9214.04,9201.52,9205.03,542
2026-08-12T10:00:00+00:00,9205.03,9213.53,9203.52,9210.54,178.6435100548446
2026-08-12T10:30:00+00:00,9210.54,9218.52,9207.04,9216.52,362
2026-08-12T11:00:00+00:00,9216.52,9219.53,9211.52,9217.02,248
2026-08-12T11:30:00+00:00,9217.02,9218.54,9213.02,9215.54,227.68255080588648
2026-08-12T12:00:00+00:00,9215.54,9216.04,9203.52,9215.82,357
2026-08-12T12:30:00+00:00,9215.82,9217.54,9196.82,9209.54,1499
2026-08-12T13:00:00+00:00,9209.54,9210.54,9196.52,9200.53,532
2026-08-12T13:30:00+00:00,9200.53,9203.04,9188.53,9191.02,962
2026-08-12T14:00:00+00:00,9191.02,9195.04,9181.53,9182.52,562
2026-08-12T14:30:00+00:00,9182.52,9190.54,9171.84,9181.04,821
2026-08-12T15:00:00+00:00,9181.04,9183.54,9176.52,9183.54,439
2026-08-12T15:30:00+00:00,9183.54,9183.54,9177.02,9180.03,368
2026-08-12T16:00:00+00:00,9180.03,9187.03,9179.54,9184.54,253.1875
2026-08-12T16:30:00+00:00,9184.54,9184.54,9180.53,9183.54,226
2026-08-12T17:00:00+00:00,9183.54,9187.54,9182.52,9185.53,181.84924078091106
2026-08-12T17:30:00+00:00,9185.53,9187.04,9183.02,9184.53,165.04124327555292
2026-08-12T18:00:00+00:00,9184.53,9191.54,9183.52,9188.04,174.79931094111978
2026-08-12T18:30:00+00:00,9188.04,9193.53,9187.53,9190.03,111.49547909792136
2026-08-12T19:00:00+00:00,9190.03,9196.53,9190.03,9195.52,158.31848024408652
2026-08-12T19:30:00+00:00,9195.52,9198.53,9190.52,9195.53,327.0378331973344
2026-08-12T20:00:00+00:00,9195.53,9197.04,9190.52,9190.52,172.66666666666666
2026-08-12T20:30:00+00:00,9190.52,9198.82,9188.02,9198.33,71.05035142159073
2026-08-12T23:00:00+00:00,9187.41,9190.41,9182.41,9182.41,138.66125239939998
2026-08-12T23:30:00+00:00,9182.41,9184.41,9149.99,9160.5,498.91491239694847
2026-08-13T00:00:00+00:00,9160.5,9173.41,9139.91,9159.39,1624
2026-08-13T00:30:00+00:00,9159.39,9164.91,9135.89,9138.39,659
2026-08-13T01:00:00+00:00,9138.39,9139.89,9109.39,9124.9,822
2026-08-13T01:30:00+00:00,9124.9,9136.91,9123.4,9127.9,556
2026-08-13T02:00:00+00:00,9127.9,9138.91,9124.39,9124.41,318
2026-08-13T02:30:00+00:00,9124.41,9131.89,9119.89,9128.4,367
2026-08-13T03:00:00+00:00,9128.4,9131.9,9124.39,9129.91,263
2026-08-13T03:30:00+00:00,9129.91,9144.89,9127.9,9144.89,268
2026-08-13T04:00:00+00:00,9144.89,9151.4,9141.4,9144.4,358
2026-08-13T04:30:00+00:00,9144.4,9144.41,9134.39,9141.89,297
2026-08-13T05:00:00+00:00,9141.89,9164.9,9141.89,9164.9,266
2026-08-13T05:30:00+00:00,9164.9,9166.91,9156.89,9163.91,261
2026-08-13T06:00:00+00:00,9163.91,9166.5,9156.49,9160.81,501
2026-08-13T07:00:00+00:00,9189.73,9193.43,9174.43,9176.41,307
2026-08-13T07:30:00+00:00,9176.41,9185.43,9174.91,9175.41,249.2619718309859
2026-08-13T08:00:00+00:00,9175.41,9188.43,9172.41,9188.43,406
2026-08-13T08:30:00+00:00,9188.43,9195.92,9187.41,9194.91,182.9527665317139
2026-08-13T09:00:00+00:00,9194.91,9194.93,9189.41,9191.42,232
2026-08-13T09:30:00+00:00,9191.42,9192.93,9188.42,9189.91,152.4292857142857
2026-08-13T10:00:00+00:00,9189.91,9194.43,9184.41,9191.41,149.75293566926683
2026-08-13T10:30:00+00:00,9191.41,9197.42,9190.41,9196.92,130
2026-08-13T11:00:00+00:00,9196.92,9201.41,9191.91,9191.92,166
2026-08-13T11:30:00+00:00,9191.92,9192.42,9182.42,9182.93,160
2026-08-13T12:00:00+00:00,9182.93,9186.42,9177.41,9178.42,266.3922603565604
2026-08-13T12:30:00+00:00,9178.42,9187.93,9172.91,9175.41,655
2026-08-13T13:00:00+00:00,9175.41,9182.93,9174.91,9181.91,335
2026-08-13T13:30:00+00:00,9181.91,9188.43,9165.43,9166.93,996
2026-08-13T14:00:00+00:00,9166.93,9175.42,9160.42,9171.41,585
2026-08-13T14:30:00+00:00,9171.41,9177.41,9165.91,9169.42,441
2026-08-13T15:00:00+00:00,9169.42,9171.93,9149.41,9151.41,674
2026-08-13T15:30:00+00:00,9151.41,9163.42,9148.92,9151.41,578
2026-08-13T16:00:00+00:00,9151.41,9156.41,9148.41,9156.41,274
2026-08-13T16:30:00+00:00,9156.41,9159.43,9153.91,9158.41,209
2026-08-13T17:00:00+00:00,9158.41,9160.42,9156.41,9156.42,163.58196010407633
2026-08-13T17:30:00+00:00,9156.42,9157.43,9151.92,9152.41,153.6785450350664
2026-08-13T18:00:00+00:00,9152.41,9158.41,9152.41,9156.42,194.72696704774714
2026-08-13T18:30:00+00:00,9156.42,9159.42,9154.41,9154.41,163.60550382853458
2026-08-13T19:00:00+00:00,9154.41,9156.43,9148.41,9148.43,163
2026-08-13T19:30:00+00:00,9148.43,9151.43,9146.41,9149.41,179
2026-08-13T20:00:00+00:00,9149.41,9155.42,9148.91,9151.43,128.93854426459205
2026-08-13T20:30:00+00:00,9151.43,9154.43,9149.73,9152.73,68.19571082917116
2026-08-13T23:00:00+00:00,9142.51,9155.51,9142.51,9154.51,111.78553212885207
2026-08-13T23:30:00+00:00,9154.51,9164.95,9142.2,9142.7,542.1479878322474
2026-08-14T00:00:00+00:00,9142.7,9146.58,9120.59,9127.1,1885
2026-08-14T00:30:00+00:00,9127.1,9133.6,9112.09,9122.59,913
2026-08-14T01:00:00+00:00,9122.59,9139.08,9118.59,9137.09,633
2026-08-14T01:30:00+00:00,9137.09,9141.6,9129.58,9129.59,499
2026-08-14T02:00:00+00:00,9129.59,9134.6,9123.58,9129.58,391
2026-08-14T02:30:00+00:00,9129.58,9131.6,9115.08,9115.6,322.0874057525831
2026-08-14T03:00:00+00:00,9115.6,9123.1,9111.59,9115.6,257
2026-08-14T03:30:00+00:00,9115.6,9118.59,9106.59,9107.09,230
2026-08-14T04:00:00+00:00,9107.09,9113.6,9097.58,9098.6,220
2026-08-14T04:30:00+00:00,9098.6,9105.1,9095.59,9097.59,257
2026-08-14T05:00:00+00:00,9097.59,9108.59,9096.09,9108.09,222.26013513513513
2026-08-14T05:30:00+00:00,9108.09,9110.59,9104.09,9108.59,225
2026-08-14T06:00:00+00:00,9108.59,9113.7,9101.19,9113,416
2026-08-14T07:00:00+00:00,9106.22,9106.22,9081.41,9086.41,265
2026-08-14T07:30:00+00:00,9086.41,9092.9,9086.4,9090.42,286
2026-08-14T08:00:00+00:00,9090.42,9093.41,9083.4,9090.42,341
2026-08-14T08:30:00+00:00,9090.42,9095.42,9088.4,9091.4,254
2026-08-14T09:00:00+00:00,9091.4,9098.42,9090.4,9094.42,204
2026-08-14T09:30:00+00:00,9094.42,9096.41,9087.4,9090.42,226
2026-08-14T10:00:00+00:00,9090.42,9099.42,9090.42,9093.91,195.18996960486322
2026-08-14T10:30:00+00:00,9093.91,9096.42,9091.9,9093.42,165
2026-08-14T11:00:00+00:00,9093.42,9093.92,9082.4,9091.4,200.93097184377837
2026-08-14T11:30:00+00:00,9091.4,9096.42,9089.9,9092.42,216
2026-08-14T12:00:00+00:00,9092.42,9100.4,9085.9,9100.4,287
2026-08-14T12:30:00+00:00,9100.4,9102.41,9092.41,9094.92,355
2026-08-14T13:00:00+00:00,9094.92,9095.91,9088.91,9094.4,304
2026-08-14T13:30:00+00:00,9094.4,9098.42,9088.92,9092.42,694
2026-08-14T14:00:00+00:00,9092.42,9093.92,9083.41,9087.41,456
2026-08-14T14:30:00+00:00,9087.41,9088.92,9071.4,9073.41,389
2026-08-14T15:00:00+00:00,9073.41,9078.4,9066.41,9070.91,403
2026-08-14T15:30:00+00:00,9070.91,9071.42,9060.9,9065.42,421
2026-08-14T16:00:00+00:00,9065.42,9069.92,9062.42,9067.4,216.1296093464768
2026-08-14T16:30:00+00:00,9067.4,9069.42,9063.9,9064.42,181.36763005780347
2026-08-14T17:00:00+00:00,9064.42,9067.4,9063.4,9065.42,222.50428265524624
2026-08-14T17:30:00+00:00,9065.42,9067.42,9062.91,9064.41,138.73427866831074
2026-08-14T18:00:00+00:00,9064.41,9068.4,9063.4,9068.4,118.8119266055046
2026-08-14T18:30:00+00:00,9068.4,9075.41,9067.9,9074.4,190.58526740665994
2026-08-14T19:00:00+00:00,9074.4,9079.41,9071.9,9077.41,146
2026-08-14T19:30:00+00:00,9077.41,9080.92,9071.91,9077.9,187.60445387062566
2026-08-14T20:00:00+00:00,9077.9,9082.4,9075.4,9075.9,93.90527365250436
2026-08-14T20:30:00+00:00,9075.9,9076.92,9074.41,9074.41,29.352845188591377
2026-08-16T23:30:00+00:00,9073.41,9087.04,9073.41,9081.03,97
2026-08-17T00:00:00+00:00,9081.03,9094.93,9075.43,9094.43,1193
2026-08-17T00:30:00+00:00,9094.43,9094.43,9079.44,9080.95,578
2026-08-17T01:00:00+00:00,9080.95,9099.45,9079.45,9099.45,552
2026-08-17T01:30:00+00:00,9099.45,9108.44,9089.93,9089.94,589
2026-08-17T02:00:00+00:00,9089.94,9091.45,9082.93,9089.94,365
2026-08-17T02:30:00+00:00,9089.94,9093.45,9080.44,9080.44,312.3834304746045
2026-08-17T03:00:00+00:00,9080.44,9087.95,9077.44,9080.94,267
2026-08-17T03:30:00+00:00,9080.94,9081.95,9076.93,9078.43,285.82160392798687
2026-08-17T04:00:00+00:00,9078.43,9082.94,9072.43,9072.44,245.99630996309963
2026-08-17T04:30:00+00:00,9072.44,9072.44,9062.45,9064.45,286.5847176079734
2026-08-17T05:00:00+00:00,9064.45,9072.45,9063.45,9065.44,327
2026-08-17T05:30:00+00:00,9065.44,9069.43,9060.94,9062.44,291
2026-08-17T06:00:00+00:00,9062.44,9071.53,9058.03,9071.35,585
2026-08-17T07:00:00+00:00,9072.35,9072.35,9046.05,9055.55,247
2026-08-17T07:30:00+00:00,9055.55,9065.05,9054.05,9058.04,242
2026-08-17T08:00:00+00:00,9058.04,9061.03,9050.05,9053.04,266
2026-08-17T08:30:00+00:00,9053.04,9055.53,9043.03,9048.03,184
2026-08-17T09:00:00+00:00,9048.03,9048.54,9043.03,9046.04,167
2026-08-17T09:30:00+00:00,9046.04,9047.05,9036.04,9037.03,144.8175824175824
2026-08-17T10:00:00+00:00,9037.03,9058.55,9036.53,9058.03,368
2026-08-17T10:30:00+00:00,9058.03,9058.54,9041.04,9044.03,489
2026-08-17T11:00:00+00:00,9044.03,9044.05,9035.53,9042.05,210
2026-08-17T11:30:00+00:00,9042.05,9045.03,9032.04,9032.54,172.66666666666669
2026-08-17T12:00:00+00:00,9032.54,9035.05,9010.05,9013.05,331
2026-08-17T12:30:00+00:00,9013.05,9015.54,9005.03,9009.55,414
2026-08-17T13:00:00+00:00,9009.55,9015.05,9008.03,9013.54,279.93968023255815
2026-08-17T13:30:00+00:00,9013.54,9043.05,9012.05,9043.05,661
2026-08-17T14:00:00+00:00,9043.05,9043.55,9030.53,9031.05,344
2026-08-17T14:30:00+00:00,9031.05,9040.54,9025.53,9027.04,280
2026-08-17T15:00:00+00:00,9027.04,9034.05,9023.04,9032.04,347
2026-08-17T15:30:00+00:00,9032.04,9036.05,9028.53,9034.53,189
2026-08-17T16:00:00+00:00,9034.53,9037.05,9031.03,9031.04,156.74088478366554
2026-08-17T16:30:00+00:00,9031.04,9031.05,9025.05,9029.05,111.51431612535691
2026-08-17T17:00:00+00:00,9029.05,9030.05,9022.04,9024.04,170.9468686597446
2026-08-17T17:30:00+00:00,9024.04,9028.04,9019.53,9024.05,226
2026-08-17T18:00:00+00:00,9024.05,9028.05,9021.54,9028.05,224
2026-08-17T18:30:00+00:00,9028.05,9028.05,9021.05,9022.55,138
2026-08-17T19:00:00+00:00,9022.55,9028.53,9019.03,9027.55,183
2026-08-17T19:30:00+00:00,9027.55,9033.04,9024.55,9031.03,259
2026-08-17T20:00:00+00:00,9031.03,9032.55,9029.04,9031.54,66
2026-08-17T20:30:00+00:00,9031.54,9032.83,9029.03,9032.83,82
2026-08-17T23:00:00+00:00,9032.81,9032.81,9027.81,9030.81,118.86801507211275
2026-08-17T23:30:00+00:00,9030.81,9073.58,9027.81,9071.57,738.1360293412449
2026-08-18T00:00:00+00:00,9071.57,9096.47,9060.49,9086.48,1974
2026-08-18T00:30:00+00:00,9086.48,9088.48,9076.97,9085.49,835
2026-08-18T01:00:00+00:00,9085.49,9114.47,9084.98,9106.47,916
2026-08-18T01:30:00+00:00,9106.47,9108.48,9085.48,9100.97,736
2026-08-18T02:00:00+00:00,9100.97,9101.99,9090.47,9091.49,607
2026-08-18T02:30:00+00:00,9091.49,9100.47,9088.99,9096.48,358
2026-08-18T03:00:00+00:00,9096.48,9103.48,9092.97,9095.49,325
2026-08-18T03:30:00+00:00,9095.49,9100.49,9079.47,9085.99,379
2026-08-18T04:00:00+00:00,9085.99,9088.49,9080.47,9085.99,282
2026-08-18T04:30:00+00:00,9085.99,9090.97,9083.47,9089.47,243
2026-08-18T05:00:00+00:00,9089.47,9093.98,9083.48,9092.98,296
2026-08-18T05:30:00+00:00,9092.98,9096.49,9084.47,9084.47,259
2026-08-18T06:00:00+00:00,9084.47,9084.47,9068.59,9073.39,571
2026-08-18T07:00:00+00:00,9059.63,9061.81,9044.62,9055.82,354
2026-08-18T07:30:00+00:00,9055.82,9058.83,9039.31,9040.31,280
2026-08-18T08:00:00+00:00,9040.31,9042.83,9031.31,9041.82,473
2026-08-18T08:30:00+00:00,9041.82,9051.82,9040.33,9051.82,354
2026-08-18T09:00:00+00:00,9051.82,9056.31,9046.33,9054.32,314
2026-08-18T09:30:00+00:00,9054.32,9064.33,9053.81,9063.33,360.3253263707572
2026-08-18T10:00:00+00:00,9063.33,9066.32,9056.81,9059.31,225
2026-08-18T10:30:00+00:00,9059.31,9060.33,9056.33,9059.33,179.5686274509804
2026-08-18T11:00:00+00:00,9059.33,9063.33,9057.82,9060.81,204
2026-08-18T11:30:00+00:00,9060.81,9063.33,9054.83,9062.33,201
2026-08-18T12:00:00+00:00,9062.33,9071.33,9059.31,9065.83,317
2026-08-18T12:30:00+00:00,9065.83,9069.83,9061.81,9069.83,163
2026-08-18T13:00:00+00:00,9069.83,9071.31,9056.82,9063.32,250
2026-08-18T13:30:00+00:00,9063.32,9074.32,9054.83,9055.31,812
2026-08-18T14:00:00+00:00,9055.31,9064.33,9049.82,9061.31,434
2026-08-18T14:30:00+00:00,9061.31,9062.83,9037.31,9038.33,495
2026-08-18T15:00:00+00:00,9038.33,9048.31,9034.31,9040.81,491
2026-08-18T15:30:00+00:00,9040.81,9050.33,9035.31,9049.32,371.02344622255305
2026-08-18T16:00:00+00:00,9049.32,9052.33,9043.81,9047.81,234
2026-08-18T16:30:00+00:00,9047.81,9056.33,9047.81,9051.82,199
2026-08-18T17:00:00+00:00,9051.82,9054.33,9050.31,9052.33,101.53719677440247
2026-08-18T17:30:00+00:00,9052.33,9054.33,9048.82,9048.82,117.26889168765743
2026-08-18T18:00:00+00:00,9048.82,9058.32,9046.31,9057.83,174.810147299509
2026-08-18T18:30:00+00:00,9057.83,9058.82,9051.31,9051.31,98.15388649474428
2026-08-18T19:00:00+00:00,9051.31,9056.32,9049.32,9055.31,139.55531271611704
2026-08-18T19:30:00+00:00,9055.31,9057.33,9041.81,9043.33,254.54347427639908
2026-08-18T20:00:00+00:00,9043.33,9045.32,9038.31,9040.33,81
2026-08-18T20:30:00+00:00,9040.33,9041.32,9035.32,9037.62,61
2026-08-18T23:00:00+00:00,9020.18,9027.18,9019.18,9021.18,166.1383598005146
2026-08-18T23:30:00+00:00,9021.18,9031.18,9003.96,9005.449999999999,557.5971513870368
2026-08-19T00:00:00+00:00,9005.449999999999,9026.849999999999,8992.849999999999,9021.359999999999,1643
2026-08-19T00:30:00+00:00,9021.359999999999,9042.359999999999,9012.859999999999,9014.369999999999,750
2026-08-19T01:00:00+00:00,9014.369999999999,9024.869999999999,9010.859999999999,9012.349999999999,718
2026-08-19T01:30:00+00:00,9012.349999999999,9021.869999999999,9005.849999999999,9012.859999999999,515
2026-08-19T02:00:00+00:00,9012.859999999999,9016.369999999999,9009.859999999999,9014.369999999999,405
2026-08-19T02:30:00+00:00,9014.369999999999,9021.859999999999,9004.859999999999,9011.349999999999,427
2026-08-19T03:00:00+00:00,9011.349999999999,9013.869999999999,9002.849999999999,9013.359999999999,395
2026-08-19T03:30:00+00:00,9013.359999999999,9019.359999999999,9010.369999999999,9011.869999999999,308
2026-08-19T04:00:00+00:00,9011.869999999999,9024.869999999999,9011.849999999999,9019.869999999999,266
2026-08-19T04:30:00+00:00,9019.869999999999,9031.369999999999,9013.849999999999,9030.859999999999,254.58527341635084
2026-08-19T05:00:00+00:00,9030.859999999999,9035.869999999999,9024.859999999999,9026.869999999999,312
2026-08-19T05:30:00+00:00,9026.869999999999,9031.859999999999,9024.849999999999,9029.859999999999,248
2026-08-19T06:00:00+00:00,9029.859999999999,9039.96,9027.46,9039.259999999998,487
2026-08-19T07:00:00+00:00,9057.07,9067.27,9056.26,9062.28,270
2026-08-19T07:30:00+00:00,9062.28,9067.78,9050.28,9055.76,350
2026-08-19T08:00:00+00:00,9055.76,9056.27,9045.26,9048.26,336.469746258946
2026-08-19T08:30:00+00:00,9048.26,9048.26,9036.26,9036.78,225
2026-08-19T09:00:00+00:00,9036.78,9040.28,9026.76,9035.28,215
2026-08-19T09:30:00+00:00,9035.28,9037.28,9029.27,9036.26,195.07070707070707
2026-08-19T10:00:00+00:00,9036.26,9042.27,9033.27,9036.26,189.16579326420566
2026-08-19T10:30:00+00:00,9036.26,9040.27,9032.27,9040.27,151
2026-08-19T11:00:00+00:00,9040.27,9049.28,9040.27,9042.77,211.88636363636363
2026-08-19T11:30:00+00:00,9042.77,9053.76,9041.76,9052.26,133.00799323581458
2026-08-19T12:00:00+00:00,9052.26,9059.28,9050.26,9055.28,223.84375
2026-08-19T12:30:00+00:00,9055.28,9087.77,9054.27,9075.76,1244
2026-08-19T13:00:00+00:00,9075.76,9076.28,9065.26,9076.26,552
2026-08-19T13:30:00+00:00,9076.26,9086.28,9072.26,9080.77,743
2026-08-19T14:00:00+00:00,9080.77,9085.77,9071.77,9084.77,634
2026-08-19T14:30:00+00:00,9084.77,9092.28,9078.76,9083.28,425
2026-08-19T15:00:00+00:00,9083.28,9084.26,9071.76,9075.76,317
2026-08-19T15:30:00+00:00,9075.76,9076.27,9066.77,9074.27,363
2026-08-19T16:00:00+00:00,9074.27,9079.77,9069.77,9069.78,188
2026-08-19T16:30:00+00:00,9069.78,9072.77,9068.26,9068.77,231.68077257797108
2026-08-19T17:00:00+00:00,9068.77,9071.28,9063.26,9065.28,198
2026-08-19T17:30:00+00:00,9065.28,9066.76,9061.76,9062.77,161
2026-08-19T18:00:00+00:00,9062.77,9068.78,9059.26,9062.27,334
2026-08-19T18:30:00+00:00,9062.27,9068.26,9062.27,9066.27,191.88686605981795
2026-08-19T19:00:00+00:00,9066.27,9075.28,9066.27,9074.28,171
2026-08-19T19:30:00+00:00,9074.28,9079.28,9066.78,9078.78,355.90443425076455
2026-08-19T20:00:00+00:00,9078.78,9082.76,9078.26,9082.28,85.9132354258104
2026-08-19T20:30:00+00:00,9082.28,9086.06,9080.76,9086.06,63.60134996867494
2026-08-19T23:00:00+00:00,9093.01,9099.01,9087.01,9090.01,194.40449808699543
2026-08-19T23:30:00+00:00,9090.01,9091.01,9067.36,9076.869999999999,671.2163815974263
2026-08-20T00:00:00+00:00,9076.869999999999,9085.26,9063.76,9066.76,1988
2026-08-20T00:30:00+00:00,9066.76,9071.77,9044.77,9047.779999999999,1138
2026-08-20T01:00:00+00:00,9047.779999999999,9061.76,9042.76,9048.76,864
2026-08-20T01:30:00+00:00,9048.76,9066.26,9040.27,9041.27,1165
2026-08-20T02:00:00+00:00,9041.27,9061.779999999999,9040.76,9055.27,575
2026-08-20T02:30:00+00:00,9055.27,9064.77,9047.76,9060.77,552
2026-08-20T03:00:00+00:00,9060.77,9061.26,9048.76,9049.27,403
2026-08-20T03:30:00+00:00,9049.27,9053.77,9044.76,9049.76,409
2026-08-20T04:00:00+00:00,9049.76,9050.76,9039.76,9043.779999999999,433
2026-08-20T04:30:00+00:00,9043.779999999999,9048.779999999999,9036.76,9046.26,288
2026-08-20T05:00:00+00:00,9046.26,9052.77,9043.76,9046.779999999999,406
2026-08-20T05:30:00+00:00,9046.779999999999,9055.279999999999,9046.779999999999,9048.779999999999,307
2026-08-20T06:00:00+00:00,9048.779999999999,9059.38,9045.86,9052.18,528
2026-08-20T07:00:00+00:00,9069.36,9069.36,9045.04,9046.54,316
2026-08-20T07:30:00+00:00,9046.54,9051.05,9038.54,9041.04,508
2026-08-20T08:00:00+00:00,9041.04,9048.06,9032.54,9034.05,546
2026-08-20T08:30:00+00:00,9034.05,9037.05,9027.04,9029.04,532
2026-08-20T09:00:00+00:00,9029.04,9043.06,9029.04,9042.55,437
2026-08-20T09:30:00+00:00,9042.55,9050.54,9040.54,9046.55,334
2026-08-20T10:00:00+00:00,9046.55,9051.56,9042.55,9047.05,337
2026-08-20T10:30:00+00:00,9047.05,9050.54,9040.06,9045.54,320
2026-08-20T11:00:00+00:00,9045.54,9049.05,9029.06,9029.06,519
2026-08-20T11:30:00+00:00,9029.06,9032.04,9016.54,9017.55,537
2026-08-20T12:00:00+00:00,9017.55,9017.55,9001.54,9010.55,1095
2026-08-20T12:30:00+00:00,9010.55,9023.05,9001.06,9023.05,495
2026-08-20T13:00:00+00:00,9023.05,9027.06,9016.54,9023.54,299
2026-08-20T13:30:00+00:00,9023.54,9046.06,9019.54,9034.56,926
2026-08-20T14:00:00+00:00,9034.56,9047.56,9025.05,9042.55,758
2026-08-20T14:30:00+00:00,9042.55,9057.56,9041.06,9057.56,641
2026-08-20T15:00:00+00:00,9057.56,9069.56,9040.54,9053.56,923
2026-08-20T15:30:00+00:00,9053.56,9054.05,9033.55,9038.55,445
2026-08-20T16:00:00+00:00,9038.55,9050.05,9036.54,9048.56,336.10104914411926
2026-08-20T16:30:00+00:00,9048.56,9058.04,9044.04,9057.06,268
2026-08-20T17:00:00+00:00,9057.06,9057.06,9046.54,9048.54,202
2026-08-20T17:30:00+00:00,9048.54,9053.06,9043.54,9051.06,222
2026-08-20T18:00:00+00:00,9051.06,9051.56,9043.54,9046.04,257
2026-08-20T18:30:00+00:00,9046.04,9047.06,9043.54,9043.54,186
2026-08-20T19:00:00+00:00,9043.54,9051.06,9042.54,9047.54,184.44218551461245
2026-08-20T19:30:00+00:00,9047.54,9054.56,9045.56,9050.56,322
2026-08-20T20:00:00+00:00,9050.56,9052.56,9038.54,9040.05,90.34155049939484
2026-08-20T20:30:00+00:00,9040.05,9044.06,9038.86,9038.86,69.22610284741235
2026-08-20T23:00:00+00:00,9043.75,9043.75,9036.75,9042.75,92.52270624114499
2026-08-20T23:30:00+00:00,9042.75,9060.3,9027.81,9058.32,482.39418251723254
2026-08-21T00:00:00+00:00,9058.32,9070.199999999999,9052.199999999999,9058.21,1157
2026-08-21T00:30:00+00:00,9058.21,9070.22,9054.699999999999,9061.199999999999,708
2026-08-21T01:00:00+00:00,9061.199999999999,9075.71,9060.199999999999,9066.71,661
2026-08-21T01:30:00+00:00,9066.71,9075.21,9056.199999999999,9059.199999999999,546
2026-08-21T02:00:00+00:00,9059.199999999999,9060.21,9046.199999999999,9055.699999999999,412
2026-08-21T02:30:00+00:00,9055.699999999999,9057.72,9043.199999999999,9057.199999999999,502
2026-08-21T03:00:00+00:00,9057.199999999999,9057.22,9043.699999999999,9049.22,387
2026-08-21T03:30:00+00:00,9049.22,9059.22,9045.699999999999,9047.199999999999,355.82882462686564
2026-08-21T04:00:00+00:00,9047.199999999999,9056.22,9042.199999999999,9042.72,322
2026-08-21T04:30:00+00:00,9042.72,9054.22,9038.199999999999,9049.199999999999,353
2026-08-21T05:00:00+00:00,9049.199999999999,9053.72,9045.21,9045.71,288.44658493870406
2026-08-21T05:30:00+00:00,9045.71,9052.699999999999,9044.199999999999,9048.21,379.41623036649213
2026-08-21T06:00:00+00:00,9048.21,9053.82,9038.8,9039.619999999999,538
2026-08-21T07:00:00+00:00,9036.15,9058.34,9035.34,9051.83,191
2026-08-21T07:30:00+00:00,9051.83,9058.34,9050.35,9052.34,220
2026-08-21T08:00:00+00:00,9052.34,9053.34,9039.84,9050.33,284
2026-08-21T08:30:00+00:00,9050.33,9057.85,9048.84,9056.34,194.6275911365261
2026-08-21T09:00:00+00:00,9056.34,9060.34,9051.35,9053.34,242
2026-08-21T09:30:00+00:00,9053.34,9058.34,9051.83,9053.84,189
2026-08-21T10:00:00+00:00,9053.84,9059.84,9050.34,9052.34,205.45070422535213
2026-08-21T10:30:00+00:00,9052.34,9056.83,9049.84,9051.35,122.62461604966914
2026-08-21T11:00:00+00:00,9051.35,9067.84,9047.33,9061.33,473
2026-08-21T11:30:00+00:00,9061.33,9063.84,9054.35,9054.85,345
2026-08-21T12:00:00+00:00,9054.85,9058.35,9048.35,9051.84,162.86058404558406
2026-08-21T12:30:00+00:00,9051.84,9055.34,9046.35,9049.34,191.16602907421577
2026-08-21T13:00:00+00:00,9049.34,9058.35,9046.34,9057.33,256.5132075471698
2026-08-21T13:30:00+00:00,9057.33,9085.84,9057.33,9083.83,906
2026-08-21T14:00:00+00:00,9083.83,9088.35,9078.33,9088.33,562
2026-08-21T14:30:00+00:00,9088.33,9088.84,9074.85,9079.33,457
2026-08-21T15:00:00+00:00,9079.33,9083.34,9073.35,9077.83,417
2026-08-21T15:30:00+00:00,9077.83,9085.35,9075.84,9080.35,335
2026-08-21T16:00:00+00:00,9080.35,9081.33,9070.34,9073.84,363
2026-08-21T16:30:00+00:00,9073.84,9078.35,9072.33,9077.83,239
2026-08-21T17:00:00+00:00,9077.83,9079.34,9072.85,9073.34,203.93767441860464
2026-08-21T17:30:00+00:00,9073.34,9073.35,9070.84,9071.34,109.59138804786744
2026-08-21T18:00:00+00:00,9071.34,9080.34,9068.85,9080.34,92.12432786958422
2026-08-21T18:30:00+00:00,9080.34,9083.83,9077.83,9082.34,123.61416070007955
2026-08-21T19:00:00+00:00,9082.34,9083.35,9079.34,9079.34,84.6107468335519
2026-08-21T19:30:00+00:00,9079.34,9085.33,9074.84,9079.34,220
2026-08-21T20:00:00+00:00,9079.34,9080.35,9075.33,9076.84,78.12687461232301
2026-08-21T20:30:00+00:00,9076.84,9077.33,9075.85,9077.33,20.232069996516447
2026-08-23T23:30:00+00:00,9077.33,9084.59,9071.08,9082.59,211
2026-08-24T00:00:00+00:00,9082.59,9086.98,9063.99,9079.98,1580
2026-08-24T00:30:00+00:00,9079.98,9091.99,9068.47,9091.97,598
2026-08-24T01:00:00+00:00,9091.97,9106.49,9091.49,9092.99,661
2026-08-24T01:30:00+00:00,9092.99,9110.98,9077.98,9110.98,461
2026-08-24T02:00:00+00:00,9110.98,9124.99,9109.97,9115.49,497
2026-08-24T02:30:00+00:00,9115.49,9116.97,9099.97,9108.98,290
2026-08-24T03:00:00+00:00,9108.98,9108.99,9097.99,9101.47,236
2026-08-24T03:30:00+00:00,9101.47,9105.99,9097.97,9099.47,242
2026-08-24T04:00:00+00:00,9099.47,9104.48,9091.97,9103.48,241
2026-08-24T04:30:00+00:00,9103.48,9105.99,9093.97,9095.99,314
2026-08-24T05:00:00+00:00,9095.99,9100.48,9088.98,9089.48,256
2026-08-24T05:30:00+00:00,9089.48,9094.99,9083.97,9084.48,360
2026-08-24T06:00:00+00:00,9084.48,9095.09,9079.57,9088.87,491
2026-08-24T07:00:00+00:00,9088.87,9088.87,9074.57,9076.57,297
2026-08-24T07:30:00+00:00,9076.57,9080.59,9068.57,9068.57,476
2026-08-24T08:00:00+00:00,9068.57,9080.57,9067.57,9071.59,587
2026-08-24T08:30:00+00:00,9071.59,9081.59,9070.08,9077.08,341
2026-08-24T09:00:00+00:00,9077.08,9081.59,9076.08,9079.58,259
2026-08-24T09:30:00+00:00,9079.58,9090.59,9079.57,9089.57,188
2026-08-24T10:00:00+00:00,9089.57,9093.58,9086.59,9087.07,156
2026-08-24T10:30:00+00:00,9087.07,9089.57,9082.57,9083.09,244
2026-08-24T11:00:00+00:00,9083.09,9084.09,9077.57,9079.59,404
2026-08-24T11:30:00+00:00,9079.59,9094.08,9077.57,9080.59,1035
2026-08-24T12:00:00+00:00,9080.59,9081.59,9075.07,9079.58,461
2026-08-24T12:30:00+00:00,9079.58,9084.58,9071.57,9079.59,563
2026-08-24T13:00:00+00:00,9079.59,9080.09,9069.57,9077.08,331
2026-08-24T13:30:00+00:00,9077.08,9097.09,9073.57,9093.57,878
2026-08-24T14:00:00+00:00,9093.57,9109.59,9089.59,9107.58,634
2026-08-24T14:30:00+00:00,9107.58,9111.59,9101.57,9103.59,417
2026-08-24T15:00:00+00:00,9103.59,9106.59,9093.57,9104.08,409
2026-08-24T15:30:00+00:00,9104.08,9106.57,9089.57,9091.57,553
2026-08-24T16:00:00+00:00,9091.57,9103.59,9091.57,9102.58,427
2026-08-24T16:30:00+00:00,9102.58,9102.58,9094.57,9095.09,202
2026-08-24T17:00:00+00:00,9095.09,9106.59,9094.08,9094.58,758
2026-08-24T17:30:00+00:00,9094.58,9098.58,9094.58,9097.07,294
2026-08-24T18:00:00+00:00,9097.07,9101.59,9094.59,9101.59,176
2026-08-24T18:30:00+00:00,9101.59,9102.58,9096.57,9096.59,325
2026-08-24T19:00:00+00:00,9096.59,9098.59,9094.09,9094.09,253
2026-08-24T19:30:00+00:00,9094.09,9096.57,9091.58,9094.09,222
2026-08-24T20:00:00+00:00,9094.09,9099.57,9094.09,9097.58,110
2026-08-24T20:30:00+00:00,9097.58,9102.37,9097.58,9102.37,103
2026-08-24T23:30:00+00:00,9102.37,9105.82,9091.82,9104.8,134
2026-08-25T00:00:00+00:00,9104.8,9141.71,9104.8,9136.72,2082
2026-08-25T00:30:00+00:00,9136.72,9149.21,9131.21,9132.2,777
2026-08-25T01:00:00+00:00,9132.2,9168.21,9131.2,9163.71,710
2026-08-25T01:30:00+00:00,9163.71,9179.72,9158.21,9158.7,617
2026-08-25T02:00:00+00:00,9158.7,9161.72,9145.21,9149.72,714
2026-08-25T02:30:00+00:00,9149.72,9152.72,9135.7,9136.7,517
2026-08-25T03:00:00+00:00,9136.7,9163.21,9136.7,9158.21,444
2026-08-25T03:30:00+00:00,9158.21,9159.22,9146.2,9146.7,341
2026-08-25T04:00:00+00:00,9146.7,9159.22,9145.71,9151.22,270
2026-08-25T04:30:00+00:00,9151.22,9158.72,9145.2,9145.2,208
2026-08-25T05:00:00+00:00,9145.2,9162.22,9144.2,9155.72,323
2026-08-25T05:30:00+00:00,9155.72,9163.21,9152.2,9160.21,286
2026-08-25T06:00:00+00:00,9160.21,9166.81,9156.3,9161.6,445
2026-08-25T07:00:00+00:00,9161.6,9166.31,9151.31,9152.81,232
2026-08-25T07:30:00+00:00,9152.81,9155.32,9146.8,9149.31,323
2026-08-25T08:00:00+00:00,9149.31,9168.82,9141.8,9157.32,1149
2026-08-25T08:30:00+00:00,9157.32,9164.31,9153.32,9163.8,654
2026-08-25T09:00:00+00:00,9163.8,9172.3,9160.8,9170.32,408
2026-08-25T09:30:00+00:00,9170.32,9186.31,9167.3,9180.3,848
2026-08-25T10:00:00+00:00,9180.3,9180.32,9171.31,9171.31,326
2026-08-25T10:30:00+00:00,9171.31,9175.31,9167.81,9168.8,222
2026-08-25T11:00:00+00:00,9168.8,9169.8,9161.32,9165.81,293
2026-08-25T11:30:00+00:00,9165.81,9171.32,9165.8,9169.32,309
2026-08-25T12:00:00+00:00,9169.32,9169.81,9159.83,9163.81,196
2026-08-25T12:30:00+00:00,9164.3,9167.31,9158.8,9162.8,197
2026-08-25T13:00:00+00:00,9162.8,9168.32,9158.8,9166.31,337
2026-08-25T13:30:00+00:00,9166.31,9170.32,9158.31,9167.3,565
2026-08-25T14:00:00+00:00,9167.3,9180.82,9167.3,9177.32,423
2026-08-25T14:30:00+00:00,9177.32,9188.3,9166.8,9184.31,574
2026-08-25T15:00:00+00:00,9184.31,9190.32,9181.81,9184.81,374
2026-08-25T15:30:00+00:00,9184.81,9193.32,9182.81,9187.8,553
2026-08-25T16:00:00+00:00,9187.8,9187.82,9182.3,9185.31,278
2026-08-25T16:30:00+00:00,9185.31,9191.3,9182.82,9189.8,177
2026-08-25T17:00:00+00:00,9189.8,9189.8,9183.8,9184.8,215
2026-08-25T17:30:00+00:00,9184.8,9189.31,9184.8,9188.82,123
2026-08-25T18:00:00+00:00,9188.82,9191.31,9186.8,9187.82,169
2026-08-25T18:30:00+00:00,9187.82,9192.32,9186.8,9190.81,175
2026-08-25T19:00:00+00:00,9190.81,9192.82,9188.81,9191.8,195
2026-08-25T19:30:00+00:00,9191.8,9195.82,9187.3,9195.82,314
2026-08-25T20:00:00+00:00,9195.82,9196.82,9188.82,9191.3,146
2026-08-25T20:30:00+00:00,9191.3,9193.32,9187.8,9192.11,67
2026-08-25T23:30:00+00:00,9192.11,9192.11,9165.03,9181.54,153
2026-08-26T00:00:00+00:00,9181.54,9193.45,9172.43,9179.44,1446
2026-08-26T00:30:00+00:00,9179.44,9208.43,9176.94,9204.95,599
2026-08-26T01:00:00+00:00,9204.95,9219.44,9198.43,9203.93,598
2026-08-26T01:30:00+00:00,9203.93,9203.93,9167.94,9177.45,952
2026-08-26T02:00:00+00:00,9177.45,9181.45,9158.43,9159.45,480
2026-08-26T02:30:00+00:00,9159.45,9162.93,9147.95,9147.95,446
2026-08-26T03:00:00+00:00,9147.95,9147.95,9137.95,9141.94,404
2026-08-26T03:30:00+00:00,9141.94,9146.95,9139.43,9142.94,416
2026-08-26T04:00:00+00:00,9142.94,9147.44,9138.95,9141.93,314
2026-08-26T04:30:00+00:00,9141.93,9147.95,9133.43,9135.44,437
2026-08-26T05:00:00+00:00,9135.44,9141.95,9129.44,9133.43,386
2026-08-26T05:30:00+00:00,9133.43,9136.94,9123.43,9126.45,528
2026-08-26T06:00:00+00:00,9126.45,9126.45,9107.05,9116.84,721
2026-08-26T07:00:00+00:00,9116.84,9126.55,9114.54,9115.54,332
2026-08-26T07:30:00+00:00,9115.54,9124.55,9114.04,9122.53,322
2026-08-26T08:00:00+00:00,9122.53,9125.04,9115.04,9120.54,352
2026-08-26T08:30:00+00:00,9120.54,9123.03,9114.53,9116.53,276
2026-08-26T09:00:00+00:00,9116.53,9121.04,9114.53,9116.04,223
2026-08-26T09:30:00+00:00,9116.04,9119.05,9114.05,9116.03,202
2026-08-26T10:00:00+00:00,9116.03,9117.04,9111.03,9113.04,251
2026-08-26T10:30:00+00:00,9113.04,9113.05,9107.53,9108.05,275
2026-08-26T11:00:00+00:00,9108.05,9114.05,9107.03,9110.04,229
2026-08-26T11:30:00+00:00,9110.04,9114.54,9106.54,9114.53,184
2026-08-26T12:00:00+00:00,9114.53,9129.55,9114.53,9129.55,235
2026-08-26T12:30:00+00:00,9129.55,9130.05,9113.54,9115.03,956
2026-08-26T13:00:00+00:00,9115.03,9116.05,9109.04,9114.54,431
2026-08-26T13:30:00+00:00,9114.54,9136.04,9109.04,9133.55,672
2026-08-26T14:00:00+00:00,9133.55,9135.53,9120.04,9121.04,342
2026-08-26T14:30:00+00:00,9121.04,9121.55,9108.53,9110.05,350
2026-08-26T15:00:00+00:00,9110.05,9114.04,9102.03,9105.53,306
2026-08-26T15:30:00+00:00,9105.53,9109.05,9100.05,9102.03,376
2026-08-26T16:00:00+00:00,9102.03,9102.04,9095.03,9096.05,188
2026-08-26T16:30:00+00:00,9096.05,9103.55,9094.53,9103.54,187
2026-08-26T17:00:00+00:00,9103.54,9108.05,9100.04,9106.55,228
2026-08-26T17:30:00+00:00,9106.55,9106.55,9103.54,9106.04,98
2026-08-26T18:00:00+00:00,9106.04,9108.05,9104.04,9106.55,144
2026-08-26T18:30:00+00:00,9106.55,9112.03,9104.03,9110.05,96
2026-08-26T19:00:00+00:00,9110.05,9115.05,9110.05,9112.04,127
2026-08-26T19:30:00+00:00,9112.04,9113.04,9095.04,9096.54,433
2026-08-26T20:00:00+00:00,9096.54,9109.04,9096.54,9103.05,696
2026-08-26T20:30:00+00:00,9103.05,9113.34,9102.03,9113.34,116
2026-08-26T23:30:00+00:00,9113.34,9114.59,9102.57,9108.57,335
2026-08-27T00:00:00+00:00,9108.57,9115.99,9082.98,9093.97,1424
2026-08-27T00:30:00+00:00,9093.97,9094.47,9065.97,9071.47,718
2026-08-27T01:00:00+00:00,9071.47,9080.96,9063.949999999999,9066.96,502
2026-08-27T01:30:00+00:00,9066.96,9078.96,9056.949999999999,9066.97,600
2026-08-27T02:00:00+00:00,9066.97,9067.97,9051.449999999999,9051.46,320
2026-08-27T02:30:00+00:00,9051.46,9056.97,9046.949999999999,9047.97,304
2026-08-27T03:00:00+00:00,9047.97,9055.97,9046.46,9049.96,230
2026-08-27T03:30:00+00:00,9049.96,9050.949999999999,9033.449999999999,9033.449999999999,170
2026-08-27T04:00:00+00:00,9033.449999999999,9045.97,9028.97,9029.99,213
2026-08-27T04:30:00+00:00,9029.99,9040.48,9025.47,9028.99,236
2026-08-27T05:00:00+00:00,9028.99,9029.99,9020.97,9024.99,284
2026-08-27T05:30:00+00:00,9024.99,9024.99,9017.97,9018.98,235
2026-08-27T06:00:00+00:00,9018.98,9032.39,9013.07,9031.87,656
2026-08-27T07:00:00+00:00,9031.87,9037.08,9022.07,9024.57,378
2026-08-27T07:30:00+00:00,9024.57,9026.59,9016.57,9023.08,430
2026-08-27T08:00:00+00:00,9023.08,9027.08,9019.07,9021.07,469
2026-08-27T08:30:00+00:00,9021.07,9021.58,9007.57,9007.57,296
2026-08-27T09:00:00+00:00,9007.57,9020.59,9005.57,9013.58,448
2026-08-27T09:30:00+00:00,9013.58,9017.59,9011.57,9014.07,317
2026-08-27T10:00:00+00:00,9014.07,9016.59,9008.57,9011.58,425
2026-08-27T10:30:00+00:00,9011.58,9014.58,9007.07,9014.57,282
2026-08-27T11:00:00+00:00,9014.57,9021.59,9012.57,9020.57,323
2026-08-27T11:30:00+00:00,9020.57,9031.59,9020.08,9029.58,482
2026-08-27T12:00:00+00:00,9029.58,9030.59,9023.57,9023.57,257
2026-08-27T12:30:00+00:00,9023.57,9025.59,9011.58,9013.58,446
2026-08-27T13:00:00+00:00,9013.58,9019.09,9009.08,9013.59,433
2026-08-27T13:30:00+00:00,9013.59,9017.59,9000.58,9011.09,1057
2026-08-27T14:00:00+00:00,9011.09,9014.58,9001.07,9009.58,659
2026-08-27T14:30:00+00:00,9009.58,9029.57,9007.57,9025.59,531
2026-08-27T15:00:00+00:00,9025.59,9035.06,9023.56,9033.56,390
2026-08-27T15:30:00+00:00,9033.56,9041.07,9033.06,9040.07,432
2026-08-27T16:00:00+00:00,9040.07,9041.05,9035.539999999999,9037.56,149
2026-08-27T16:30:00+00:00,9037.56,9039.539999999999,9035.55,9037.539999999999,243
2026-08-27T17:00:00+00:00,9037.539999999999,9038.59,9034.58,9037.57,152
2026-08-27T17:30:00+00:00,9037.57,9041.58,9034.59,9034.59,236
2026-08-27T18:00:00+00:00,9034.59,9036.09,9030.07,9033.58,399
2026-08-27T18:30:00+00:00,9033.58,9043.59,9033.58,9042.59,193
2026-08-27T19:00:00+00:00,9042.59,9044.58,9033.57,9034.09,334
2026-08-27T19:30:00+00:00,9034.09,9049.57,9032.57,9047.09,401
2026-08-27T20:00:00+00:00,9047.09,9047.59,9039.57,9041.08,198
2026-08-27T20:30:00+00:00,9041.08,9046.88,9026.37,9026.37,105
2026-08-27T23:30:00+00:00,9026.37,9051.62,9026.37,9044.11,163
2026-08-28T00:00:00+00:00,9044.11,9063.51,9038.02,9048.51,1126
2026-08-28T00:30:00+00:00,9048.51,9071.01,9048.51,9060.01,588
2026-08-28T01:00:00+00:00,9060.01,9073.52,9053.02,9061.5,549
2026-08-28T01:30:00+00:00,9061.5,9067.01,9050,9066,522
2026-08-28T02:00:00+00:00,9066,9066.01,9055.51,9056.02,280
2026-08-28T02:30:00+00:00,9056.02,9064.01,9054,9060.52,268
2026-08-28T03:00:00+00:00,9060.52,9077,9060.52,9072.01,218
2026-08-28T03:30:00+00:00,9072.01,9072.01,9061.5,9064.5,331
2026-08-28T04:00:00+00:00,9064.5,9080.02,9064.01,9077.52,223
2026-08-28T04:30:00+00:00,9077.52,9078.01,9068.51,9076.5,168
2026-08-28T05:00:00+00:00,9076.5,9086.02,9075.02,9085.02,220
2026-08-28T05:30:00+00:00,9085.02,9086,9079.02,9084.02,229
2026-08-28T06:00:00+00:00,9084.02,9095.1,9083.1,9089.41,524
2026-08-28T07:00:00+00:00,9089.41,9099.6,9087.91,9096.11,236
2026-08-28T07:30:00+00:00,9096.11,9099.1,9088.62,9089.11,318
2026-08-28T08:00:00+00:00,9089.11,9092.62,9081.6,9086.11,307
2026-08-28T08:30:00+00:00,9086.11,9089.61,9075.6,9083.11,324
2026-08-28T09:00:00+00:00,9083.11,9086.12,9080.11,9084.6,241
2026-08-28T09:30:00+00:00,9084.6,9088.11,9083.6,9086.62,205
2026-08-28T10:00:00+00:00,9086.62,9086.62,9079.1,9079.61,221
2026-08-28T10:30:00+00:00,9079.61,9081.62,9075.1,9075.62,239
2026-08-28T11:00:00+00:00,9075.62,9080.6,9075.6,9077.12,198
2026-08-28T11:30:00+00:00,9077.12,9081.6,9075.1,9079.6,253
2026-08-28T12:00:00+00:00,9079.6,9083.12,9077.6,9080.6,230
2026-08-28T12:30:00+00:00,9080.6,9087.62,9076.6,9084.61,278
2026-08-28T13:00:00+00:00,9084.61,9093.62,9081.62,9093.62,282
2026-08-28T13:30:00+00:00,9093.62,9101.61,9083.1,9091.62,869
2026-08-28T14:00:00+00:00,9091.62,9109.61,9064.61,9071.6,2489
2026-08-28T14:30:00+00:00,9071.6,9087.11,9069.61,9082.62,1149
2026-08-28T15:00:00+00:00,9082.62,9083.61,9066.6,9074.12,704
2026-08-28T15:30:00+00:00,9074.12,9074.62,9048.1,9049.61,1087
2026-08-28T16:00:00+00:00,9049.61,9053.1,9026.6,9031.11,929
2026-08-28T16:30:00+00:00,9031.11,9044.62,9031.11,9038.6,930
2026-08-28T17:00:00+00:00,9038.6,9043.61,9032.61,9040.62,846
2026-08-28T17:30:00+00:00,9040.62,9048.1,9039.6,9047.11,503
2026-08-28T18:00:00+00:00,9047.11,9049.12,9042.61,9044.61,539
2026-08-28T18:30:00+00:00,9044.61,9048.61,9042.62,9047.62,286
2026-08-28T19:00:00+00:00,9047.62,9053.61,9046.1,9048.62,382
2026-08-28T19:30:00+00:00,9048.62,9052.62,9043.6,9048.62,392
2026-08-28T20:00:00+00:00,9048.62,9051.62,9048.11,9050.11,158
2026-08-28T20:30:00+00:00,9050.11,9053.62,9049.1,9053.62,86
2026-08-30T23:30:00+00:00,9053.62,9060.88,9040.37,9057.38,391
2026-08-31T00:00:00+00:00,9057.38,9087.78,9055.27,9086.77,1889
2026-08-31T00:30:00+00:00,9086.77,9102.27,9081.26,9086.28,740
2026-08-31T01:00:00+00:00,9086.28,9125.27,9084.76,9114.28,1031
2026-08-31T01:30:00+00:00,9114.28,9114.28,9089.76,9090.26,611
2026-08-31T02:00:00+00:00,9090.26,9098.27,9084.27,9088.77,559
2026-08-31T02:30:00+00:00,9088.77,9097.28,9085.28,9097.26,462
2026-08-31T03:00:00+00:00,9097.26,9101.78,9092.26,9096.76,313
2026-08-31T03:30:00+00:00,9096.76,9096.78,9080.77,9082.27,237
2026-08-31T04:00:00+00:00,9082.27,9083.27,9075.27,9078.26,215
2026-08-31T04:30:00+00:00,9078.26,9078.27,9065.26,9069.76,275
2026-08-31T05:00:00+00:00,9069.76,9078.78,9069.27,9078.27,256
2026-08-31T05:30:00+00:00,9078.27,9081.26,9071.27,9078.78,328
2026-08-31T06:00:00+00:00,9078.78,9079.88,9056.88,9070.17,754
2026-08-31T07:00:00+00:00,9070.17,9078.36,9066.87,9073.87,195
2026-08-31T07:30:00+00:00,9073.87,9083.87,9072.36,9083.87,261
2026-08-31T08:00:00+00:00,9083.87,9090.38,9082.86,9085.36,326
2026-08-31T08:30:00+00:00,9085.36,9087.88,9081.36,9083.36,140
2026-08-31T09:00:00+00:00,9083.36,9088.88,9080.37,9083.37,147
2026-08-31T09:30:00+00:00,9083.37,9084.87,9076.86,9077.87,132
2026-08-31T10:00:00+00:00,9077.87,9078.88,9071.86,9075.87,211
2026-08-31T10:30:00+00:00,9075.87,9083.38,9073.86,9081.37,129
2026-08-31T11:00:00+00:00,9081.37,9092.37,9081.37,9089.87,194
2026-08-31T11:30:00+00:00,9089.87,9089.88,9081.86,9087.88,184
2026-08-31T12:00:00+00:00,9087.88,9092.87,9075.86,9077.87,535
2026-08-31T12:30:00+00:00,9077.87,9077.88,9066.86,9071.86,417
2026-08-31T13:00:00+00:00,9071.86,9076.87,9069.86,9071.86,261
2026-08-31T13:30:00+00:00,9071.86,9071.86,9041.36,9043.38,519
2026-08-31T14:00:00+00:00,9043.38,9049.87,9035.87,9037.88,414
2026-08-31T14:30:00+00:00,9037.88,9057.37,9037.38,9052.86,399
2026-08-31T15:00:00+00:00,9052.86,9058.38,9043.86,9046.88,409
2026-08-31T15:30:00+00:00,9046.88,9047.88,9038.87,9038.87,394
2026-08-31T16:00:00+00:00,9038.87,9044.88,9037.88,9042.86,317
2026-08-31T16:30:00+00:00,9042.86,9043.87,9036.86,9038.37,170
2026-08-31T17:00:00+00:00,9038.37,9038.88,9033.87,9034.88,190
2026-08-31T17:30:00+00:00,9034.88,9042.37,9033.86,9038.86,213
2026-08-31T18:00:00+00:00,9038.86,9040.87,9036.86,9037.37,229
2026-08-31T18:30:00+00:00,9037.37,9039.88,9032.86,9039.37,109
2026-08-31T19:00:00+00:00,9039.37,9042.88,9038.86,9042.36,71
2026-08-31T19:30:00+00:00,9042.36,9052.87,9041.86,9046.38,221
2026-08-31T20:00:00+00:00,9046.38,9048.88,9044.88,9046.38,132
2026-08-31T20:30:00+00:00,9046.38,9051.67,9045.87,9051.67,62
2026-08-31T23:30:00+00:00,9051.67,9051.67,9016.33,9024.82,141
2026-09-01T00:00:00+00:00,9024.82,9041.74,9023.24,9037.23,1182
2026-09-01T00:30:00+00:00,9037.23,9052.74,9029.23,9033.72,641
2026-09-01T01:00:00+00:00,9033.72,9033.72,9019.72,9020.72,446
2026-09-01T01:30:00+00:00,9020.72,9037.23,9015.72,9037.23,362
2026-09-01T02:00:00+00:00,9037.23,9045.74,9034.72,9043.23,345
2026-09-01T02:30:00+00:00,9043.23,9053.24,9037.72,9044.72,330
2026-09-01T03:00:00+00:00,9044.72,9048.73,9033.74,9033.74,230
2026-09-01T03:30:00+00:00,9033.74,9038.24,9027.74,9027.74,239
2026-09-01T04:00:00+00:00,9027.74,9037.74,9027.72,9034.74,198
2026-09-01T04:30:00+00:00,9034.74,9046.23,9034.24,9039.23,207
2026-09-01T05:00:00+00:00,9039.23,9049.23,9038.22,9048.22,223
2026-09-01T05:30:00+00:00,9048.22,9066.74,9047.74,9064.24,333
2026-09-01T06:00:00+00:00,9064.24,9068.32,9048.82,9049.63,431
2026-09-01T07:00:00+00:00,9049.63,9062.32,9042.84,9052.33,283
2026-09-01T07:30:00+00:00,9052.33,9052.84,9037.83,9047.83,672
2026-09-01T08:00:00+00:00,9047.83,9051.34,9011.33,9011.84,1511
2026-09-01T08:30:00+00:00,9011.84,9012.83,8990.32,8998.84,1129
2026-09-01T09:00:00+00:00,8998.84,9009.34,8998.33,9006.32,980
2026-09-01T09:30:00+00:00,9006.32,9009.34,8999.32,9001.33,624
2026-09-01T10:00:00+00:00,9001.33,9023.84,8999.32,9021.82,584
2026-09-01T10:30:00+00:00,9021.82,9025.84,9016.32,9020.33,612
2026-09-01T11:00:00+00:00,9020.33,9023.33,9014.84,9022.33,535
2026-09-01T11:30:00+00:00,9022.33,9037.34,9021.84,9025.32,463
2026-09-01T12:00:00+00:00,9025.32,9033.84,9020.83,9032.34,579
2026-09-01T12:30:00+00:00,9032.34,9038.34,9028.32,9034.33,673
2026-09-01T13:00:00+00:00,9034.33,9035.32,9020.33,9031.34,547
2026-09-01T13:30:00+00:00,9031.34,9039.33,9017.33,9026.64,862
2026-09-01T14:00:00+00:00,9026.64,9040.83,9018.32,9031.84,677
2026-09-01T14:30:00+00:00,9031.84,9035.82,9010.82,9014.34,482
2026-09-01T15:00:00+00:00,9014.34,9016.34,9001.83,9011.32,398
2026-09-01T15:30:00+00:00,9011.32,9011.34,9002.32,9004.32,436
2026-09-01T16:00:00+00:00,9004.32,9006.84,8979.33,8981.33,690
2026-09-01T16:30:00+00:00,8981.33,8988.34,8976.32,8986.34,731
2026-09-01T17:00:00+00:00,8986.34,8986.84,8977.33,8984.82,519
2026-09-01T17:30:00+00:00,8984.82,8986.34,8976.32,8977.34,402
2026-09-01T18:00:00+00:00,8977.34,8978.33,8960.32,8969.32,377
2026-09-01T18:30:00+00:00,8969.32,8969.34,8954.32,8963.34,392
2026-09-01T19:00:00+00:00,8963.34,8973.33,8962.32,8970.33,507
2026-09-01T19:30:00+00:00,8970.33,8970.33,8962.32,8967.34,448
2026-09-01T20:00:00+00:00,8967.34,8970.83,8965.84,8969.33,146
2026-09-01T20:30:00+00:00,8969.33,8971.33,8967.82,8970.64,105
2026-09-01T23:30:00+00:00,8970.64,8970.64,8956.6,8963.59,199
2026-09-02T00:00:00+00:00,8963.59,8967.5,8941,8941,1694
2026-09-02T00:30:00+00:00,8941,8952.48,8928.98,8929.49,633
2026-09-02T01:00:00+00:00,8929.49,8959,8926.5,8958.5,819
2026-09-02T01:30:00+00:00,8958.5,8967,8942.49,8957.99,1050
2026-09-02T02:00:00+00:00,8957.99,8970,8956.98,8967.5,606
2026-09-02T02:30:00+00:00,8967.5,8970,8950.48,8954.49,473
2026-09-02T03:00:00+00:00,8954.49,8965,8952.49,8955,456
2026-09-02T03:30:00+00:00,8955,8956,8947,8955.99,297
2026-09-02T04:00:00+00:00,8955.99,8964,8954.48,8961,288
2026-09-02T04:30:00+00:00,8961,8969,8960,8964.5,277
2026-09-02T05:00:00+00:00,8964.5,8976.99,8964.48,8976.99,292
2026-09-02T05:30:00+00:00,8976.99,8984,8965.98,8967.49,424
2026-09-02T06:00:00+00:00,8967.49,8976.6,8964.58,8973.39,496
2026-09-02T07:00:00+00:00,8973.39,8998.08,8973.39,8981.58,433
2026-09-02T07:30:00+00:00,8981.58,8985.1,8971.08,8971.1,580
2026-09-02T08:00:00+00:00,8971.1,8978.1,8968.58,8973.1,776
2026-09-02T08:30:00+00:00,8973.1,8977.6,8965.08,8966.59,403
2026-09-02T09:00:00+00:00,8966.59,8972.59,8960.58,8961.58,629
2026-09-02T09:30:00+00:00,8961.58,8962.59,8953.6,8961.08,432
2026-09-02T10:00:00+00:00,8961.08,8961.1,8953.58,8958.59,478
2026-09-02T10:30:00+00:00,8958.59,8959.1,8953.58,8959.08,345
2026-09-02T11:00:00+00:00,8959.08,8976.58,8953.59,8973.1,877
2026-09-02T11:30:00+00:00,8973.1,8988.1,8972.58,8988.09,534
2026-09-02T12:00:00+00:00,8988.09,8992.1,8975.09,8978.6,792
2026-09-02T12:30:00+00:00,8978.6,8985.6,8976.59,8977.1,484
2026-09-02T13:00:00+00:00,8977.1,9002.6,8977.1,8999.59,632
2026-09-02T13:30:00+00:00,8999.59,9010.1,8992.09,9008.59,870
2026-09-02T14:00:00+00:00,9008.59,9016.1,9005.59,9007.59,956
2026-09-02T14:30:00+00:00,9007.59,9013.58,8999.6,9000.59,632
2026-09-02T15:00:00+00:00,9000.59,9002.6,8991.59,8997.59,508
2026-09-02T15:30:00+00:00,8997.59,8999.6,8991.08,8995.08,511
2026-09-02T16:00:00+00:00,8995.08,8997.6,8993.58,8994.59,315
2026-09-02T16:30:00+00:00,8994.59,9003.58,8994.59,9002.58,235
2026-09-02T17:00:00+00:00,9002.58,9007.6,9002.09,9002.6,199
2026-09-02T17:30:00+00:00,9002.6,9006.6,8999.58,9002.6,246
2026-09-02T18:00:00+00:00,9002.6,9009.58,8998.08,9001.6,357
2026-09-02T18:30:00+00:00,9001.6,9002.59,8993.58,8995.6,232
2026-09-02T19:00:00+00:00,8995.6,9000.1,8993.59,8999.08,217
2026-09-02T19:30:00+00:00,8999.08,9010.6,8998.59,9010.09,309
2026-09-02T20:00:00+00:00,9010.09,9012.6,9006.59,9010.59,262
2026-09-02T20:30:00+00:00,9010.59,9011.1,9007.1,9008.4,82
2026-09-02T23:30:00+00:00,9008.4,9008.4,8955.99,8955.99,290
2026-09-03T00:00:00+00:00,8955.99,8984.89,8955.99,8971.38,983
2026-09-03T00:30:00+00:00,8971.38,8981.9,8959.88,8970.4,487
2026-09-03T01:00:00+00:00,8970.4,8975.4,8962.89,8974.38,442
2026-09-03T01:30:00+00:00,8974.38,8991.4,8974.38,8991.38,225
2026-09-03T02:00:00+00:00,8991.38,9008.9,8990.88,9008.9,206
2026-09-03T02:30:00+00:00,9008.9,9017.89,9001.89,9016.89,195
2026-09-03T03:00:00+00:00,9016.89,9020.9,9007.88,9007.88,191
2026-09-03T03:30:00+00:00,9007.88,9013.88,9006.88,9012.4,174
2026-09-03T04:00:00+00:00,9012.4,9013.4,9000.9,9004.89,271
2026-09-03T04:30:00+00:00,9004.89,9012.39,9000.88,9007.38,171
2026-09-03T05:00:00+00:00,9007.38,9008.9,8994.38,8994.89,233
2026-09-03T05:30:00+00:00,8994.89,9008.39,8994.39,9006.38,605
2026-09-03T06:00:00+00:00,9006.38,9017.49,9005.48,9014.29,516
2026-09-03T07:00:00+00:00,9014.29,9014.29,8990.5,8997,324
2026-09-03T07:30:00+00:00,8997,9006.99,8995,9000.48,573
2026-09-03T08:00:00+00:00,9000.48,9019.49,8999.48,9015.48,1473
2026-09-03T08:30:00+00:00,9015.48,9016,9009.48,9009.49,511
2026-09-03T09:00:00+00:00,9009.49,9014.5,9004.98,9008,453
2026-09-03T09:30:00+00:00,9008,9011,9001.48,9002.99,454
2026-09-03T10:00:00+00:00,9002.99,9006.5,8994.99,8997.49,431
2026-09-03T10:30:00+00:00,8997.49,9005.5,8995,9000.98,343
2026-09-03T11:00:00+00:00,9000.98,9017.99,9000.98,9012.48,727
2026-09-03T11:30:00+00:00,9012.48,9016.5,9005.98,9013,389
2026-09-03T12:00:00+00:00,9013,9020.5,9010.98,9019.49,381
2026-09-03T12:30:00+00:00,9019.49,9047.5,9019.49,9040.5,1004
2026-09-03T13:00:00+00:00,9040.5,9045.5,9037.48,9044.5,484
2026-09-03T13:30:00+00:00,9044.5,9046.48,9022.5,9032.99,860
2026-09-03T14:00:00+00:00,9032.99,9034.48,9011.48,9013.99,781
2026-09-03T14:30:00+00:00,9013.99,9027.49,9009,9027.49,753
2026-09-03T15:00:00+00:00,9027.49,9044.5,9027.48,9044.5,532
2026-09-03T15:30:00+00:00,9044.5,9045.49,9035.49,9037.99,409
2026-09-03T16:00:00+00:00,9037.99,9041.5,9034.5,9039,250
2026-09-03T16:30:00+00:00,9039,9041.5,9035.98,9037.5,198
2026-09-03T17:00:00+00:00,9037.5,9040.48,9035.98,9040.48,145
2026-09-03T17:30:00+00:00,9040.48,9046.5,9040.48,9043.49,167
2026-09-03T18:00:00+00:00,9043.49,9046.5,9042.48,9043.48,147
2026-09-03T18:30:00+00:00,9043.48,9043.48,9039.48,9040.49,110
2026-09-03T19:00:00+00:00,9040.49,9042.5,9039.48,9040.98,85
2026-09-03T19:30:00+00:00,9040.98,9044.5,9038.98,9042.5,211
2026-09-03T20:00:00+00:00,9042.5,9042.5,9034.98,9035.49,88
2026-09-03T20:30:00+00:00,9035.49,9038.8,9032.98,9038.8,62
2026-09-03T23:30:00+00:00,9038.8,9045.1,9038.6,9043.59,128
2026-09-04T00:00:00+00:00,9043.59,9050.49,9020.48,9027.48,1207
2026-09-04T00:30:00+00:00,9027.48,9031.49,9015.49,9022.99,404
2026-09-04T01:00:00+00:00,9022.99,9029,9003.99,9011.5,560
2026-09-04T01:30:00+00:00,9011.5,9012.99,8996.98,9000.99,436
2026-09-04T02:00:00+00:00,9000.99,9007,9000.99,9001.49,243
2026-09-04T02:30:00+00:00,9001.49,9005.48,8993,9003.99,316
2026-09-04T03:00:00+00:00,9003.99,9006.49,8995.48,8995.98,175
2026-09-04T03:30:00+00:00,8995.98,9001.99,8991.98,8994.48,188
2026-09-04T04:00:00+00:00,8994.48,8997.5,8990.98,8997,189
2026-09-04T04:30:00+00:00,8997,9002,8994.98,9001.99,151
2026-09-04T05:00:00+00:00,9001.99,9003.99,8999,9001.99,180
2026-09-04T05:30:00+00:00,9001.99,9016,9001.98,9009.98,266
2026-09-04T06:00:00+00:00,9009.98,9009.98,8996.6,9003.88,384
2026-09-04T07:00:00+00:00,9003.88,9003.88,8988.1,8999.08,318
2026-09-04T07:30:00+00:00,8999.08,9009.59,8998.6,9001.58,371
2026-09-04T08:00:00+00:00,9001.58,9002.59,8988.58,8990.59,381
2026-09-04T08:30:00+00:00,8990.59,9002.1,8990.59,9001.09,433
2026-09-04T09:00:00+00:00,9001.09,9004.1,8995.59,8997.58,395
2026-09-04T09:30:00+00:00,8997.58,8999.09,8993.59,8995.6,245
2026-09-04T10:00:00+00:00,8995.6,9000.58,8991.59,8991.59,357
2026-09-04T10:30:00+00:00,8991.59,8993.6,8984.58,8993.59,242
2026-09-04T11:00:00+00:00,8993.59,8995.1,8987.6,8988.58,208
2026-09-04T11:30:00+00:00,8988.58,8993.08,8987.59,8990.6,171
2026-09-04T12:00:00+00:00,8990.6,8992.6,8983.6,8990.59,717
2026-09-04T12:30:00+00:00,8990.59,8990.9,8952.1,8972.59,1849
2026-09-04T13:00:00+00:00,8972.59,8977.1,8966.08,8976.08,885
2026-09-04T13:30:00+00:00,8976.08,8992.1,8973.58,8980.08,853
2026-09-04T14:00:00+00:00,8980.08,8997.59,8980.08,8997.09,618
2026-09-04T14:30:00+00:00,8997.09,9000.58,8980.58,8987.6,544
2026-09-04T15:00:00+00:00,8987.6,8998.6,8984.58,8992.08,540
2026-09-04T15:30:00+00:00,8992.08,9001.6,8989.58,8998.1,516
2026-09-04T16:00:00+00:00,8998.1,9008.1,8998.09,9004.6,209
2026-09-04T16:30:00+00:00,9004.6,9006.6,9001.58,9001.59,232
2026-09-04T17:00:00+00:00,9001.59,9005.59,8998.58,9000.6,278
2026-09-04T17:30:00+00:00,9000.6,9001.59,8992.58,8993.09,235
2026-09-04T18:00:00+00:00,8993.09,8999.59,8992.1,8996.6,177
2026-09-04T18:30:00+00:00,8996.6,8998.6,8994.58,8995.59,167
2026-09-04T19:00:00+00:00,8995.59,9000.1,8992.59,8998.1,169
2026-09-04T19:30:00+00:00,8998.1,9000.6,8997.09,9000.59,154
2026-09-04T20:00:00+00:00,9000.59,9000.6,8995.59,8998.09,73
2026-09-04T20:30:00+00:00,8998.09,8998.6,8996.58,8998.59,64
2026-09-06T23:30:00+00:00,8998.59,9004.04,8993.02,8994.04,115
2026-09-07T00:00:00+00:00,8994.04,9042.94,8994.04,9034.42,876
2026-09-07T00:30:00+00:00,9034.42,9039.93,9021.92,9024.93,447
2026-09-07T01:00:00+00:00,9024.93,9033.44,9008.42,9008.42,393
2026-09-07T01:30:00+00:00,9008.42,9012.43,9000.44,9005.44,321
2026-09-07T02:00:00+00:00,9005.44,9009.42,9002.42,9006.42,372
2026-09-07T02:30:00+00:00,9006.42,9009.42,8999.92,9002.42,291
2026-09-07T03:00:00+00:00,9002.42,9015.44,8997.44,9011.43,247
2026-09-07T03:30:00+00:00,9011.43,9012.94,9001.43,9005.93,253
2026-09-07T04:00:00+00:00,9005.93,9006.44,8996.44,9000.42,201
2026-09-07T04:30:00+00:00,9000.42,9004.44,8993.42,9003.42,195
2026-09-07T05:00:00+00:00,9003.42,9010.43,8999.44,9009.93,258
2026-09-07T05:30:00+00:00,9009.93,9012.94,9002.42,9003.93,241
2026-09-07T06:00:00+00:00,9003.93,9006.02,8995.02,9000.32,444
2026-09-07T07:00:00+00:00,9000.32,9011.02,8990.54,8991.02,337
2026-09-07T07:30:00+00:00,8991.02,8997.02,8978.04,8996.52,574
2026-09-07T08:00:00+00:00,8996.52,9003.52,8992.52,9001.02,451
2026-09-07T08:30:00+00:00,9001.02,9004.04,8995.02,8997.52,269
2026-09-07T09:00:00+00:00,8997.52,8999.53,8994.52,8999.03,233
2026-09-07T09:30:00+00:00,8999.03,9003.04,8998.02,9000.03,127
2026-09-07T10:00:00+00:00,9000.03,9003.04,8998.02,9000.04,165
2026-09-07T10:30:00+00:00,9000.04,9003.03,8994.02,8999.52,410
2026-09-07T11:00:00+00:00,8999.52,8999.52,8990.02,8995.04,300
2026-09-07T11:30:00+00:00,8995.04,8996.04,8989.02,8993.54,242
2026-09-07T12:00:00+00:00,8993.54,8999.53,8993.02,8996.03,239
2026-09-07T12:30:00+00:00,8996.03,9006.02,8996.03,9002.53,168
2026-09-07T13:00:00+00:00,9002.53,9006.53,9000.02,9003.02,172
2026-09-07T13:30:00+00:00,9003.02,9005.52,8996.02,9000.52,204
2026-09-07T14:00:00+00:00,9000.52,9003.04,8996.02,9003.04,211
2026-09-07T14:30:00+00:00,9003.04,9003.53,8997.02,8997.02,205
2026-09-07T15:00:00+00:00,8997.02,8999.54,8993.52,8995.53,223
2026-09-07T15:30:00+00:00,8995.53,8999.04,8994.02,8996.03,151
2026-09-07T16:00:00+00:00,8996.03,8998.54,8995.02,8996.03,77
2026-09-07T16:30:00+00:00,8996.03,8996.04,8993.52,8996.02,62
2026-09-07T17:00:00+00:00,8996.02,8996.03,8995.02,8995.02,16
2026-09-07T17:30:00+00:00,8995.02,8997.04,8995.02,8995.53,22
2026-09-07T18:00:00+00:00,8995.53,8995.54,8994.52,8994.54,12
2026-09-07T18:30:00+00:00,8994.54,8994.54,8993.02,8993.04,14
2026-09-07T19:00:00+00:00,8993.04,8993.04,8993.02,8993.04,13
2026-09-07T19:30:00+00:00,8993.04,8994.04,8992.03,8993.02,23
2026-09-07T20:00:00+00:00,8993.02,8993.54,8993.02,8993.52,8
2026-09-07T20:30:00+00:00,8993.52,8994.32,8993.02,8994.32,14
2026-09-07T23:30:00+00:00,8994.32,8999.83,8986.33,8995.83,153
2026-09-08T00:00:00+00:00,8995.83,9000.25,8953.73,8959.74,915
2026-09-08T00:30:00+00:00,8959.74,8963.24,8933.73,8948.24,710
2026-09-08T01:00:00+00:00,8948.24,8956.75,8925.75,8951.23,694
2026-09-08T01:30:00+00:00,8951.23,8975.75,8944.75,8974.74,528
2026-09-08T02:00:00+00:00,8974.74,8981.73,8952.73,8954.73,460
2026-09-08T02:30:00+00:00,8954.73,8956.74,8941.74,8945.24,333
2026-09-08T03:00:00+00:00,8945.24,8956.25,8941.73,8955.25,308
2026-09-08T03:30:00+00:00,8955.25,8955.74,8938.73,8938.75,284
2026-09-08T04:00:00+00:00,8938.75,8942.75,8932.73,8935.73,189
2026-09-08T04:30:00+00:00,8935.73,8939.75,8926.73,8926.73,191
2026-09-08T05:00:00+00:00,8926.73,8929.74,8920.73,8922.23,306
2026-09-08T05:30:00+00:00,8922.23,8922.23,8906.74,8909.23,367
2026-09-08T06:00:00+00:00,8909.23,8915.34,8899.34,8909.63,831
2026-09-08T07:00:00+00:00,8909.63,8922.35,8905.34,8907.84,462
2026-09-08T07:30:00+00:00,8907.84,8911.85,8892.33,8894.35,725
2026-09-08T08:00:00+00:00,8894.35,8896.35,8885.33,8891.33,883
2026-09-08T08:30:00+00:00,8891.33,8895.33,8884.34,8893.84,1089
2026-09-08T09:00:00+00:00,8893.84,8905.34,8890.34,8905.34,646
2026-09-08T09:30:00+00:00,8905.34,8913.35,8901.33,8913.34,481
2026-09-08T10:00:00+00:00,8913.34,8917.33,8901.33,8906.83,538
2026-09-08T10:30:00+00:00,8906.83,8914.35,8903.83,8908.35,440
2026-09-08T11:00:00+00:00,8908.35,8914.34,8902.83,8910.83,427
2026-09-08T11:30:00+00:00,8910.83,8927.35,8910.34,8926.34,418
2026-09-08T12:00:00+00:00,8926.34,8928.35,8916.85,8925.34,578
2026-09-08T12:30:00+00:00,8925.34,8938.34,8923.34,8938.34,539
2026-09-08T13:00:00+00:00,8938.34,8942.84,8933.33,8935.35,570
2026-09-08T13:30:00+00:00,8935.35,8944.34,8919.35,8936.33,895
2026-09-08T14:00:00+00:00,8936.33,8939.35,8917.83,8918.83,895
2026-09-08T14:30:00+00:00,8918.83,8942.34,8918.83,8941.84,533
2026-09-08T15:00:00+00:00,8941.84,8947.35,8938.33,8942.33,542
2026-09-08T15:30:00+00:00,8942.33,8950.35,8938.35,8938.35,345
2026-09-08T16:00:00+00:00,8938.35,8941.35,8932.83,8939.84,346
2026-09-08T16:30:00+00:00,8939.84,8940.35,8929.34,8934.83,391
2026-09-08T17:00:00+00:00,8934.83,8942.84,8933.83,8936.34,358
2026-09-08T17:30:00+00:00,8936.34,8940.34,8933.85,8938.33,262
2026-09-08T18:00:00+00:00,8938.33,8942.35,8937.83,8939.34,239
2026-09-08T18:30:00+00:00,8939.34,8939.34,8920.83,8926.34,752
2026-09-08T19:00:00+00:00,8926.34,8932.83,8923.34,8932.83,379
2026-09-08T19:30:00+00:00,8932.83,8936.35,8924.33,8928.83,675
2026-09-08T20:00:00+00:00,8928.83,8929.83,8925.33,8925.84,147
2026-09-08T20:30:00+00:00,8925.84,8928.35,8924.33,8927.14,112
2026-09-08T23:30:00+00:00,8927.14,8927.14,8914.19,8922.2,194
2026-09-09T00:00:00+00:00,8922.2,8945.6,8910.1,8914.09,1074
2026-09-09T00:30:00+00:00,8914.09,8917.61,8888.6,8892.6,562
2026-09-09T01:00:00+00:00,8892.6,8903.61,8885.59,8898.1,553
2026-09-09T01:30:00+00:00,8898.1,8902.6,8889.6,8894.6,456
2026-09-09T02:00:00+00:00,8894.6,8894.61,8892.11,8892.11,9
